congressional_district_geoid,state_fips,state,reform_type,cost,poverty_pct_cut,child_poverty_pct_cut,poverty_gap_pct_cut,gini_index_pct_cut,baseline_poverty_count,reform_poverty_count,population,baseline_child_poverty_count,reform_child_poverty_count,child_population
101,1,AL,CTCs,0.0,-0.0,-0.0,-0.0,-0.0,104886.2265625,104886.2265625,724511.0625,39285.4140625,39285.4140625,183230.265625
101,1,AL,CTCs and EITCs,0.0,-0.0,-0.0,-0.0,-0.0,104886.2265625,104886.2265625,724511.0625,39285.4140625,39285.4140625,183230.265625
101,1,AL,EITCs,0.0,-0.0,-0.0,-0.0,-0.0,104886.2265625,104886.2265625,724511.0625,39285.4140625,39285.4140625,183230.265625
102,1,AL,CTCs,0.0,-0.0,-0.0,-0.0,-0.0,84139.234375,84139.234375,723504.625,40451.00390625,40451.00390625,186615.375
102,1,AL,CTCs and EITCs,0.0,-0.0,-0.0,-0.0,-0.0,84139.234375,84139.234375,723504.625,40451.00390625,40451.00390625,186615.375
102,1,AL,EITCs,0.0,-0.0,-0.0,-0.0,-0.0,84139.234375,84139.234375,723504.625,40451.00390625,40451.00390625,186615.375
103,1,AL,CTCs,0.0,-0.0,-0.0,-0.0,-0.0,80876.2109375,80876.2109375,725114.25,28164.849609375,28164.849609375,217827.8125
103,1,AL,CTCs and EITCs,0.0,-0.0,-0.0,-0.0,-0.0,80876.2109375,80876.2109375,725114.25,28164.849609375,28164.849609375,217827.8125
103,1,AL,EITCs,0.0,-0.0,-0.0,-0.0,-0.0,80876.2109375,80876.2109375,725114.25,28164.849609375,28164.849609375,217827.8125
104,1,AL,CTCs,0.0,-0.0,-0.0,-0.0,-0.0,97835.8828125,97835.8828125,723852.5,16855.162109375,16855.162109375,132695.078125
104,1,AL,CTCs and EITCs,0.0,-0.0,-0.0,-0.0,-0.0,97835.8828125,97835.8828125,723852.5,16855.162109375,16855.162109375,132695.078125
104,1,AL,EITCs,0.0,-0.0,-0.0,-0.0,-0.0,97835.8828125,97835.8828125,723852.5,16855.162109375,16855.162109375,132695.078125
105,1,AL,CTCs,0.0,-0.0,-0.0,-0.0,-0.0,82240.109375,82240.109375,725225.5625,18032.6953125,18032.6953125,165247.90625
105,1,AL,CTCs and EITCs,0.0,-0.0,-0.0,-0.0,-0.0,82240.109375,82240.109375,725225.5625,18032.6953125,18032.6953125,165247.90625
105,1,AL,EITCs,0.0,-0.0,-0.0,-0.0,-0.0,82240.109375,82240.109375,725225.5625,18032.6953125,18032.6953125,165247.90625
106,1,AL,CTCs,0.0,-0.0,-0.0,-0.0,-0.0,102046.6953125,102046.6953125,725800.125,26068.28515625,26068.28515625,147827.375
106,1,AL,CTCs and EITCs,0.0,-0.0,-0.0,-0.0,-0.0,102046.6953125,102046.6953125,725800.125,26068.28515625,26068.28515625,147827.375
106,1,AL,EITCs,0.0,-0.0,-0.0,-0.0,-0.0,102046.6953125,102046.6953125,725800.125,26068.28515625,26068.28515625,147827.375
107,1,AL,CTCs,0.0,-0.0,-0.0,-0.0,-0.0,103629.2890625,103629.2890625,724329.0625,20059.900390625,20059.900390625,213825.171875
107,1,AL,CTCs and EITCs,0.0,-0.0,-0.0,-0.0,-0.0,103629.2890625,103629.2890625,724329.0625,20059.900390625,20059.900390625,213825.171875
107,1,AL,EITCs,0.0,-0.0,-0.0,-0.0,-0.0,103629.2890625,103629.2890625,724329.0625,20059.900390625,20059.900390625,213825.171875
200,2,AK,CTCs,0.0,-0.0,-0.0,-0.0,-0.0,54086.93359375,54086.93359375,740500.0,19801.892578125,19801.892578125,194005.96875
200,2,AK,CTCs and EITCs,0.0,-0.0,-0.0,-0.0,-0.0,54086.93359375,54086.93359375,740500.0,19801.892578125,19801.892578125,194005.96875
200,2,AK,EITCs,0.0,-0.0,-0.0,-0.0,-0.0,54086.93359375,54086.93359375,740500.0,19801.892578125,19801.892578125,194005.96875
401,4,AZ,CTCs,14979072.0,0.0030581331811845303,0.0036056037060916424,0.0010354550693358765,0.0005709556542935318,56236.671875,56409.18359375,800825.5625,22687.25390625,22769.3515625,187661.28125
401,4,AZ,CTCs and EITCs,14979072.0,0.0030581331811845303,0.0036056037060916424,0.0010354550693358765,0.0005709556542935318,56236.671875,56409.18359375,800825.5625,22687.25390625,22769.3515625,187661.28125
401,4,AZ,EITCs,0.0,-0.0,-0.0,-0.0,-0.0,56236.671875,56236.671875,800825.5625,22687.25390625,22687.25390625,187661.28125
402,4,AZ,CTCs,13074432.0,0.0015689507126808167,0.0008235491113737226,0.003851887689044618,0.0006691370445390445,161005.375,161258.375,802712.5,76738.65625,76801.90625,237688.71875
402,4,AZ,CTCs and EITCs,13074432.0,0.0015689507126808167,0.0008235491113737226,0.003851887689044618,0.0006691370445390445,161005.375,161258.375,802712.5,76738.65625,76801.90625,237688.71875
402,4,AZ,EITCs,0.0,-0.0,-0.0,-0.0,-0.0,161005.375,161005.375,802712.5,76738.65625,76738.65625,237688.71875
403,4,AZ,CTCs,11137024.0,0.0022163954563438892,0.005014288239181042,0.00036435225092502053,0.0002214612030894432,117326.65625,117587.28125,802731.125,34476.578125,34650.32421875,178373.890625
403,4,AZ,CTCs and EITCs,11137024.0,0.0022163954563438892,0.005014288239181042,0.00036435225092502053,0.0002214612030894432,117326.65625,117587.28125,802731.125,34476.578125,34650.32421875,178373.890625
403,4,AZ,EITCs,0.0,-0.0,-0.0,-0.0,-0.0,117326.65625,117326.65625,802731.125,34476.578125,34476.578125,178373.890625
404,4,AZ,CTCs,9662464.0,0.013654666021466255,0.01908927969634533,0.0001460366299257647,0.00029432115978550054,55164.76171875,55928.4453125,803001.75,28363.419921875,28915.39453125,140255.09375
404,4,AZ,CTCs and EITCs,9662464.0,0.013654666021466255,0.01908927969634533,0.0001460366299257647,0.00029432115978550054,55164.76171875,55928.4453125,803001.75,28363.419921875,28915.39453125,140255.09375
404,4,AZ,EITCs,0.0,-0.0,-0.0,-0.0,-0.0,55164.76171875,55164.76171875,803001.75,28363.419921875,28363.419921875,140255.09375
405,4,AZ,CTCs,14837760.0,0.0013679402181878686,0.002186124213039875,0.0002727911604789067,0.0007199441550324474,91060.109375,91184.84375,802459.125,34160.796875,34235.640625,231586.71875
405,4,AZ,CTCs and EITCs,14837760.0,0.0013679402181878686,0.002186124213039875,0.0002727911604789067,0.0007199441550324474,91060.109375,91184.84375,802459.125,34160.796875,34235.640625,231586.71875
405,4,AZ,EITCs,0.0,-0.0,-0.0,-0.0,-0.0,91060.109375,91060.109375,802459.125,34160.796875,34160.796875,231586.71875
406,4,AZ,CTCs,15515648.0,-0.0,-0.0,1.9814925794641104e-05,0.0007506821050589469,46731.734375,46731.734375,801703.125,9191.671875,9191.671875,197605.46875
406,4,AZ,CTCs and EITCs,15515648.0,-0.0,-0.0,1.9814925794641104e-05,0.0007506821050589469,46731.734375,46731.734375,801703.125,9191.671875,9191.671875,197605.46875
406,4,AZ,EITCs,0.0,-0.0,-0.0,-0.0,-0.0,46731.734375,46731.734375,801703.125,9191.671875,9191.671875,197605.46875
407,4,AZ,CTCs,21391360.0,-0.0,-0.0,0.000815915481062366,0.0006081698845003121,89771.359375,89771.359375,803758.75,24911.59765625,24911.59765625,264846.65625
407,4,AZ,CTCs and EITCs,21391360.0,-0.0,-0.0,0.000815915481062366,0.0006081698845003121,89771.359375,89771.359375,803758.75,24911.59765625,24911.59765625,264846.65625
407,4,AZ,EITCs,0.0,-0.0,-0.0,-0.0,-0.0,89771.359375,89771.359375,803758.75,24911.59765625,24911.59765625,264846.65625
408,4,AZ,CTCs,12316672.0,0.21589404344558716,0.6732445955276489,0.003154231850426051,0.0005500854744748865,46203.25390625,58924.76171875,800486.0,4113.2763671875,12588.244140625,123045.0625
408,4,AZ,CTCs and EITCs,12316672.0,0.21589404344558716,0.6732445955276489,0.003154231850426051,0.0005500854744748865,46203.25390625,58924.76171875,800486.0,4113.2763671875,12588.244140625,123045.0625
408,4,AZ,EITCs,0.0,-0.0,-0.0,-0.0,-0.0,46203.25390625,46203.25390625,800486.0,4113.2763671875,4113.2763671875,123045.0625
409,4,AZ,CTCs,10932224.0,-0.0,-0.0,0.0010390155915400328,0.00035819473150769485,162470.53125,162470.53125,801078.875,47628.30859375,47628.30859375,178534.1875
409,4,AZ,CTCs and EITCs,10932224.0,-0.0,-0.0,0.0010390155915400328,0.00035819473150769485,162470.53125,162470.53125,801078.875,47628.30859375,47628.30859375,178534.1875
409,4,AZ,EITCs,0.0,-0.0,-0.0,-0.0,-0.0,162470.53125,162470.53125,801078.875,47628.30859375,47628.30859375,178534.1875
501,5,AR,CTCs,0.0,-0.0,-0.0,-0.0,-0.0,43010.4375,43010.4375,759779.25,13528.8095703125,13528.8095703125,211993.46875
501,5,AR,CTCs and EITCs,0.0,-0.0,-0.0,-0.0,-0.0,43010.4375,43010.4375,759779.25,13528.8095703125,13528.8095703125,211993.46875
501,5,AR,EITCs,0.0,-0.0,-0.0,-0.0,-0.0,43010.4375,43010.4375,759779.25,13528.8095703125,13528.8095703125,211993.46875
502,5,AR,CTCs,0.0,-0.0,-0.0,-0.0,-0.0,118625.28125,118625.28125,759957.875,19962.720703125,19962.720703125,190086.0625
502,5,AR,CTCs and EITCs,0.0,-0.0,-0.0,-0.0,-0.0,118625.28125,118625.28125,759957.875,19962.720703125,19962.720703125,190086.0625
502,5,AR,EITCs,0.0,-0.0,-0.0,-0.0,-0.0,118625.28125,118625.28125,759957.875,19962.720703125,19962.720703125,190086.0625
503,5,AR,CTCs,0.0,-0.0,-0.0,-0.0,-0.0,27342.669921875,27342.669921875,760648.5,6432.412109375,6432.412109375,198558.171875
503,5,AR,CTCs and EITCs,0.0,-0.0,-0.0,-0.0,-0.0,27342.669921875,27342.669921875,760648.5,6432.412109375,6432.412109375,198558.171875
503,5,AR,EITCs,0.0,-0.0,-0.0,-0.0,-0.0,27342.669921875,27342.669921875,760648.5,6432.412109375,6432.412109375,198558.171875
504,5,AR,CTCs,0.0,-0.0,-0.0,-0.0,-0.0,30566.001953125,30566.001953125,760451.0625,8490.3046875,8490.3046875,171638.65625
504,5,AR,CTCs and EITCs,0.0,-0.0,-0.0,-0.0,-0.0,30566.001953125,30566.001953125,760451.0625,8490.3046875,8490.3046875,171638.65625
504,5,AR,EITCs,0.0,-0.0,-0.0,-0.0,-0.0,30566.001953125,30566.001953125,760451.0625,8490.3046875,8490.3046875,171638.65625
601,6,CA,CTCs,4481024.0,0.011173130013048649,0.013724888674914837,0.004172391989819932,0.00018898214463318125,42255.67578125,42733.140625,773120.875,12504.375,12678.384765625,145943.21875
601,6,CA,CTCs and EITCs,20426752.0,0.045940835028886795,0.08836858719587326,0.028025762044411744,0.0009943588884304896,42255.67578125,44290.4140625,773120.875,12504.375,13716.48046875,145943.21875
601,6,CA,EITCs,15949824.0,0.03324305638670921,0.07245493680238724,0.023519665244593948,0.00080250204059335,42255.67578125,43708.6875,773120.875,12504.375,13481.150390625,145943.21875
602,6,CA,CTCs,15405056.0,-0.0,-0.0,0.0327721897875454,0.0007539649615919203,103194.5,103194.5,774616.25,38782.88671875,38782.88671875,178992.0
602,6,CA,CTCs and EITCs,39632896.0,0.0006521285977214575,0.0008628288051113486,0.047461431403607125,0.0020218419305981605,103194.5,103261.84375,774616.25,38782.88671875,38816.37890625,178992.0
602,6,CA,EITCs,24227840.0,1.7001464584609494e-05,1.8155560610466637e-05,0.015692949851762127,0.0012690677226309599,103194.5,103196.265625,774616.25,38782.88671875,38783.58984375,178992.0
603,6,CA,CTCs,11153408.0,0.003957735374569893,0.009129689075052738,0.0044145529421028675,0.0005893283616041597,54594.21875,54811.1484375,772604.0625,10982.244140625,11083.431640625,164821.140625
603,6,CA,CTCs and EITCs,27762688.0,0.0042296359315514565,0.009129689075052738,0.01786228009182,0.0014836174985710857,54594.21875,54826.11328125,772604.0625,10982.244140625,11083.431640625,164821.140625
603,6,CA,EITCs,16617472.0,0.0034360019490122795,0.007826908491551876,0.013496258409185282,0.0008930989230803297,54594.21875,54782.453125,772604.0625,10982.244140625,11068.87890625,164821.140625
604,6,CA,CTCs,1605632.0,0.0018107348587363958,0.005948383826762438,0.0008782106297925506,9.369250646430997e-05,138634.328125,138885.8125,771339.0625,25214.595703125,25365.48046875,154112.109375
604,6,CA,CTCs and EITCs,17580032.0,0.004542098380625248,0.01431210245937109,0.011401850584573686,0.0012460196945185242,138634.328125,139266.890625,771339.0625,25214.595703125,25580.7109375,154112.109375
604,6,CA,EITCs,15974400.0,0.004542098380625248,0.01431210245937109,0.010511469129897602,0.0011516946197564141,138634.328125,139266.890625,771339.0625,25214.595703125,25580.7109375,154112.109375
605,6,CA,CTCs,11816960.0,0.009158937260508537,0.017533089965581894,0.008758406967371755,0.0007426204743949902,114750.125,115810.828125,768304.5625,26643.5234375,27119.00390625,240892.9375
605,6,CA,CTCs and EITCs,27009024.0,0.018761035054922104,0.040898799896240234,0.017743269354225294,0.0015796195707217593,114750.125,116944.1171875,768304.5625,26643.5234375,27779.6796875,240892.9375
605,6,CA,EITCs,15192064.0,0.013608656823635101,0.02945994958281517,0.008948157138899779,0.0008368770674061047,114750.125,116333.265625,768304.5625,26643.5234375,27452.265625,240892.9375
606,6,CA,CTCs,2232320.0,0.024546658620238304,0.08412155508995056,0.0038333705917713945,0.0001296880909785354,38132.0,39091.56640625,764878.1875,5377.3076171875,5871.2021484375,157150.03125
606,6,CA,CTCs and EITCs,25780224.0,0.04768967255949974,0.15417195856571198,0.013902703175121397,0.0008681138147052426,38132.0,40041.5703125,764878.1875,5377.3076171875,6357.44775390625,157150.03125
606,6,CA,EITCs,23552000.0,0.026709722355008125,0.09510815143585205,0.00935642431979261,0.0007371665994476468,38132.0,39178.4453125,764878.1875,5377.3076171875,5942.486328125,157150.03125
607,6,CA,CTCs,14856192.0,0.003809634828940034,0.006565114948898554,0.0014863764017050763,0.0008315482395070249,67647.4140625,67906.109375,762864.75,19912.458984375,20044.05078125,165867.578125
607,6,CA,CTCs and EITCs,38068224.0,0.005685437936335802,0.008686925284564495,0.017313523057793313,0.001944682392341735,67647.4140625,68034.21875,762864.75,19912.458984375,20086.953125,165867.578125
607,6,CA,EITCs,23228416.0,0.001550128567032516,0.0015726598212495446,0.015844071805547092,0.0011124148787553135,67647.4140625,67752.4375,762864.75,19912.458984375,19943.82421875,165867.578125
608,6,CA,CTCs,3043328.0,0.008146168664097786,0.014461756683886051,0.008521712476626829,0.00020092328962719423,39971.703125,40299.9921875,767016.4375,9672.810546875,9814.7490234375,212878.0
608,6,CA,CTCs and EITCs,11304960.0,0.04411105439066887,0.07229524105787277,0.021386203886013876,0.0006944792821540599,39971.703125,41816.26171875,767016.4375,9672.810546875,10426.6044921875,212878.0
608,6,CA,EITCs,8261632.0,0.01807897724211216,0.020207088440656662,0.012896894447819657,0.0004914825748475819,39971.703125,40707.65625,767016.4375,9672.810546875,9872.30078125,212878.0
609,6,CA,CTCs,13893632.0,0.010381391271948814,0.03373144567012787,0.011412991606054069,0.0008868770966119394,96737.453125,97752.25,764988.875,15270.5703125,15803.6494140625,166914.609375
609,6,CA,CTCs and EITCs,31473664.0,0.013665322214365005,0.04650353267788887,0.022111207323866258,0.0019533044840152982,96737.453125,98077.7109375,764988.875,15270.5703125,16015.33984375,166914.609375
609,6,CA,EITCs,17580032.0,0.012542195618152618,0.04269306734204292,0.010779275793572447,0.0010638455402816886,96737.453125,97966.15625,764988.875,15270.5703125,15951.5927734375,166914.609375
610,6,CA,CTCs,604160.0,0.0019386459607630968,0.007750211749225855,0.0007006351529911264,3.317515143906771e-05,98951.9140625,99144.1171875,766455.6875,9842.845703125,9919.7265625,77418.5625
610,6,CA,CTCs and EITCs,14645248.0,0.0019386459607630968,0.007750211749225855,0.020922394545304323,0.0007855510936312456,98951.9140625,99144.1171875,766455.6875,9842.845703125,9919.7265625,77418.5625
610,6,CA,EITCs,14043136.0,-0.0,-0.0,0.020245125987165557,0.0007519289801766218,98951.9140625,98951.9140625,766455.6875,9842.845703125,9842.845703125,77418.5625
611,6,CA,CTCs,8544256.0,-0.0,-0.0,0.005976580144050135,0.0005796663786582325,100354.875,100354.875,766894.25,38476.59765625,38476.59765625,174833.921875
611,6,CA,CTCs and EITCs,36130816.0,0.0034360841382294893,0.0029886055272072554,0.011630302461541604,0.0022427132819916457,100354.875,100700.890625,766894.25,38476.59765625,38591.93359375,174833.921875
611,6,CA,EITCs,27582464.0,0.0034360841382294893,0.0029886055272072554,0.005721716882895793,0.0016641708077537816,100354.875,100700.890625,766894.25,38476.59765625,38591.93359375,174833.921875
612,6,CA,CTCs,18767872.0,0.1526605188846588,0.15111680328845978,0.005570379308670928,0.0005874278638172444,232115.953125,273935.0,766657.9375,78868.7109375,92908.7890625,155669.78125
612,6,CA,CTCs and EITCs,54710272.0,0.15289099514484406,0.15134386718273163,0.02372090420638314,0.002525025690913221,232115.953125,274009.53125,766657.9375,78868.7109375,92933.640625,155669.78125
612,6,CA,EITCs,35942400.0,0.0016161371022462845,0.0028527704998850822,0.014332039363711453,0.0019351298167560997,232115.953125,232491.671875,766657.9375,78868.7109375,79094.34375,155669.78125
613,6,CA,CTCs,10874880.0,0.0003678554203361273,0.0010864182841032743,0.01370417089367676,0.001278608335881226,146143.046875,146196.828125,773813.8125,29669.95703125,29702.2265625,170126.375
613,6,CA,CTCs and EITCs,58372096.0,0.006700924597680569,0.02359139360487461,0.06140041208925416,0.0054014371699703575,146143.046875,147128.953125,773813.8125,29669.95703125,30386.82421875,170126.375
613,6,CA,EITCs,47497216.0,0.003102486254647374,0.01044549886137247,0.048886688578960724,0.0041222861398331,146143.046875,146597.875,773813.8125,29669.95703125,29983.14453125,170126.375
614,6,CA,CTCs,8613888.0,-0.0,-0.0,0.0012599593311184527,0.000778694812318228,96729.828125,96729.828125,766281.25,8016.74658203125,8016.74658203125,112270.8828125
614,6,CA,CTCs and EITCs,16474112.0,-0.0,-0.0,0.007489899657849478,0.001342641109564111,96729.828125,96729.828125,766281.25,8016.74658203125,8016.74658203125,112270.8828125
614,6,CA,EITCs,7860224.0,-0.0,-0.0,0.006245619761245538,0.0005638412420024038,96729.828125,96729.828125,766281.25,8016.74658203125,8016.74658203125,112270.8828125
615,6,CA,CTCs,4104192.0,-0.0,-0.0,0.002974646795301396,0.000249500116795579,206666.84375,206666.84375,765259.625,45839.17578125,45839.17578125,190708.265625
615,6,CA,CTCs and EITCs,15142912.0,5.605669502983801e-05,-0.0,0.008350097008270111,0.0008119067741702683,206666.84375,206678.421875,765259.625,45839.17578125,45839.17578125,190708.265625
615,6,CA,EITCs,11034624.0,5.605669502983801e-05,-0.0,0.005407486385190267,0.000561722552326827,206666.84375,206678.421875,765259.625,45839.17578125,45839.17578125,190708.265625
616,6,CA,CTCs,606208.0,-0.0,-0.0,0.000243736327725935,4.071980237259147e-05,119967.875,119967.875,763307.0625,42919.3046875,42919.3046875,181688.21875
616,6,CA,CTCs and EITCs,13987840.0,0.0008801050134934485,-0.0,0.006660631776986211,0.0006686872387082495,119967.875,120073.5546875,763307.0625,42919.3046875,42919.3046875,181688.21875
616,6,CA,EITCs,13385728.0,0.0008801050134934485,-0.0,0.006420014564026372,0.0006279856204902148,119967.875,120073.5546875,763307.0625,42919.3046875,42919.3046875,181688.21875
617,6,CA,CTCs,15511552.0,-0.0,-0.0,0.014432861972954252,0.0009761342428551384,125989.953125,125989.953125,764478.375,50294.5,50294.5,217656.484375
617,6,CA,CTCs and EITCs,37519360.0,0.0015287782298400998,0.0004381895705591887,0.030474901585472433,0.0021356054916496434,125989.953125,126182.859375,764478.375,50294.5,50316.546875,217656.484375
617,6,CA,EITCs,21995520.0,0.0015287782298400998,0.0004381895705591887,0.01651139048132971,0.0011603161430098295,125989.953125,126182.859375,764478.375,50294.5,50316.546875,217656.484375
618,6,CA,CTCs,2678784.0,0.0017111455090343952,0.012556581757962704,0.0014631536323508076,0.000220908175941031,155995.71875,156263.109375,770268.125,9011.509765625,9126.1025390625,150540.6875
618,6,CA,CTCs and EITCs,17008640.0,0.00401326734572649,0.019438650459051132,0.012972923533071577,0.001460889434918993,155995.71875,156624.296875,770268.125,9011.509765625,9190.154296875,150540.6875
618,6,CA,EITCs,14329856.0,0.002310011303052306,0.007057460956275463,0.011535255011570317,0.0012371805514062566,155995.71875,156356.90625,770268.125,9011.509765625,9075.560546875,150540.6875
619,6,CA,CTCs,1404928.0,-0.0,-0.0,0.0005526261937189437,6.778467487185136e-05,125182.5625,125182.5625,764142.3125,16779.564453125,16779.564453125,222204.0
619,6,CA,CTCs and EITCs,20516864.0,0.0040883333422243595,0.01191491074860096,0.010443527128498125,0.000965767128664731,125182.5625,125696.4609375,764142.3125,16779.564453125,16981.90234375,222204.0
619,6,CA,EITCs,19107840.0,0.0040883333422243595,0.01191491074860096,0.009901787762495798,0.0008979331691242397,125182.5625,125696.4609375,764142.3125,16779.564453125,16981.90234375,222204.0
620,6,CA,CTCs,4669440.0,0.003187591442838311,0.02827022410929203,0.0012996660364290999,0.00037887930868878925,186548.078125,187144.625,769690.875,10522.591796875,10828.72265625,150183.59375
620,6,CA,CTCs and EITCs,23748608.0,0.008682267740368843,0.05831557512283325,0.006530850614025029,0.0021140169681935083,186548.078125,188181.921875,769690.875,10522.591796875,11174.2236328125,150183.59375
620,6,CA,EITCs,19079168.0,0.006622007116675377,0.04171918332576752,0.005185380919485453,0.001732394681665335,186548.078125,187791.640625,769690.875,10522.591796875,10980.6982421875,150183.59375
621,6,CA,CTCs,27107328.0,0.005021577700972557,0.009046272374689579,0.006935534551675337,0.0012458800319532556,122315.9375,122933.25,763219.75,54098.02734375,54591.8828125,209345.578125
621,6,CA,CTCs and EITCs,56729600.0,0.0225844644010067,0.02905130758881569,0.04088297333647476,0.0038548092109653765,122315.9375,125142.203125,763219.75,54098.02734375,55716.671875,209345.578125
621,6,CA,EITCs,29622272.0,0.014704667031764984,0.019361991435289383,0.03389482260028279,0.002600084010171505,122315.9375,124141.390625,763219.75,54098.02734375,55166.15625,209345.578125
622,6,CA,CTCs,22593536.0,0.12558190524578094,0.2105623036623001,0.0508175374254244,0.003126650253074577,103624.5234375,118506.8359375,788995.0,27457.109375,34780.58984375,216507.78125
622,6,CA,CTCs and EITCs,62820352.0,0.13568665087223053,0.2226700782775879,0.10858679864606445,0.008171778250562702,103624.5234375,119892.3046875,788995.0,27457.109375,35322.3359375,216507.78125
622,6,CA,EITCs,40226816.0,0.12996627390384674,0.21428534388542175,0.061662897199046524,0.005055088435943151,103624.5234375,119104.03125,788995.0,27457.109375,34945.39453125,216507.78125
623,6,CA,CTCs,3895296.0,0.010957070626318455,0.012193528935313225,0.005045604543599147,0.00016126907806103546,77875.9375,78738.6796875,768849.875,36533.32421875,36984.29296875,178554.0625
623,6,CA,CTCs and EITCs,52088832.0,0.025603599846363068,0.028903033584356308,0.12903073199014922,0.0031061937630831077,77875.9375,79922.234375,768849.875,36533.32421875,37620.67578125,178554.0625
623,6,CA,EITCs,48193536.0,0.021948309615254402,0.025032563135027885,0.12439691770518382,0.0029428975596280014,77875.9375,79623.5390625,768849.875,36533.32421875,37471.328125,178554.0625
624,6,CA,CTCs,3637248.0,0.009482345543801785,0.052791375666856766,0.002511484592143605,0.00023119846070538978,99857.515625,100813.46875,772448.1875,9671.9140625,10210.96484375,123670.453125
624,6,CA,CTCs and EITCs,19107840.0,0.013483159244060516,0.07479129731655121,0.012328564621088455,0.0010726004136555629,99857.515625,101222.3125,772448.1875,9671.9140625,10453.7646484375,123670.453125
624,6,CA,EITCs,15474688.0,0.012911155819892883,0.07218785583972931,0.009771372410231828,0.0008396511538386291,99857.515625,101163.65625,772448.1875,9671.9140625,10424.4306640625,123670.453125
625,6,CA,CTCs,4034560.0,0.005705787800252438,0.006740296725183725,0.00257336768687089,9.532833028600989e-05,94154.9375,94695.25,774870.0625,30830.0546875,31039.271484375,227613.421875
625,6,CA,CTCs and EITCs,61063168.0,0.030260277912020683,0.04620328173041344,0.109225631752479,0.0018705220211384498,94154.9375,97093.0,774870.0625,30830.0546875,32323.509765625,227613.421875
625,6,CA,EITCs,57024512.0,0.025122368708252907,0.04012718424201012,0.10645137073635533,0.0017744559132167532,94154.9375,96581.2890625,774870.0625,30830.0546875,32118.896484375,227613.421875
626,6,CA,CTCs,1945600.0,0.0058048199862241745,0.016759101301431656,0.0015604228114058543,0.00012538301196046207,100023.078125,100607.078125,765767.4375,21414.1875,21779.1875,157234.0625
626,6,CA,CTCs and EITCs,24891392.0,0.0058048199862241745,0.016759101301431656,0.027133699943758055,0.0019169773247186266,100023.078125,100607.078125,765767.4375,21414.1875,21779.1875,157234.0625
626,6,CA,EITCs,22945792.0,0.0058048199862241745,0.016759101301431656,0.02562796969672591,0.0017915783947084901,100023.078125,100607.078125,765767.4375,21414.1875,21779.1875,157234.0625
627,6,CA,CTCs,32321536.0,0.004670753143727779,0.010023191571235657,0.016856409930066873,0.0013020549464583138,144154.0625,144830.53125,770328.125,41447.52734375,41867.171875,215798.796875
627,6,CA,CTCs and EITCs,77606912.0,0.007893838919699192,0.016429563984274864,0.038030081677660095,0.003660844055939129,144154.0625,145301.046875,770328.125,41447.52734375,42139.8671875,215798.796875
627,6,CA,EITCs,45289472.0,0.0032533565536141396,0.006536249537020922,0.02186292840011453,0.002359047204494355,144154.0625,144624.578125,770328.125,41447.52734375,41720.22265625,215798.796875
628,6,CA,CTCs,12877824.0,0.0024329328443855047,0.005236048251390457,0.010908844739752186,0.0013912905845306662,159097.03125,159485.046875,767782.375,44229.890625,44462.69921875,169588.796875
628,6,CA,CTCs and EITCs,30658560.0,0.0034889939706772566,0.006458256393671036,0.01893925068999103,0.0022112234347472894,159097.03125,159654.0625,767782.375,44229.890625,44517.39453125,169588.796875
628,6,CA,EITCs,17780736.0,0.0034889939706772566,0.006458256393671036,0.008183803146793102,0.0008202031789351659,159097.03125,159654.0625,767782.375,44229.890625,44517.39453125,169588.796875
629,6,CA,CTCs,13991936.0,0.0036399795208126307,0.005233230069279671,0.021792035123530073,0.0010169272644511107,125088.34375,125545.328125,763425.625,34747.2734375,34930.0703125,189210.984375
629,6,CA,CTCs and EITCs,39460864.0,0.017156420275568962,0.024516670033335686,0.04291605732969262,0.002556346771238115,125088.34375,127271.875,763425.625,34747.2734375,35620.5703125,189210.984375
629,6,CA,EITCs,25477120.0,0.01324231456965208,0.018822353333234787,0.021896231049158277,0.0015384557951721048,125088.34375,126767.03125,763425.625,34747.2734375,35413.84375,189210.984375
630,6,CA,CTCs,16236544.0,-0.0,-0.0,0.013128345083335723,0.0013648770866167461,164934.3125,164934.3125,766717.3125,39969.796875,39969.796875,93715.1875
630,6,CA,CTCs and EITCs,58613760.0,0.00014987753820605576,-0.0,0.03917475131858952,0.004581504715744134,164934.3125,164959.03125,766717.3125,39969.796875,39969.796875,93715.1875
630,6,CA,EITCs,42369024.0,0.00014987753820605576,-0.0,0.026734640173920122,0.003214061930400164,164934.3125,164959.03125,766717.3125,39969.796875,39969.796875,93715.1875
631,6,CA,CTCs,3170304.0,-0.0,-0.0,0.0026171226007149955,0.00012656577745654628,165795.21875,165795.21875,762110.1875,26441.05078125,26441.05078125,200483.53125
631,6,CA,CTCs and EITCs,38092800.0,0.0014373083831742406,0.003524411702528596,0.046620063758027214,0.0022197939738243006,165795.21875,166033.859375,762110.1875,26441.05078125,26534.568359375,200483.53125
631,6,CA,EITCs,34922496.0,0.00088596495334059,0.002145938342437148,0.04422093820654292,0.0020928430191073898,165795.21875,165942.234375,762110.1875,26441.05078125,26497.9140625,200483.53125
632,6,CA,CTCs,1781760.0,-0.0,-0.0,0.0019009922388212863,0.00010680167013527839,124994.671875,124994.671875,765369.5,36711.1875,36711.1875,169063.3125
632,6,CA,CTCs and EITCs,17285120.0,0.007363167125731707,0.006902526132762432,0.010489714306544922,0.0009279067112639636,124994.671875,125921.859375,765369.5,36711.1875,36966.34765625,169063.3125
632,6,CA,EITCs,15507456.0,0.007363167125731707,0.006902526132762432,0.008621329242853566,0.0008206611981709481,124994.671875,125921.859375,765369.5,36711.1875,36966.34765625,169063.3125
633,6,CA,CTCs,7546880.0,0.006521684117615223,0.0046898615546524525,0.007624784702796371,0.0007098385050109154,96668.9296875,97303.515625,763972.6875,25904.6640625,26026.724609375,234338.65625
633,6,CA,CTCs and EITCs,55941120.0,0.014049544930458069,0.016854630783200264,0.06301520518643666,0.005191553096403255,96668.9296875,98046.4375,763972.6875,25904.6640625,26348.76171875,234338.65625
633,6,CA,EITCs,48392192.0,0.010463929735124111,0.013645755127072334,0.05600966111508624,0.004475240220624857,96668.9296875,97691.1640625,763972.6875,25904.6640625,26263.04296875,234338.65625
634,6,CA,CTCs,3825664.0,-0.0,-0.0,0.001674962090830644,0.00012445742264773546,126766.078125,126766.078125,765762.875,10326.494140625,10326.494140625,153304.96875
634,6,CA,CTCs and EITCs,26230784.0,0.011049211956560612,0.06899672746658325,0.008218963656116272,0.0012206188519077049,126766.078125,128182.3984375,765762.875,10326.494140625,11091.7919921875,153304.96875
634,6,CA,EITCs,22405120.0,0.007559515535831451,0.048076946288347244,0.0064282216049118225,0.001093273082531699,126766.078125,127731.671875,765762.875,10326.494140625,10848.03515625,153304.96875
635,6,CA,CTCs,3717120.0,0.0014478546800091863,0.002180597512051463,0.0026771652844748586,0.0002850006921784907,163461.984375,163699.0,771369.0625,61110.28515625,61243.83203125,223486.71875
635,6,CA,CTCs and EITCs,15699968.0,0.005042601842433214,0.008350162766873837,0.011600716587513042,0.0011763078676222318,163461.984375,164290.4375,771369.0625,61110.28515625,61624.859375,223486.71875
635,6,CA,EITCs,11982848.0,0.0014478546800091863,0.002180597512051463,0.008797806587129472,0.0008899812803783053,163461.984375,163699.0,771369.0625,61110.28515625,61243.83203125,223486.71875
636,6,CA,CTCs,39211008.0,-0.0,-0.0,0.018567824822455156,0.0027316147110978597,189368.5625,189368.5625,763421.125,29284.390625,29284.390625,160573.859375
636,6,CA,CTCs and EITCs,65687552.0,0.002797601744532585,0.004905440844595432,0.030570201929616125,0.004463856755453609,189368.5625,189899.828125,763421.125,29284.390625,29428.75,160573.859375
636,6,CA,EITCs,26484736.0,0.002797601744532585,0.004905440844595432,0.012457939341541423,0.0017369010543507406,189368.5625,189899.828125,763421.125,29284.390625,29428.75,160573.859375
637,6,CA,CTCs,9863168.0,0.010534949600696564,0.04737411066889763,0.006944951451014987,0.0008499024920990261,116677.2109375,117919.484375,763727.4375,14008.171875,14704.7998046875,185002.046875
637,6,CA,CTCs and EITCs,25006080.0,0.018228720873594284,0.069187693297863,0.02856908551626703,0.0017382031341024891,116677.2109375,118843.578125,763727.4375,14008.171875,15049.40625,185002.046875
637,6,CA,EITCs,15138816.0,0.011567872948944569,0.04425088316202164,0.02156179380854725,0.0008871103602981062,116677.2109375,118042.71875,763727.4375,14008.171875,14656.74609375,185002.046875
638,6,CA,CTCs,4702208.0,-0.0,-0.0,0.005408792417767914,0.0005644656757077158,167097.78125,167097.78125,763373.0625,80872.7109375,80872.7109375,223056.65625
638,6,CA,CTCs and EITCs,13572096.0,0.0008046086295507848,0.00040803063893690705,0.010122900967635504,0.0011390076236325296,167097.78125,167232.34375,763373.0625,80872.7109375,80905.7265625,223056.65625
638,6,CA,EITCs,8871936.0,0.0008046086295507848,0.00040803063893690705,0.004765429434075525,0.0005711630527209072,167097.78125,167232.34375,763373.0625,80872.7109375,80905.7265625,223056.65625
639,6,CA,CTCs,6864896.0,0.0032557689119130373,0.007381024770438671,0.017119086130044366,0.00045102758322877745,110485.828125,110846.7109375,762299.0625,24266.18359375,24446.623046875,142454.46875
639,6,CA,CTCs and EITCs,26882048.0,0.004273599479347467,0.01006161980330944,0.0515215482930771,0.0017523029603495172,110485.828125,110960.0234375,762299.0625,24266.18359375,24512.8203125,142454.46875
639,6,CA,EITCs,20017152.0,0.0008924235007725656,0.0017416061600670218,0.03553818168178936,0.0012976623722827949,110485.828125,110584.515625,762299.0625,24266.18359375,24308.51953125,142454.46875
640,6,CA,CTCs,1490944.0,-0.0,-0.0,0.0006688940659856144,7.328291653141381e-05,128720.90625,128720.90625,766268.625,13231.072265625,13231.072265625,168866.0
640,6,CA,CTCs and EITCs,18878464.0,3.3618369343457744e-05,-0.0,0.009405414556371738,0.0010493895507680876,128720.90625,128725.234375,766268.625,13231.072265625,13231.072265625,168866.0
640,6,CA,EITCs,17383424.0,3.3618369343457744e-05,-0.0,0.008748168622879455,0.0009760675059796295,128720.90625,128725.234375,766268.625,13231.072265625,13231.072265625,168866.0
641,6,CA,CTCs,23633920.0,-0.0,-0.0,0.01509332825053934,0.0006192017387741943,109676.5625,109676.5625,767524.25,16072.423828125,16072.423828125,187479.59375
641,6,CA,CTCs and EITCs,50159616.0,0.2801024913787842,0.6656988859176636,0.057314078989749315,0.0013443636631906891,109676.5625,152350.25,767524.25,16072.423828125,48077.6796875,187479.59375
641,6,CA,EITCs,26525696.0,-0.0,-0.0,0.0353389518911691,0.0007248712247421668,109676.5625,109676.5625,767524.25,16072.423828125,16072.423828125,187479.59375
642,6,CA,CTCs,24381440.0,0.0021968656219542027,0.004678425379097462,0.012053767964853745,0.0023929816815886334,155424.296875,155766.5,765994.8125,43681.97265625,43887.296875,171116.96875
642,6,CA,CTCs and EITCs,41439232.0,0.004534911829978228,0.006414394360035658,0.020252559063027198,0.0035896045096906323,155424.296875,156132.34375,765994.8125,43681.97265625,43963.97265625,171116.96875
642,6,CA,EITCs,17057792.0,0.004534911829978228,0.006414394360035658,0.008390782854399169,0.0012020573882462148,155424.296875,156132.34375,765994.8125,43681.97265625,43963.97265625,171116.96875
643,6,CA,CTCs,11874304.0,0.003580336458981037,0.004007727839052677,0.0212506172907001,0.0005930172726309032,121742.6875,122180.140625,760688.875,51166.66015625,51372.546875,236112.90625
643,6,CA,CTCs and EITCs,31772672.0,0.012498007155954838,0.014188037253916264,0.04923586095718595,0.0017066336809459588,121742.6875,123283.4921875,760688.875,51166.66015625,51903.0625,236112.90625
643,6,CA,EITCs,19902464.0,0.011880581267178059,0.013700037263333797,0.029105536878445474,0.0011116871057817162,121742.6875,123206.453125,760688.875,51166.66015625,51877.3828125,236112.90625
644,6,CA,CTCs,9246720.0,-0.0,-0.0,0.003640690938572957,0.0009085654870641034,58475.26953125,58475.26953125,764357.25,15777.09765625,15777.09765625,212593.234375
644,6,CA,CTCs and EITCs,22702080.0,0.01245653536170721,0.01155080646276474,0.013411603415802477,0.0018931160642675616,58475.26953125,59212.85546875,764357.25,15777.09765625,15961.46484375,212593.234375
644,6,CA,EITCs,13453312.0,0.01245653536170721,0.01155080646276474,0.00961158582475446,0.0009844824228352849,58475.26953125,59212.85546875,764357.25,15777.09765625,15961.46484375,212593.234375
645,6,CA,CTCs,23834624.0,0.004981625359505415,0.014852937310934067,0.04451743576189061,0.0019843728016765106,129530.7421875,130179.2421875,765961.1875,25807.57421875,26196.671875,139269.375
645,6,CA,CTCs and EITCs,41431040.0,0.007735915016382933,0.02092413790524006,0.07174174057050167,0.003321369314304955,129530.7421875,130540.5859375,765961.1875,25807.57421875,26359.1171875,139269.375
645,6,CA,EITCs,17600512.0,0.002781899180263281,0.006255068816244602,0.029669673422588635,0.0013392191589551045,129530.7421875,129892.0859375,765961.1875,25807.57421875,25970.01953125,139269.375
646,6,CA,CTCs,18731008.0,0.005723180714994669,0.010251603089272976,0.002422505451390757,0.0010128869561417063,161893.328125,162825.203125,764617.1875,51516.00390625,52049.59375,162124.390625
646,6,CA,CTCs and EITCs,45862912.0,0.01248316653072834,0.02189832739531994,0.024168505739566047,0.0021709000248946145,161893.328125,163939.8125,764617.1875,51516.00390625,52669.37109375,162124.390625
646,6,CA,EITCs,27131904.0,0.005268999841064215,0.007816310971975327,0.021484623667004852,0.0011567027447251504,161893.328125,162750.859375,764617.1875,51516.00390625,51921.83984375,162124.390625
647,6,CA,CTCs,5382144.0,0.0010901133064180613,0.0009092053514905274,0.0063307748972080075,0.0003381600512863674,137432.703125,137582.6875,765460.125,41200.26171875,41237.7578125,292711.96875
647,6,CA,CTCs and EITCs,22190080.0,0.001601643511094153,0.0009092053514905274,0.02532663618126656,0.0014174934184695137,137432.703125,137653.171875,765460.125,41200.26171875,41237.7578125,292711.96875
647,6,CA,EITCs,16805888.0,0.001601643511094153,0.0009092053514905274,0.019222333235554022,0.0010525039673174592,137432.703125,137653.171875,765460.125,41200.26171875,41237.7578125,292711.96875
648,6,CA,CTCs,21086208.0,-0.0,-0.0,0.0010002842720111778,0.0017811557588978406,94077.078125,94077.078125,766343.875,15621.19140625,15621.19140625,154731.546875
648,6,CA,CTCs and EITCs,43036672.0,0.011066692881286144,0.03156726434826851,0.019523181290265333,0.003677301186219305,94077.078125,95129.8515625,766343.875,15621.19140625,16130.3828125,154731.546875
648,6,CA,EITCs,21954560.0,-0.0,-0.0,0.018491196080057892,0.0018984766907563493,94077.078125,94077.078125,766343.875,15621.19140625,15621.19140625,154731.546875
649,6,CA,CTCs,2248704.0,-0.0,-0.0,0.002469830501659454,0.0001433340992531545,92069.203125,92069.203125,763131.125,29753.30078125,29753.30078125,124792.53125
649,6,CA,CTCs and EITCs,33107968.0,-0.0,-0.0,0.03589615282308561,0.0019830025556002787,92069.203125,92069.203125,763131.125,29753.30078125,29753.30078125,124792.53125
649,6,CA,EITCs,30859264.0,-0.0,-0.0,0.033589264280215456,0.0018400990835528849,92069.203125,92069.203125,763131.125,29753.30078125,29753.30078125,124792.53125
650,6,CA,CTCs,749568.0,-0.0,-0.0,0.00036913252962556155,2.7491069301429915e-05,141635.109375,141635.109375,766110.5,41505.85546875,41505.85546875,160394.125
650,6,CA,CTCs and EITCs,21135360.0,8.268981764558703e-05,-0.0,0.007986627926336263,0.0012066822021122912,141635.109375,141646.828125,766110.5,41505.85546875,41505.85546875,160394.125
650,6,CA,EITCs,20385792.0,8.268981764558703e-05,-0.0,0.007623100791820583,0.001178608804292875,141635.109375,141646.828125,766110.5,41505.85546875,41505.85546875,160394.125
651,6,CA,CTCs,9355264.0,0.003693048842251301,0.008403468877077103,0.01082455051940194,0.0009830479452440518,126225.40625,126693.296875,763265.0625,27605.908203125,27839.859375,184621.5
651,6,CA,CTCs and EITCs,26361856.0,0.0041291494853794575,0.008403468877077103,0.02759749101050937,0.00234333627898029,126225.40625,126748.7734375,763265.0625,27605.908203125,27839.859375,184621.5
651,6,CA,EITCs,17006592.0,0.00043924886267632246,-0.0,0.017138861596573653,0.001359414178041368,126225.40625,126280.875,763265.0625,27605.908203125,27605.908203125,184621.5
652,6,CA,CTCs,26443776.0,0.0003630634455475956,0.00041296513518318534,0.020353392213487174,0.000994249597681087,140426.796875,140477.796875,770013.5,49136.265625,49156.56640625,198355.625
652,6,CA,CTCs and EITCs,62779392.0,0.0013999956427142024,0.00041296513518318534,0.052967633565218594,0.0025589341870580953,140426.796875,140623.671875,770013.5,49136.265625,49156.56640625,198355.625
652,6,CA,EITCs,36327424.0,0.0010377666912972927,-0.0,0.0339596809847178,0.0015626286431985649,140426.796875,140572.671875,770013.5,49136.265625,49136.265625,198355.625
801,8,CO,CTCs,74948608.0,0.06171870231628418,0.14229357242584229,0.0673994973996192,0.00387442913983009,53920.1484375,57466.9296875,728786.8125,11627.736328125,13556.779296875,155689.546875
801,8,CO,CTCs and EITCs,91488256.0,0.07190113514661789,0.1570008099079132,0.08551693665329727,0.004671817153396563,53920.1484375,58097.41796875,728786.8125,11627.736328125,13793.294921875,155689.546875
801,8,CO,EITCs,16539648.0,0.01234811544418335,0.023016758263111115,0.015815476623672043,0.0007927069531986368,53920.1484375,54594.28125,728786.8125,11627.736328125,11901.673828125,155689.546875
802,8,CO,CTCs,57679872.0,0.05383121594786644,0.0892055481672287,0.04323311684730834,0.004954259641283498,73382.734375,77557.765625,728996.5625,18850.9296875,20697.236328125,133094.5
802,8,CO,CTCs and EITCs,86786048.0,0.058027658611536026,0.09604870527982712,0.08257759846740696,0.007407567740277829,73382.734375,77903.28125,728996.5625,18850.9296875,20853.921875,133094.5
802,8,CO,EITCs,29102080.0,0.010350991040468216,0.013931919820606709,0.0393480215638056,0.0024633577325788338,73382.734375,74150.265625,728996.5625,18850.9296875,19117.26953125,133094.5
803,8,CO,CTCs,206860288.0,0.10170992463827133,0.44671761989593506,0.020143165816412227,0.01889220922652106,38389.453125,42736.14453125,728211.75,2804.03369140625,5067.9970703125,133436.859375
803,8,CO,CTCs and EITCs,260585472.0,0.11232437938451767,0.47923964262008667,0.027204491488865876,0.022724706212376333,38389.453125,43247.1640625,728211.75,2804.03369140625,5384.4990234375,133436.859375
803,8,CO,EITCs,53725184.0,0.07970165461301804,0.36813750863075256,0.004351557933623776,0.0036450206159949123,38389.453125,41714.140625,728211.75,2804.03369140625,4437.7275390625,133436.859375
804,8,CO,CTCs,116772864.0,0.44455233216285706,0.6608980894088745,0.053561205757403384,0.00956966532149605,22155.818359375,39888.21875,732077.0,5934.64501953125,17501.068359375,171209.03125
804,8,CO,CTCs and EITCs,160980992.0,0.7031164765357971,0.8290533423423767,0.13818652692129857,0.013342919411500396,22155.818359375,74627.984375,732077.0,5934.64501953125,34716.359375,171209.03125
804,8,CO,EITCs,44199936.0,0.03337818384170532,0.07129526138305664,0.010164695467821798,0.0038133435100662517,22155.818359375,22920.875,732077.0,5934.64501953125,6390.2392578125,171209.03125
805,8,CO,CTCs,176433152.0,0.09847688674926758,0.3282424807548523,0.03418945624508332,0.020463650698309913,32261.916015625,35786.01171875,726600.75,3720.6064453125,5538.615234375,177495.21875
805,8,CO,CTCs and EITCs,253020160.0,0.11784353107213974,0.37941068410873413,0.06044144286486851,0.029245078403387074,32261.916015625,36571.6484375,726600.75,3720.6064453125,5995.279296875,177495.21875
805,8,CO,EITCs,76587008.0,0.04751916974782944,0.1835704892873764,0.02366854974172647,0.008903021855756294,32261.916015625,33871.4609375,726600.75,3720.6064453125,4557.16796875,177495.21875
806,8,CO,CTCs,260485120.0,0.31611302495002747,0.5873891711235046,0.24124245277776174,0.0278139702134853,117022.984375,171114.515625,727469.625,26946.78515625,65307.99609375,171279.875
806,8,CO,CTCs and EITCs,361676800.0,0.3303556740283966,0.5992377996444702,0.33388920115126647,0.03752614580559811,117022.984375,174753.9375,727469.625,26946.78515625,67238.8359375,171279.875
806,8,CO,EITCs,101189632.0,0.0049757035449147224,0.00997231900691986,0.09941763463704895,0.009763215969584118,117022.984375,117608.171875,727469.625,26946.78515625,27218.21484375,171279.875
807,8,CO,CTCs,268222464.0,0.6014592051506042,0.7694858908653259,0.19183451001334695,0.02876425223780992,60910.2109375,152833.078125,727443.875,17714.75,76848.875,215772.375
807,8,CO,CTCs and EITCs,313692160.0,0.6014592051506042,0.7694858908653259,0.23817033402737553,0.03220039026066727,60910.2109375,152833.078125,727443.875,17714.75,76848.875,215772.375
807,8,CO,EITCs,45469696.0,0.0044556474313139915,0.010154935531318188,0.022503258883925233,0.003458071225370685,60910.2109375,61182.8203125,727443.875,17714.75,17896.48828125,215772.375
808,8,CO,CTCs,149602304.0,0.029224824160337448,0.04224913939833641,0.15391080991817932,0.011612735772208583,47432.0625,48859.984375,727782.5,19625.830078125,20491.58203125,217915.765625
808,8,CO,CTCs and EITCs,198455296.0,0.03467986732721329,0.046307273209095,0.16603498125665328,0.014911754081695757,47432.0625,49136.09375,727782.5,19625.830078125,20578.77734375,217915.765625
808,8,CO,EITCs,48857088.0,0.008412384428083897,0.007326474413275719,0.013892936936955166,0.003325776911430226,47432.0625,47834.4609375,727782.5,19625.830078125,19770.6796875,217915.765625
901,9,CT,CTCs,0.0,-0.0,-0.0,-0.0,-0.0,28247.39453125,28247.39453125,728436.375,6593.9443359375,6593.9443359375,132154.203125
901,9,CT,CTCs and EITCs,42663936.0,0.17281319200992584,0.3352949321269989,0.04297214574192834,0.0021432863130239625,28247.39453125,34148.75,728436.375,6593.9443359375,9920.10546875,132154.203125
901,9,CT,EITCs,42663936.0,0.17281319200992584,0.3352949321269989,0.04297214574192834,0.0021432863130239625,28247.39453125,34148.75,728436.375,6593.9443359375,9920.10546875,132154.203125
902,9,CT,CTCs,0.0,-0.0,-0.0,-0.0,-0.0,68775.8046875,68775.8046875,727367.875,14015.734375,14015.734375,142495.1875
902,9,CT,CTCs and EITCs,32278528.0,0.011146550066769123,0.02836248278617859,0.015499543892630857,0.002243354427287683,68775.8046875,69551.0625,727367.875,14015.734375,14424.859375,142495.1875
902,9,CT,EITCs,32278528.0,0.011146550066769123,0.02836248278617859,0.015499543892630857,0.002243354427287683,68775.8046875,69551.0625,727367.875,14015.734375,14424.859375,142495.1875
903,9,CT,CTCs,0.0,-0.0,-0.0,-0.0,-0.0,55113.45703125,55113.45703125,728100.8125,12589.5625,12589.5625,178744.578125
903,9,CT,CTCs and EITCs,47734784.0,0.04537832364439964,0.08269217610359192,0.028563624840941222,0.002701017911722223,55113.45703125,57733.296875,728100.8125,12589.5625,13724.4677734375,178744.578125
903,9,CT,EITCs,47734784.0,0.04537832364439964,0.08269217610359192,0.028563624840941222,0.002701017911722223,55113.45703125,57733.296875,728100.8125,12589.5625,13724.4677734375,178744.578125
904,9,CT,CTCs,0.0,-0.0,-0.0,-0.0,-0.0,83405.03125,83405.03125,729786.9375,37304.2109375,37304.2109375,194108.25
904,9,CT,CTCs and EITCs,77934592.0,0.039576105773448944,0.0457022450864315,0.05890477756246211,0.004022510559091633,83405.03125,86841.8984375,729786.9375,37304.2109375,39090.74609375,194108.25
904,9,CT,EITCs,77934592.0,0.039576105773448944,0.0457022450864315,0.05890477756246211,0.004022510559091633,83405.03125,86841.8984375,729786.9375,37304.2109375,39090.74609375,194108.25
905,9,CT,CTCs,0.0,-0.0,-0.0,-0.0,-0.0,65951.625,65951.625,727667.5625,24036.830078125,24036.830078125,168164.46875
905,9,CT,CTCs and EITCs,40675328.0,0.01913507655262947,0.02587592974305153,0.010956935847633862,0.0035684584651805426,65951.625,67238.234375,727667.5625,24036.830078125,24675.328125,168164.46875
905,9,CT,EITCs,40675328.0,0.01913507655262947,0.02587592974305153,0.010956935847633862,0.0035684584651805426,65951.625,67238.234375,727667.5625,24036.830078125,24675.328125,168164.46875
1000,10,DE,CTCs,0.0,-0.0,-0.0,-0.0,-0.0,111081.921875,111081.921875,997428.5,39975.3671875,39975.3671875,233623.625
1000,10,DE,CTCs and EITCs,0.0,-0.0,-0.0,-0.0,-0.0,111081.921875,111081.921875,997428.5,39975.3671875,39975.3671875,233623.625
1000,10,DE,EITCs,0.0,-0.0,-0.0,-0.0,-0.0,111081.921875,111081.921875,997428.5,39975.3671875,39975.3671875,233623.625
1100,11,DC,CTCs,0.0,-0.0,-0.0,-0.0,-0.0,73967.578125,73967.578125,695485.3125,16835.0078125,16835.0078125,156454.078125
1100,11,DC,CTCs and EITCs,141131776.0,0.07895590364933014,0.21260084211826324,0.02711242551430951,0.007953714079018613,73967.578125,80308.3984375,695485.3125,16835.0078125,21380.525390625,156454.078125
1100,11,DC,EITCs,141131776.0,0.07895590364933014,0.21260084211826324,0.02711242551430951,0.007953714079018613,73967.578125,80308.3984375,695485.3125,16835.0078125,21380.525390625,156454.078125
1201,12,FL,CTCs,0.0,-0.0,-0.0,-0.0,-0.0,85511.7890625,85511.7890625,776097.25,12990.61328125,12990.61328125,183132.671875
1201,12,FL,CTCs and EITCs,0.0,-0.0,-0.0,-0.0,-0.0,85511.7890625,85511.7890625,776097.25,12990.61328125,12990.61328125,183132.671875
1201,12,FL,EITCs,0.0,-0.0,-0.0,-0.0,-0.0,85511.7890625,85511.7890625,776097.25,12990.61328125,12990.61328125,183132.671875
1202,12,FL,CTCs,0.0,-0.0,-0.0,-0.0,-0.0,74387.25,74387.25,776662.625,18894.734375,18894.734375,144533.65625
1202,12,FL,CTCs and EITCs,0.0,-0.0,-0.0,-0.0,-0.0,74387.25,74387.25,776662.625,18894.734375,18894.734375,144533.65625
1202,12,FL,EITCs,0.0,-0.0,-0.0,-0.0,-0.0,74387.25,74387.25,776662.625,18894.734375,18894.734375,144533.65625
1203,12,FL,CTCs,0.0,-0.0,-0.0,-0.0,-0.0,35381.0546875,35381.0546875,777650.625,10055.0029296875,10055.0029296875,166455.28125
1203,12,FL,CTCs and EITCs,0.0,-0.0,-0.0,-0.0,-0.0,35381.0546875,35381.0546875,777650.625,10055.0029296875,10055.0029296875,166455.28125
1203,12,FL,EITCs,0.0,-0.0,-0.0,-0.0,-0.0,35381.0546875,35381.0546875,777650.625,10055.0029296875,10055.0029296875,166455.28125
1204,12,FL,CTCs,0.0,-0.0,-0.0,-0.0,-0.0,80019.75,80019.75,776041.4375,40021.7578125,40021.7578125,259310.59375
1204,12,FL,CTCs and EITCs,0.0,-0.0,-0.0,-0.0,-0.0,80019.75,80019.75,776041.4375,40021.7578125,40021.7578125,259310.59375
1204,12,FL,EITCs,0.0,-0.0,-0.0,-0.0,-0.0,80019.75,80019.75,776041.4375,40021.7578125,40021.7578125,259310.59375
1205,12,FL,CTCs,0.0,-0.0,-0.0,-0.0,-0.0,119238.46875,119238.46875,774497.375,23653.529296875,23653.529296875,106164.515625
1205,12,FL,CTCs and EITCs,0.0,-0.0,-0.0,-0.0,-0.0,119238.46875,119238.46875,774497.375,23653.529296875,23653.529296875,106164.515625
1205,12,FL,EITCs,0.0,-0.0,-0.0,-0.0,-0.0,119238.46875,119238.46875,774497.375,23653.529296875,23653.529296875,106164.515625
1206,12,FL,CTCs,0.0,-0.0,-0.0,-0.0,-0.0,102926.7578125,102926.7578125,780004.5625,54886.79296875,54886.79296875,216809.03125
1206,12,FL,CTCs and EITCs,0.0,-0.0,-0.0,-0.0,-0.0,102926.7578125,102926.7578125,780004.5625,54886.79296875,54886.79296875,216809.03125
1206,12,FL,EITCs,0.0,-0.0,-0.0,-0.0,-0.0,102926.7578125,102926.7578125,780004.5625,54886.79296875,54886.79296875,216809.03125
1207,12,FL,CTCs,0.0,-0.0,-0.0,-0.0,-0.0,75137.2265625,75137.2265625,778468.0,16768.36328125,16768.36328125,147059.5
1207,12,FL,CTCs and EITCs,0.0,-0.0,-0.0,-0.0,-0.0,75137.2265625,75137.2265625,778468.0,16768.36328125,16768.36328125,147059.5
1207,12,FL,EITCs,0.0,-0.0,-0.0,-0.0,-0.0,75137.2265625,75137.2265625,778468.0,16768.36328125,16768.36328125,147059.5
1208,12,FL,CTCs,0.0,-0.0,-0.0,-0.0,-0.0,25753.126953125,25753.126953125,774904.125,5707.53466796875,5707.53466796875,170560.515625
1208,12,FL,CTCs and EITCs,0.0,-0.0,-0.0,-0.0,-0.0,25753.126953125,25753.126953125,774904.125,5707.53466796875,5707.53466796875,170560.515625
1208,12,FL,EITCs,0.0,-0.0,-0.0,-0.0,-0.0,25753.126953125,25753.126953125,774904.125,5707.53466796875,5707.53466796875,170560.515625
1209,12,FL,CTCs,0.0,-0.0,-0.0,-0.0,-0.0,161477.96875,161477.96875,777322.0625,81382.625,81382.625,247184.1875
1209,12,FL,CTCs and EITCs,0.0,-0.0,-0.0,-0.0,-0.0,161477.96875,161477.96875,777322.0625,81382.625,81382.625,247184.1875
1209,12,FL,EITCs,0.0,-0.0,-0.0,-0.0,-0.0,161477.96875,161477.96875,777322.0625,81382.625,81382.625,247184.1875
1210,12,FL,CTCs,0.0,-0.0,-0.0,-0.0,-0.0,96519.2890625,96519.2890625,773480.8125,36847.6015625,36847.6015625,185573.9375
1210,12,FL,CTCs and EITCs,0.0,-0.0,-0.0,-0.0,-0.0,96519.2890625,96519.2890625,773480.8125,36847.6015625,36847.6015625,185573.9375
1210,12,FL,EITCs,0.0,-0.0,-0.0,-0.0,-0.0,96519.2890625,96519.2890625,773480.8125,36847.6015625,36847.6015625,185573.9375
1211,12,FL,CTCs,0.0,-0.0,-0.0,-0.0,-0.0,188837.484375,188837.484375,774919.0,49777.17578125,49777.17578125,159514.53125
1211,12,FL,CTCs and EITCs,0.0,-0.0,-0.0,-0.0,-0.0,188837.484375,188837.484375,774919.0,49777.17578125,49777.17578125,159514.53125
1211,12,FL,EITCs,0.0,-0.0,-0.0,-0.0,-0.0,188837.484375,188837.484375,774919.0,49777.17578125,49777.17578125,159514.53125
1212,12,FL,CTCs,0.0,-0.0,-0.0,-0.0,-0.0,69192.25,69192.25,776687.0625,7546.9208984375,7546.9208984375,181954.546875
1212,12,FL,CTCs and EITCs,0.0,-0.0,-0.0,-0.0,-0.0,69192.25,69192.25,776687.0625,7546.9208984375,7546.9208984375,181954.546875
1212,12,FL,EITCs,0.0,-0.0,-0.0,-0.0,-0.0,69192.25,69192.25,776687.0625,7546.9208984375,7546.9208984375,181954.546875
1213,12,FL,CTCs,0.0,-0.0,-0.0,-0.0,-0.0,114787.546875,114787.546875,777743.375,48046.37890625,48046.37890625,114450.9453125
1213,12,FL,CTCs and EITCs,0.0,-0.0,-0.0,-0.0,-0.0,114787.546875,114787.546875,777743.375,48046.37890625,48046.37890625,114450.9453125
1213,12,FL,EITCs,0.0,-0.0,-0.0,-0.0,-0.0,114787.546875,114787.546875,777743.375,48046.37890625,48046.37890625,114450.9453125
1214,12,FL,CTCs,0.0,-0.0,-0.0,-0.0,-0.0,145990.703125,145990.703125,776834.625,52194.52734375,52194.52734375,194936.453125
1214,12,FL,CTCs and EITCs,0.0,-0.0,-0.0,-0.0,-0.0,145990.703125,145990.703125,776834.625,52194.52734375,52194.52734375,194936.453125
1214,12,FL,EITCs,0.0,-0.0,-0.0,-0.0,-0.0,145990.703125,145990.703125,776834.625,52194.52734375,52194.52734375,194936.453125
1215,12,FL,CTCs,0.0,-0.0,-0.0,-0.0,-0.0,46555.7265625,46555.7265625,777667.75,23424.275390625,23424.275390625,217185.90625
1215,12,FL,CTCs and EITCs,0.0,-0.0,-0.0,-0.0,-0.0,46555.7265625,46555.7265625,777667.75,23424.275390625,23424.275390625,217185.90625
1215,12,FL,EITCs,0.0,-0.0,-0.0,-0.0,-0.0,46555.7265625,46555.7265625,777667.75,23424.275390625,23424.275390625,217185.90625
1216,12,FL,CTCs,0.0,-0.0,-0.0,-0.0,-0.0,95553.8125,95553.8125,776389.875,11349.345703125,11349.345703125,158463.28125
1216,12,FL,CTCs and EITCs,0.0,-0.0,-0.0,-0.0,-0.0,95553.8125,95553.8125,776389.875,11349.345703125,11349.345703125,158463.28125
1216,12,FL,EITCs,0.0,-0.0,-0.0,-0.0,-0.0,95553.8125,95553.8125,776389.875,11349.345703125,11349.345703125,158463.28125
1217,12,FL,CTCs,0.0,-0.0,-0.0,-0.0,-0.0,87403.8984375,87403.8984375,775116.875,45560.91015625,45560.91015625,233955.5625
1217,12,FL,CTCs and EITCs,0.0,-0.0,-0.0,-0.0,-0.0,87403.8984375,87403.8984375,775116.875,45560.91015625,45560.91015625,233955.5625
1217,12,FL,EITCs,0.0,-0.0,-0.0,-0.0,-0.0,87403.8984375,87403.8984375,775116.875,45560.91015625,45560.91015625,233955.5625
1218,12,FL,CTCs,0.0,-0.0,-0.0,-0.0,-0.0,33570.58203125,33570.58203125,778877.8125,9559.140625,9559.140625,156651.015625
1218,12,FL,CTCs and EITCs,0.0,-0.0,-0.0,-0.0,-0.0,33570.58203125,33570.58203125,778877.8125,9559.140625,9559.140625,156651.015625
1218,12,FL,EITCs,0.0,-0.0,-0.0,-0.0,-0.0,33570.58203125,33570.58203125,778877.8125,9559.140625,9559.140625,156651.015625
1219,12,FL,CTCs,0.0,-0.0,-0.0,-0.0,-0.0,217604.890625,217604.890625,775598.5,48880.2109375,48880.2109375,92701.125
1219,12,FL,CTCs and EITCs,0.0,-0.0,-0.0,-0.0,-0.0,217604.890625,217604.890625,775598.5,48880.2109375,48880.2109375,92701.125
1219,12,FL,EITCs,0.0,-0.0,-0.0,-0.0,-0.0,217604.890625,217604.890625,775598.5,48880.2109375,48880.2109375,92701.125
1220,12,FL,CTCs,0.0,-0.0,-0.0,-0.0,-0.0,245262.21875,245262.21875,775983.3125,88364.0390625,88364.0390625,203335.09375
1220,12,FL,CTCs and EITCs,0.0,-0.0,-0.0,-0.0,-0.0,245262.21875,245262.21875,775983.3125,88364.0390625,88364.0390625,203335.09375
1220,12,FL,EITCs,0.0,-0.0,-0.0,-0.0,-0.0,245262.21875,245262.21875,775983.3125,88364.0390625,88364.0390625,203335.09375
1221,12,FL,CTCs,0.0,-0.0,-0.0,-0.0,-0.0,190498.015625,190498.015625,777195.4375,68103.171875,68103.171875,199501.3125
1221,12,FL,CTCs and EITCs,0.0,-0.0,-0.0,-0.0,-0.0,190498.015625,190498.015625,777195.4375,68103.171875,68103.171875,199501.3125
1221,12,FL,EITCs,0.0,-0.0,-0.0,-0.0,-0.0,190498.015625,190498.015625,777195.4375,68103.171875,68103.171875,199501.3125
1222,12,FL,CTCs,0.0,-0.0,-0.0,-0.0,-0.0,140024.40625,140024.40625,776973.375,56695.484375,56695.484375,220790.5
1222,12,FL,CTCs and EITCs,0.0,-0.0,-0.0,-0.0,-0.0,140024.40625,140024.40625,776973.375,56695.484375,56695.484375,220790.5
1222,12,FL,EITCs,0.0,-0.0,-0.0,-0.0,-0.0,140024.40625,140024.40625,776973.375,56695.484375,56695.484375,220790.5
1223,12,FL,CTCs,0.0,-0.0,-0.0,-0.0,-0.0,93972.015625,93972.015625,774050.125,41335.37109375,41335.37109375,177707.3125
1223,12,FL,CTCs and EITCs,0.0,-0.0,-0.0,-0.0,-0.0,93972.015625,93972.015625,774050.125,41335.37109375,41335.37109375,177707.3125
1223,12,FL,EITCs,0.0,-0.0,-0.0,-0.0,-0.0,93972.015625,93972.015625,774050.125,41335.37109375,41335.37109375,177707.3125
1224,12,FL,CTCs,0.0,-0.0,-0.0,-0.0,-0.0,206086.515625,206086.515625,776280.75,111239.953125,111239.953125,266664.15625
1224,12,FL,CTCs and EITCs,0.0,-0.0,-0.0,-0.0,-0.0,206086.515625,206086.515625,776280.75,111239.953125,111239.953125,266664.15625
1224,12,FL,EITCs,0.0,-0.0,-0.0,-0.0,-0.0,206086.515625,206086.515625,776280.75,111239.953125,111239.953125,266664.15625
1225,12,FL,CTCs,0.0,-0.0,-0.0,-0.0,-0.0,109539.3515625,109539.3515625,778854.0,36924.30078125,36924.30078125,170013.515625
1225,12,FL,CTCs and EITCs,0.0,-0.0,-0.0,-0.0,-0.0,109539.3515625,109539.3515625,778854.0,36924.30078125,36924.30078125,170013.515625
1225,12,FL,EITCs,0.0,-0.0,-0.0,-0.0,-0.0,109539.3515625,109539.3515625,778854.0,36924.30078125,36924.30078125,170013.515625
1226,12,FL,CTCs,0.0,-0.0,-0.0,-0.0,-0.0,155656.671875,155656.671875,778346.875,9078.6865234375,9078.6865234375,116814.296875
1226,12,FL,CTCs and EITCs,0.0,-0.0,-0.0,-0.0,-0.0,155656.671875,155656.671875,778346.875,9078.6865234375,9078.6865234375,116814.296875
1226,12,FL,EITCs,0.0,-0.0,-0.0,-0.0,-0.0,155656.671875,155656.671875,778346.875,9078.6865234375,9078.6865234375,116814.296875
1227,12,FL,CTCs,0.0,-0.0,-0.0,-0.0,-0.0,125784.2578125,125784.2578125,777044.5,12645.69921875,12645.69921875,144036.484375
1227,12,FL,CTCs and EITCs,0.0,-0.0,-0.0,-0.0,-0.0,125784.2578125,125784.2578125,777044.5,12645.69921875,12645.69921875,144036.484375
1227,12,FL,EITCs,0.0,-0.0,-0.0,-0.0,-0.0,125784.2578125,125784.2578125,777044.5,12645.69921875,12645.69921875,144036.484375
1228,12,FL,CTCs,0.0,-0.0,-0.0,-0.0,-0.0,141650.90625,141650.90625,777864.25,26507.1875,26507.1875,238322.78125
1228,12,FL,CTCs and EITCs,0.0,-0.0,-0.0,-0.0,-0.0,141650.90625,141650.90625,777864.25,26507.1875,26507.1875,238322.78125
1228,12,FL,EITCs,0.0,-0.0,-0.0,-0.0,-0.0,141650.90625,141650.90625,777864.25,26507.1875,26507.1875,238322.78125
1301,13,GA,CTCs,0.0,-0.0,-0.0,-0.0,-0.0,102532.3515625,102532.3515625,772653.1875,26232.5859375,26232.5859375,160250.671875
1301,13,GA,CTCs and EITCs,0.0,-0.0,-0.0,-0.0,-0.0,102532.3515625,102532.3515625,772653.1875,26232.5859375,26232.5859375,160250.671875
1301,13,GA,EITCs,0.0,-0.0,-0.0,-0.0,-0.0,102532.3515625,102532.3515625,772653.1875,26232.5859375,26232.5859375,160250.671875
1302,13,GA,CTCs,0.0,-0.0,-0.0,-0.0,-0.0,46191.26953125,46191.26953125,771822.125,13581.177734375,13581.177734375,134348.484375
1302,13,GA,CTCs and EITCs,0.0,-0.0,-0.0,-0.0,-0.0,46191.26953125,46191.26953125,771822.125,13581.177734375,13581.177734375,134348.484375
1302,13,GA,EITCs,0.0,-0.0,-0.0,-0.0,-0.0,46191.26953125,46191.26953125,771822.125,13581.177734375,13581.177734375,134348.484375
1303,13,GA,CTCs,0.0,-0.0,-0.0,-0.0,-0.0,16795.42578125,16795.42578125,771466.75,4751.28955078125,4751.28955078125,249007.25
1303,13,GA,CTCs and EITCs,0.0,-0.0,-0.0,-0.0,-0.0,16795.42578125,16795.42578125,771466.75,4751.28955078125,4751.28955078125,249007.25
1303,13,GA,EITCs,0.0,-0.0,-0.0,-0.0,-0.0,16795.42578125,16795.42578125,771466.75,4751.28955078125,4751.28955078125,249007.25
1304,13,GA,CTCs,0.0,-0.0,-0.0,-0.0,-0.0,96946.7421875,96946.7421875,773092.3125,17905.900390625,17905.900390625,159552.9375
1304,13,GA,CTCs and EITCs,0.0,-0.0,-0.0,-0.0,-0.0,96946.7421875,96946.7421875,773092.3125,17905.900390625,17905.900390625,159552.9375
1304,13,GA,EITCs,0.0,-0.0,-0.0,-0.0,-0.0,96946.7421875,96946.7421875,773092.3125,17905.900390625,17905.900390625,159552.9375
1305,13,GA,CTCs,0.0,-0.0,-0.0,-0.0,-0.0,215024.9375,215024.9375,773182.4375,64985.1484375,64985.1484375,244143.5625
1305,13,GA,CTCs and EITCs,0.0,-0.0,-0.0,-0.0,-0.0,215024.9375,215024.9375,773182.4375,64985.1484375,64985.1484375,244143.5625
1305,13,GA,EITCs,0.0,-0.0,-0.0,-0.0,-0.0,215024.9375,215024.9375,773182.4375,64985.1484375,64985.1484375,244143.5625
1306,13,GA,CTCs,0.0,-0.0,-0.0,-0.0,-0.0,94841.9140625,94841.9140625,770360.375,46988.3515625,46988.3515625,185115.90625
1306,13,GA,CTCs and EITCs,0.0,-0.0,-0.0,-0.0,-0.0,94841.9140625,94841.9140625,770360.375,46988.3515625,46988.3515625,185115.90625
1306,13,GA,EITCs,0.0,-0.0,-0.0,-0.0,-0.0,94841.9140625,94841.9140625,770360.375,46988.3515625,46988.3515625,185115.90625
1307,13,GA,CTCs,0.0,-0.0,-0.0,-0.0,-0.0,74526.1171875,74526.1171875,773874.0,16273.1171875,16273.1171875,211669.453125
1307,13,GA,CTCs and EITCs,0.0,-0.0,-0.0,-0.0,-0.0,74526.1171875,74526.1171875,773874.0,16273.1171875,16273.1171875,211669.453125
1307,13,GA,EITCs,0.0,-0.0,-0.0,-0.0,-0.0,74526.1171875,74526.1171875,773874.0,16273.1171875,16273.1171875,211669.453125
1308,13,GA,CTCs,0.0,-0.0,-0.0,-0.0,-0.0,79544.9375,79544.9375,772081.5625,34806.765625,34806.765625,202482.4375
1308,13,GA,CTCs and EITCs,0.0,-0.0,-0.0,-0.0,-0.0,79544.9375,79544.9375,772081.5625,34806.765625,34806.765625,202482.4375
1308,13,GA,EITCs,0.0,-0.0,-0.0,-0.0,-0.0,79544.9375,79544.9375,772081.5625,34806.765625,34806.765625,202482.4375
1309,13,GA,CTCs,0.0,-0.0,-0.0,-0.0,-0.0,113228.96875,113228.96875,771632.5625,14414.16015625,14414.16015625,219078.796875
1309,13,GA,CTCs and EITCs,0.0,-0.0,-0.0,-0.0,-0.0,113228.96875,113228.96875,771632.5625,14414.16015625,14414.16015625,219078.796875
1309,13,GA,EITCs,0.0,-0.0,-0.0,-0.0,-0.0,113228.96875,113228.96875,771632.5625,14414.16015625,14414.16015625,219078.796875
1310,13,GA,CTCs,0.0,-0.0,-0.0,-0.0,-0.0,87548.0078125,87548.0078125,771623.75,47328.33984375,47328.33984375,218599.84375
1310,13,GA,CTCs and EITCs,0.0,-0.0,-0.0,-0.0,-0.0,87548.0078125,87548.0078125,771623.75,47328.33984375,47328.33984375,218599.84375
1310,13,GA,EITCs,0.0,-0.0,-0.0,-0.0,-0.0,87548.0078125,87548.0078125,771623.75,47328.33984375,47328.33984375,218599.84375
1311,13,GA,CTCs,0.0,-0.0,-0.0,-0.0,-0.0,83698.8515625,83698.8515625,771923.0,13043.2412109375,13043.2412109375,128432.828125
1311,13,GA,CTCs and EITCs,0.0,-0.0,-0.0,-0.0,-0.0,83698.8515625,83698.8515625,771923.0,13043.2412109375,13043.2412109375,128432.828125
1311,13,GA,EITCs,0.0,-0.0,-0.0,-0.0,-0.0,83698.8515625,83698.8515625,771923.0,13043.2412109375,13043.2412109375,128432.828125
1312,13,GA,CTCs,0.0,-0.0,-0.0,-0.0,-0.0,71937.921875,71937.921875,769928.875,22946.037109375,22946.037109375,239617.453125
1312,13,GA,CTCs and EITCs,0.0,-0.0,-0.0,-0.0,-0.0,71937.921875,71937.921875,769928.875,22946.037109375,22946.037109375,239617.453125
1312,13,GA,EITCs,0.0,-0.0,-0.0,-0.0,-0.0,71937.921875,71937.921875,769928.875,22946.037109375,22946.037109375,239617.453125
1313,13,GA,CTCs,0.0,-0.0,-0.0,-0.0,-0.0,31601.5546875,31601.5546875,771696.0,10775.6513671875,10775.6513671875,200663.609375
1313,13,GA,CTCs and EITCs,0.0,-0.0,-0.0,-0.0,-0.0,31601.5546875,31601.5546875,771696.0,10775.6513671875,10775.6513671875,200663.609375
1313,13,GA,EITCs,0.0,-0.0,-0.0,-0.0,-0.0,31601.5546875,31601.5546875,771696.0,10775.6513671875,10775.6513671875,200663.609375
1314,13,GA,CTCs,0.0,-0.0,-0.0,-0.0,-0.0,77961.1015625,77961.1015625,772824.875,21338.109375,21338.109375,185198.46875
1314,13,GA,CTCs and EITCs,0.0,-0.0,-0.0,-0.0,-0.0,77961.1015625,77961.1015625,772824.875,21338.109375,21338.109375,185198.46875
1314,13,GA,EITCs,0.0,-0.0,-0.0,-0.0,-0.0,77961.1015625,77961.1015625,772824.875,21338.109375,21338.109375,185198.46875
1501,15,HI,CTCs,0.0,-0.0,-0.0,-0.0,-0.0,61994.859375,61994.859375,732719.8125,12805.271484375,12805.271484375,162858.546875
1501,15,HI,CTCs and EITCs,40757248.0,0.0635303482413292,0.12757989764213562,0.009142903899748601,0.00254550450657153,61994.859375,66200.609375,732719.8125,12805.271484375,14677.873046875,162858.546875
1501,15,HI,EITCs,40757248.0,0.0635303482413292,0.12757989764213562,0.009142903899748601,0.00254550450657153,61994.859375,66200.609375,732719.8125,12805.271484375,14677.873046875,162858.546875
1502,15,HI,CTCs,0.0,-0.0,-0.0,-0.0,-0.0,37403.66796875,37403.66796875,734585.875,5934.392578125,5934.392578125,162637.171875
1502,15,HI,CTCs and EITCs,43634688.0,0.10909295827150345,0.2851068377494812,0.01552722709130779,0.0036797528110368914,37403.66796875,41983.8046875,734585.875,5934.392578125,8301.08984375,162637.171875
1502,15,HI,EITCs,43634688.0,0.10909295827150345,0.2851068377494812,0.01552722709130779,0.0036797528110368914,37403.66796875,41983.8046875,734585.875,5934.392578125,8301.08984375,162637.171875
1601,16,ID,CTCs,37687296.0,-0.0,-0.0,0.0004053965551584546,0.0016533741759013067,52873.7734375,52873.7734375,928534.9375,15827.853515625,15827.853515625,236130.53125
1601,16,ID,CTCs and EITCs,37687296.0,-0.0,-0.0,0.0004053965551584546,0.0016533741759013067,52873.7734375,52873.7734375,928534.9375,15827.853515625,15827.853515625,236130.53125
1601,16,ID,EITCs,0.0,-0.0,-0.0,-0.0,-0.0,52873.7734375,52873.7734375,928534.9375,15827.853515625,15827.853515625,236130.53125
1602,16,ID,CTCs,37990400.0,0.01339444424957037,0.01786169596016407,0.0022081148572146735,0.0009971493351759219,50576.953125,51263.6015625,927356.8125,14583.1474609375,14848.3642578125,277391.5
1602,16,ID,CTCs and EITCs,37990400.0,0.01339444424957037,0.01786169596016407,0.0022081148572146735,0.0009971493351759219,50576.953125,51263.6015625,927356.8125,14583.1474609375,14848.3642578125,277391.5
1602,16,ID,EITCs,0.0,-0.0,-0.0,-0.0,-0.0,50576.953125,50576.953125,927356.8125,14583.1474609375,14583.1474609375,277391.5
1701,17,IL,CTCs,12306432.0,0.004056211095303297,0.006368802860379219,0.0006180588114336881,0.001335834600439048,62497.68359375,62752.22265625,761264.75,13237.53515625,13322.3828125,190940.21875
1701,17,IL,CTCs and EITCs,56297472.0,0.010272372514009476,0.017793480306863785,0.004086112445635497,0.0058072229148033875,62497.68359375,63146.34765625,761264.75,13237.53515625,13477.34375,190940.21875
1701,17,IL,EITCs,56297472.0,0.010272372514009476,0.017793480306863785,0.004086112445635497,0.0058072229148033875,62497.68359375,63146.34765625,761264.75,13237.53515625,13477.34375,190940.21875
1702,17,IL,CTCs,13471744.0,-0.0,-0.0,0.003263458599387432,0.0011136117300549672,20050.8203125,20050.8203125,759074.75,6634.958984375,6634.958984375,198357.953125
1702,17,IL,CTCs and EITCs,55369728.0,0.03909450024366379,0.05558574199676514,0.019082592736759038,0.00442896585480754,20050.8203125,20866.58984375,759074.75,6634.958984375,7025.4755859375,198357.953125
1702,17,IL,EITCs,55369728.0,0.03909450024366379,0.05558574199676514,0.019082592736759038,0.00442896585480754,20050.8203125,20866.58984375,759074.75,6634.958984375,7025.4755859375,198357.953125
1703,17,IL,CTCs,1978368.0,-0.0,-0.0,0.001078102386776715,0.0001320071258535325,58133.03125,58133.03125,758588.3125,5339.23828125,5339.23828125,144536.578125
1703,17,IL,CTCs and EITCs,23293952.0,0.030630769208073616,0.14669591188430786,0.00846595677049536,0.0012495122787398872,58133.03125,59969.9609375,758588.3125,5339.23828125,6257.13427734375,144536.578125
1703,17,IL,EITCs,23293952.0,0.030630769208073616,0.14669591188430786,0.00846595677049536,0.0012495122787398872,58133.03125,59969.9609375,758588.3125,5339.23828125,6257.13427734375,144536.578125
1704,17,IL,CTCs,7124992.0,-0.0,-0.0,0.007299620867649837,0.0009555144838743622,147084.140625,147084.140625,760865.625,39032.9375,39032.9375,211581.015625
1704,17,IL,CTCs and EITCs,40574976.0,0.0029755670111626387,0.00373474950902164,0.029275513845785656,0.004745555649722824,147084.140625,147523.109375,760865.625,39032.9375,39179.26171875,211581.015625
1704,17,IL,EITCs,40574976.0,0.0029755670111626387,0.00373474950902164,0.029275513845785656,0.004745555649722824,147084.140625,147523.109375,760865.625,39032.9375,39179.26171875,211581.015625
1705,17,IL,CTCs,20393984.0,0.004459800664335489,0.004389250185340643,0.032571452027951274,0.0013538375791493904,279761.875,281015.15625,759363.9375,142142.984375,142769.640625,214814.890625
1705,17,IL,CTCs and EITCs,73191424.0,0.008998304605484009,0.006627860479056835,0.1073107918479627,0.004829002301343262,279761.875,282302.125,759363.9375,142142.984375,143091.375,214814.890625
1705,17,IL,EITCs,73191424.0,0.008998304605484009,0.006627860479056835,0.1073107918479627,0.004829002301343262,279761.875,282302.125,759363.9375,142142.984375,143091.375,214814.890625
1706,17,IL,CTCs,4907008.0,0.004497520159929991,0.00838667806237936,0.00042032801485803676,0.0004031150973972915,105506.53125,105983.1875,760537.6875,14089.666015625,14208.8310546875,184399.109375
1706,17,IL,CTCs and EITCs,24883200.0,0.02423972636461258,0.0579429492354393,0.005245943730287317,0.001961887808608769,105506.53125,108127.5078125,760537.6875,14089.666015625,14956.2763671875,184399.109375
1706,17,IL,EITCs,24883200.0,0.02423972636461258,0.0579429492354393,0.005245943730287317,0.001961887808608769,105506.53125,108127.5078125,760537.6875,14089.666015625,14956.2763671875,184399.109375
1707,17,IL,CTCs,18010112.0,0.005800791550427675,0.006746719591319561,0.021300644301454962,0.002300183467090526,133617.28125,134396.890625,760367.875,60462.95703125,60873.65234375,238470.28125
1707,17,IL,CTCs and EITCs,76101632.0,0.018517570570111275,0.019739534705877304,0.07303633670730376,0.009186107874295506,133617.28125,136138.234375,760367.875,60462.95703125,61680.50390625,238470.28125
1707,17,IL,EITCs,76101632.0,0.018517570570111275,0.019739534705877304,0.07303633670730376,0.009186107874295506,133617.28125,136138.234375,760367.875,60462.95703125,61680.50390625,238470.28125
1708,17,IL,CTCs,3325952.0,-0.0,-0.0,0.0026217948304721886,0.0002869053827568769,50380.171875,50380.171875,760430.0625,5389.48095703125,5389.48095703125,122413.5234375
1708,17,IL,CTCs and EITCs,15785984.0,0.011340725235641003,0.06169077008962631,0.01274769369997341,0.0012576757316532657,50380.171875,50958.0703125,760430.0625,5389.48095703125,5743.82177734375,122413.5234375
1708,17,IL,EITCs,15785984.0,0.011340725235641003,0.06169077008962631,0.01274769369997341,0.0012576757316532657,50380.171875,50958.0703125,760430.0625,5389.48095703125,5743.82177734375,122413.5234375
1709,17,IL,CTCs,1273856.0,0.0007398446323350072,0.0004887903342023492,0.00034354043428887947,7.46140010055072e-05,173932.0625,174060.84375,762228.25,87757.0703125,87799.9921875,133681.28125
1709,17,IL,CTCs and EITCs,10668032.0,0.002484360011294484,0.002347464906051755,0.004215988998270202,0.0007257499154132977,173932.0625,174365.25,762228.25,87757.0703125,87963.5625,133681.28125
1709,17,IL,EITCs,10668032.0,0.002484360011294484,0.002347464906051755,0.004215988998270202,0.0007257499154132977,173932.0625,174365.25,762228.25,87757.0703125,87963.5625,133681.28125
1710,17,IL,CTCs,10424320.0,0.6224704384803772,0.7833561301231384,0.015523750615820875,0.000950998453552804,19292.822265625,51102.80859375,759069.8125,5268.994140625,24320.99609375,209443.8125
1710,17,IL,CTCs and EITCs,45639680.0,0.6244430541992188,0.7845451235771179,0.059937924397496935,0.003981583021178984,19292.822265625,51371.234375,759069.8125,5268.994140625,24455.208984375,209443.8125
1710,17,IL,EITCs,45639680.0,0.6244430541992188,0.7845451235771179,0.059937924397496935,0.003981583021178984,19292.822265625,51371.234375,759069.8125,5268.994140625,24455.208984375,209443.8125
1711,17,IL,CTCs,16891904.0,-0.0,-0.0,0.01165052427916514,0.0011556899709479064,134156.03125,134156.03125,760197.625,25755.685546875,25755.685546875,170106.609375
1711,17,IL,CTCs and EITCs,62332928.0,0.00820382684469223,0.023451823741197586,0.04239643750725606,0.004245847914405707,134156.03125,135265.71875,760197.625,25755.685546875,26374.20703125,170106.609375
1711,17,IL,EITCs,62332928.0,0.00820382684469223,0.023451823741197586,0.04239643750725606,0.004245847914405707,134156.03125,135265.71875,760197.625,25755.685546875,26374.20703125,170106.609375
1712,17,IL,CTCs,13922304.0,0.007505832705646753,0.015421655029058456,0.0008532711724088244,0.0015141685283591385,27412.69140625,27620.00390625,760002.375,5718.01953125,5807.58203125,246231.09375
1712,17,IL,CTCs and EITCs,56684544.0,0.030185647308826447,0.06728909909725189,0.0054573064347099125,0.005772096820986831,27412.69140625,28265.916015625,760002.375,5718.01953125,6130.5380859375,246231.09375
1712,17,IL,EITCs,56684544.0,0.030185647308826447,0.06728909909725189,0.0054573064347099125,0.005772096820986831,27412.69140625,28265.916015625,760002.375,5718.01953125,6130.5380859375,246231.09375
1713,17,IL,CTCs,14436352.0,-0.0,-0.0,0.023949236179944832,0.0013899258071712597,52659.8125,52659.8125,760533.3125,20139.287109375,20139.287109375,140715.734375
1713,17,IL,CTCs and EITCs,52393984.0,0.004378419369459152,0.005716538988053799,0.08158755153404629,0.004994368764690351,52659.8125,52891.39453125,760533.3125,20139.287109375,20255.076171875,140715.734375
1713,17,IL,EITCs,52393984.0,0.004378419369459152,0.005716538988053799,0.08158755153404629,0.004994368764690351,52659.8125,52891.39453125,760533.3125,20139.287109375,20255.076171875,140715.734375
1714,17,IL,CTCs,1884160.0,-0.0,-0.0,0.0012174512644371864,0.0001461239987487519,25242.005859375,25242.005859375,759123.5625,4604.9169921875,4604.9169921875,174270.84375
1714,17,IL,CTCs and EITCs,17330176.0,0.03841187804937363,0.10808725655078888,0.008853488389301938,0.0011057962220295957,25242.005859375,26250.33203125,759123.5625,4604.9169921875,5162.9677734375,174270.84375
1714,17,IL,EITCs,17330176.0,0.03841187804937363,0.10808725655078888,0.008853488389301938,0.0011057962220295957,25242.005859375,26250.33203125,759123.5625,4604.9169921875,5162.9677734375,174270.84375
1715,17,IL,CTCs,1716224.0,0.012496372684836388,0.028360120952129364,0.00018252326707606862,7.424818572881232e-05,94206.953125,95399.09375,759621.5,29174.0546875,30025.583984375,123170.9375
1715,17,IL,CTCs and EITCs,12939264.0,0.012543940916657448,0.02843453548848629,0.0012825113453880975,0.0005482793484313805,94206.953125,95403.6953125,759621.5,29174.0546875,30027.8828125,123170.9375
1715,17,IL,EITCs,12939264.0,0.012543940916657448,0.02843453548848629,0.0012825113453880975,0.0005482793484313805,94206.953125,95403.6953125,759621.5,29174.0546875,30027.8828125,123170.9375
1716,17,IL,CTCs,3559424.0,-0.0,-0.0,0.00062970681755239,0.0002979860334621226,20464.38671875,20464.38671875,760446.5625,2333.69140625,2333.69140625,185991.015625
1716,17,IL,CTCs and EITCs,19341312.0,0.011854809708893299,0.0607195720076561,0.0036744245051099156,0.0015589572873979216,20464.38671875,20709.8984375,760446.5625,2333.69140625,2484.55224609375,185991.015625
1716,17,IL,EITCs,19341312.0,0.011854809708893299,0.0607195720076561,0.0036744245051099156,0.0015589572873979216,20464.38671875,20709.8984375,760446.5625,2333.69140625,2484.55224609375,185991.015625
1717,17,IL,CTCs,4683776.0,4.0420716686639935e-05,2.8575717806234024e-05,0.002678079428748993,0.00042326170302129263,102185.71875,102189.84375,761535.6875,48097.19140625,48098.56640625,197935.296875
1717,17,IL,CTCs and EITCs,19965952.0,0.0010374659905210137,0.0012992166448384523,0.010321135259493882,0.0017439715676168025,102185.71875,102291.8359375,761535.6875,48097.19140625,48159.76171875,197935.296875
1717,17,IL,EITCs,19965952.0,0.0010374659905210137,0.0012992166448384523,0.010321135259493882,0.0017439715676168025,102185.71875,102291.8359375,761535.6875,48097.19140625,48159.76171875,197935.296875
1801,18,IN,CTCs,0.0,-0.0,-0.0,-0.0,-0.0,66776.984375,66776.984375,762615.625,11632.01953125,11632.01953125,194244.046875
1801,18,IN,CTCs and EITCs,13733888.0,-0.0,-0.0,0.0019719714468633344,0.0013529673799629102,66776.984375,66776.984375,762615.625,11632.01953125,11632.01953125,194244.046875
1801,18,IN,EITCs,13733888.0,-0.0,-0.0,0.0019719714468633344,0.0013529673799629102,66776.984375,66776.984375,762615.625,11632.01953125,11632.01953125,194244.046875
1802,18,IN,CTCs,0.0,-0.0,-0.0,-0.0,-0.0,103567.59375,103567.59375,762182.4375,42561.71875,42561.71875,208873.75
1802,18,IN,CTCs and EITCs,17801216.0,0.0009328986634500325,-0.0,0.010119989750174106,0.0017126069183176322,103567.59375,103664.296875,762182.4375,42561.71875,42561.71875,208873.75
1802,18,IN,EITCs,17801216.0,0.0009328986634500325,-0.0,0.010119989750174106,0.0017126069183176322,103567.59375,103664.296875,762182.4375,42561.71875,42561.71875,208873.75
1803,18,IN,CTCs,0.0,-0.0,-0.0,-0.0,-0.0,26907.19921875,26907.19921875,761943.75,10663.4296875,10663.4296875,220213.828125
1803,18,IN,CTCs and EITCs,10172416.0,0.02583352103829384,0.022982312366366386,0.0018954611319770727,0.0011638967207174267,26907.19921875,27620.7421875,761943.75,10663.4296875,10914.2646484375,220213.828125
1803,18,IN,EITCs,10172416.0,0.02583352103829384,0.022982312366366386,0.0018954611319770727,0.0011638967207174267,26907.19921875,27620.7421875,761943.75,10663.4296875,10914.2646484375,220213.828125
1804,18,IN,CTCs,0.0,-0.0,-0.0,-0.0,-0.0,29622.72265625,29622.72265625,758486.375,6347.3916015625,6347.3916015625,168010.75
1804,18,IN,CTCs and EITCs,5742592.0,-0.0,-0.0,0.003848396918956044,0.0005436836751354792,29622.72265625,29622.72265625,758486.375,6347.3916015625,6347.3916015625,168010.75
1804,18,IN,EITCs,5742592.0,-0.0,-0.0,0.003848396918956044,0.0005436836751354792,29622.72265625,29622.72265625,758486.375,6347.3916015625,6347.3916015625,168010.75
1805,18,IN,CTCs,0.0,-0.0,-0.0,-0.0,-0.0,27118.490234375,27118.490234375,760389.875,7568.80126953125,7568.80126953125,203545.140625
1805,18,IN,CTCs and EITCs,16226304.0,-0.0,-0.0,0.005046956508935099,0.0017575348145164368,27118.490234375,27118.490234375,760389.875,7568.80126953125,7568.80126953125,203545.140625
1805,18,IN,EITCs,16226304.0,-0.0,-0.0,0.005046956508935099,0.0017575348145164368,27118.490234375,27118.490234375,760389.875,7568.80126953125,7568.80126953125,203545.140625
1806,18,IN,CTCs,0.0,-0.0,-0.0,-0.0,-0.0,99662.3984375,99662.3984375,761412.75,22150.3984375,22150.3984375,175794.296875
1806,18,IN,CTCs and EITCs,16857088.0,-0.0,-0.0,0.002389860785967212,0.0014547044257871241,99662.3984375,99662.3984375,761412.75,22150.3984375,22150.3984375,175794.296875
1806,18,IN,EITCs,16857088.0,-0.0,-0.0,0.002389860785967212,0.0014547044257871241,99662.3984375,99662.3984375,761412.75,22150.3984375,22150.3984375,175794.296875
1807,18,IN,CTCs,0.0,-0.0,-0.0,-0.0,-0.0,100633.078125,100633.078125,759191.75,38087.84375,38087.84375,212973.125
1807,18,IN,CTCs and EITCs,13123584.0,1.9110802895738743e-06,2.08304004445381e-06,0.011706513363885725,0.001150141757942261,100633.078125,100633.265625,759191.75,38087.84375,38087.921875,212973.125
1807,18,IN,EITCs,13123584.0,1.9110802895738743e-06,2.08304004445381e-06,0.011706513363885725,0.001150141757942261,100633.078125,100633.265625,759191.75,38087.84375,38087.921875,212973.125
1808,18,IN,CTCs,0.0,-0.0,-0.0,-0.0,-0.0,23254.09765625,23254.09765625,760963.25,6393.1376953125,6393.1376953125,242297.421875
1808,18,IN,CTCs and EITCs,24453120.0,0.013439762406051159,0.031977612525224686,0.002703775953585347,0.0018475490497566174,23254.09765625,23570.884765625,760963.25,6393.1376953125,6604.328125,242297.421875
1808,18,IN,EITCs,24453120.0,0.013439762406051159,0.031977612525224686,0.002703775953585347,0.0018475490497566174,23254.09765625,23570.884765625,760963.25,6393.1376953125,6604.328125,242297.421875
1809,18,IN,CTCs,0.0,-0.0,-0.0,-0.0,-0.0,107955.8828125,107955.8828125,761045.8125,40566.3046875,40566.3046875,166439.75
1809,18,IN,CTCs and EITCs,12175360.0,0.0003818058758042753,0.0003387124161235988,0.01302033334898173,0.0011571862863170807,107955.8828125,107997.125,761045.8125,40566.3046875,40580.05078125,166439.75
1809,18,IN,EITCs,12175360.0,0.0003818058758042753,0.0003387124161235988,0.01302033334898173,0.0011571862863170807,107955.8828125,107997.125,761045.8125,40566.3046875,40580.05078125,166439.75
1901,19,IA,CTCs,0.0,-0.0,-0.0,-0.0,-0.0,69871.171875,69871.171875,803205.75,31383.4375,31383.4375,234945.65625
1901,19,IA,CTCs and EITCs,26009600.0,0.0016778572462499142,0.0004219440452288836,0.019833884325649136,0.0027468294910257336,69871.171875,69988.6015625,803205.75,31383.4375,31396.6875,234945.65625
1901,19,IA,EITCs,26009600.0,0.0016778572462499142,0.0004219440452288836,0.019833884325649136,0.0027468294910257336,69871.171875,69988.6015625,803205.75,31383.4375,31396.6875,234945.65625
1902,19,IA,CTCs,0.0,-0.0,-0.0,-0.0,-0.0,11172.4892578125,11172.4892578125,804845.625,2712.917724609375,2712.917724609375,163301.75
1902,19,IA,CTCs and EITCs,18264064.0,0.1261591613292694,0.32233354449272156,0.003351965597314881,0.0019960863518081948,11172.4892578125,12785.49609375,804845.625,2712.917724609375,4003.322998046875,163301.75
1902,19,IA,EITCs,18264064.0,0.1261591613292694,0.32233354449272156,0.003351965597314881,0.0019960863518081948,11172.4892578125,12785.49609375,804845.625,2712.917724609375,4003.322998046875,163301.75
1903,19,IA,CTCs,0.0,-0.0,-0.0,-0.0,-0.0,69826.53125,69826.53125,803509.4375,14085.3056640625,14085.3056640625,210814.140625
1903,19,IA,CTCs and EITCs,10866688.0,0.005065186880528927,0.012874151580035686,0.0012224507413827487,0.0008477660250052059,69826.53125,70182.015625,803509.4375,14085.3056640625,14269.0078125,210814.140625
1903,19,IA,EITCs,10866688.0,0.005065186880528927,0.012874151580035686,0.0012224507413827487,0.0008477660250052059,69826.53125,70182.015625,803509.4375,14085.3056640625,14269.0078125,210814.140625
1904,19,IA,CTCs,0.0,-0.0,-0.0,-0.0,-0.0,60256.00390625,60256.00390625,802193.25,8450.18359375,8450.18359375,191058.703125
1904,19,IA,CTCs and EITCs,15329280.0,0.013050190173089504,0.05224975198507309,0.004839197017987713,0.001300151903837609,60256.00390625,61052.75,802193.25,8450.18359375,8916.044921875,191058.703125
1904,19,IA,EITCs,15329280.0,0.013050190173089504,0.05224975198507309,0.004839197017987713,0.001300151903837609,60256.00390625,61052.75,802193.25,8450.18359375,8916.044921875,191058.703125
2001,20,KS,CTCs,0.0,-0.0,-0.0,-0.0,-0.0,47801.0859375,47801.0859375,740606.3125,6239.6201171875,6239.6201171875,173410.15625
2001,20,KS,CTCs and EITCs,18800640.0,0.0051948330365121365,0.019610216841101646,0.004719174449287366,0.001753985701939851,47801.0859375,48050.703125,740606.3125,6239.6201171875,6364.427734375,173410.15625
2001,20,KS,EITCs,18800640.0,0.0051948330365121365,0.019610216841101646,0.004719174449287366,0.001753985701939851,47801.0859375,48050.703125,740606.3125,6239.6201171875,6364.427734375,173410.15625
2002,20,KS,CTCs,0.0,-0.0,-0.0,-0.0,-0.0,53123.109375,53123.109375,741328.625,31008.451171875,31008.451171875,195591.171875
2002,20,KS,CTCs and EITCs,16787456.0,0.02463335357606411,0.017019521445035934,0.010739458875947459,0.0022143454035773,53123.109375,54464.7578125,741328.625,31008.451171875,31545.33984375,195591.171875
2002,20,KS,EITCs,16787456.0,0.02463335357606411,0.017019521445035934,0.010739458875947459,0.0022143454035773,53123.109375,54464.7578125,741328.625,31008.451171875,31545.33984375,195591.171875
2003,20,KS,CTCs,0.0,-0.0,-0.0,-0.0,-0.0,58994.171875,58994.171875,742338.5625,13427.421875,13427.421875,192480.4375
2003,20,KS,CTCs and EITCs,15493120.0,0.015376511961221695,0.036308642476797104,0.008953980616737968,0.0013366714240089545,58994.171875,59915.4609375,742338.5625,13427.421875,13933.3212890625,192480.4375
2003,20,KS,EITCs,15493120.0,0.015376511961221695,0.036308642476797104,0.008953980616737968,0.0013366714240089545,58994.171875,59915.4609375,742338.5625,13427.421875,13933.3212890625,192480.4375
2004,20,KS,CTCs,0.0,-0.0,-0.0,-0.0,-0.0,51067.69921875,51067.69921875,742121.0,17180.91796875,17180.91796875,216699.0
2004,20,KS,CTCs and EITCs,31635456.0,-0.0,-0.0,0.011784999958470864,0.002210649555589094,51067.69921875,51067.69921875,742121.0,17180.91796875,17180.91796875,216699.0
2004,20,KS,EITCs,31635456.0,-0.0,-0.0,0.011784999958470864,0.002210649555589094,51067.69921875,51067.69921875,742121.0,17180.91796875,17180.91796875,216699.0
2101,21,KY,CTCs,0.0,-0.0,-0.0,-0.0,-0.0,86842.4140625,86842.4140625,756818.625,21392.55078125,21392.55078125,182389.09375
2101,21,KY,CTCs and EITCs,0.0,-0.0,-0.0,-0.0,-0.0,86842.4140625,86842.4140625,756818.625,21392.55078125,21392.55078125,182389.09375
2101,21,KY,EITCs,0.0,-0.0,-0.0,-0.0,-0.0,86842.4140625,86842.4140625,756818.625,21392.55078125,21392.55078125,182389.09375
2102,21,KY,CTCs,0.0,-0.0,-0.0,-0.0,-0.0,34482.54296875,34482.54296875,759229.0,14401.921875,14401.921875,213118.546875
2102,21,KY,CTCs and EITCs,0.0,-0.0,-0.0,-0.0,-0.0,34482.54296875,34482.54296875,759229.0,14401.921875,14401.921875,213118.546875
2102,21,KY,EITCs,0.0,-0.0,-0.0,-0.0,-0.0,34482.54296875,34482.54296875,759229.0,14401.921875,14401.921875,213118.546875
2103,21,KY,CTCs,0.0,-0.0,-0.0,-0.0,-0.0,57110.015625,57110.015625,757082.375,29081.984375,29081.984375,253960.3125
2103,21,KY,CTCs and EITCs,0.0,-0.0,-0.0,-0.0,-0.0,57110.015625,57110.015625,757082.375,29081.984375,29081.984375,253960.3125
2103,21,KY,EITCs,0.0,-0.0,-0.0,-0.0,-0.0,57110.015625,57110.015625,757082.375,29081.984375,29081.984375,253960.3125
2104,21,KY,CTCs,0.0,-0.0,-0.0,-0.0,-0.0,87338.1015625,87338.1015625,755371.75,11718.267578125,11718.267578125,162967.9375
2104,21,KY,CTCs and EITCs,0.0,-0.0,-0.0,-0.0,-0.0,87338.1015625,87338.1015625,755371.75,11718.267578125,11718.267578125,162967.9375
2104,21,KY,EITCs,0.0,-0.0,-0.0,-0.0,-0.0,87338.1015625,87338.1015625,755371.75,11718.267578125,11718.267578125,162967.9375
2105,21,KY,CTCs,0.0,-0.0,-0.0,-0.0,-0.0,88492.5546875,88492.5546875,753483.25,37069.70703125,37069.70703125,139983.34375
2105,21,KY,CTCs and EITCs,0.0,-0.0,-0.0,-0.0,-0.0,88492.5546875,88492.5546875,753483.25,37069.70703125,37069.70703125,139983.34375
2105,21,KY,EITCs,0.0,-0.0,-0.0,-0.0,-0.0,88492.5546875,88492.5546875,753483.25,37069.70703125,37069.70703125,139983.34375
2106,21,KY,CTCs,0.0,-0.0,-0.0,-0.0,-0.0,42624.80859375,42624.80859375,758715.625,11406.5380859375,11406.5380859375,198398.09375
2106,21,KY,CTCs and EITCs,0.0,-0.0,-0.0,-0.0,-0.0,42624.80859375,42624.80859375,758715.625,11406.5380859375,11406.5380859375,198398.09375
2106,21,KY,EITCs,0.0,-0.0,-0.0,-0.0,-0.0,42624.80859375,42624.80859375,758715.625,11406.5380859375,11406.5380859375,198398.09375
2201,22,LA,CTCs,0.0,-0.0,-0.0,-0.0,-0.0,67537.5,67537.5,782862.75,15221.77734375,15221.77734375,213128.125
2201,22,LA,CTCs and EITCs,13103104.0,-0.0,-0.0,0.003555249403242532,0.000991736698446161,67537.5,67537.5,782862.75,15221.77734375,15221.77734375,213128.125
2201,22,LA,EITCs,13103104.0,-0.0,-0.0,0.003555249403242532,0.000991736698446161,67537.5,67537.5,782862.75,15221.77734375,15221.77734375,213128.125
2202,22,LA,CTCs,0.0,-0.0,-0.0,-0.0,-0.0,84170.65625,84170.65625,782379.75,19240.513671875,19240.513671875,194952.921875
2202,22,LA,CTCs and EITCs,10510336.0,0.006046997383236885,0.011509926058351994,0.005715500667431293,0.0008714462620153587,84170.65625,84682.734375,782379.75,19240.513671875,19464.548828125,194952.921875
2202,22,LA,EITCs,10510336.0,0.006046997383236885,0.011509926058351994,0.005715500667431293,0.0008714462620153587,84170.65625,84682.734375,782379.75,19240.513671875,19464.548828125,194952.921875
2203,22,LA,CTCs,0.0,-0.0,-0.0,-0.0,-0.0,153947.265625,153947.265625,783578.375,51018.14453125,51018.14453125,212427.15625
2203,22,LA,CTCs and EITCs,18003968.0,0.00037468867958523333,0.0007534624892286956,0.0010521913062856887,0.001480426373891058,153947.265625,154004.96875,783578.375,51018.14453125,51056.61328125,212427.15625
2203,22,LA,EITCs,18003968.0,0.00037468867958523333,0.0007534624892286956,0.0010521913062856887,0.001480426373891058,153947.265625,154004.96875,783578.375,51018.14453125,51056.61328125,212427.15625
2204,22,LA,CTCs,0.0,-0.0,-0.0,-0.0,-0.0,106486.484375,106486.484375,784036.1875,24555.998046875,24555.998046875,207304.1875
2204,22,LA,CTCs and EITCs,12390400.0,-0.0,-0.0,0.0013980308550939995,0.0010252553551865107,106486.484375,106486.484375,784036.1875,24555.998046875,24555.998046875,207304.1875
2204,22,LA,EITCs,12390400.0,-0.0,-0.0,0.0013980308550939995,0.0010252553551865107,106486.484375,106486.484375,784036.1875,24555.998046875,24555.998046875,207304.1875
2205,22,LA,CTCs,0.0,-0.0,-0.0,-0.0,-0.0,92284.3671875,92284.3671875,783652.3125,18056.30078125,18056.30078125,166740.4375
2205,22,LA,CTCs and EITCs,13705216.0,-0.0,-0.0,0.0028187569799603264,0.001001598341057331,92284.3671875,92284.3671875,783652.3125,18056.30078125,18056.30078125,166740.4375
2205,22,LA,EITCs,13705216.0,-0.0,-0.0,0.0028187569799603264,0.001001598341057331,92284.3671875,92284.3671875,783652.3125,18056.30078125,18056.30078125,166740.4375
2206,22,LA,CTCs,0.0,-0.0,-0.0,-0.0,-0.0,80208.0,80208.0,782049.125,23980.208984375,23980.208984375,229698.28125
2206,22,LA,CTCs and EITCs,11939840.0,0.002687528496608138,0.0014999420382082462,0.003403670912649784,0.0008268608908542821,80208.0,80424.140625,782049.125,23980.208984375,24016.23046875,229698.28125
2206,22,LA,EITCs,11939840.0,0.002687528496608138,0.0014999420382082462,0.003403670912649784,0.0008268608908542821,80208.0,80424.140625,782049.125,23980.208984375,24016.23046875,229698.28125
2301,23,ME,CTCs,47411200.0,0.008104927837848663,0.028895404189825058,0.006535135093310283,0.0034819636775523764,35136.07421875,35423.17578125,686982.375,4822.068359375,4965.5498046875,129109.8671875
2301,23,ME,CTCs and EITCs,78761984.0,0.17879673838615417,0.05015243962407112,0.020288028068227434,0.006674349387816817,35136.07421875,42786.0859375,686982.375,4822.068359375,5076.67578125,129109.8671875
2301,23,ME,EITCs,31348736.0,0.17879673838615417,0.05015243962407112,0.013782679234983702,0.003189886575465862,35136.07421875,42786.0859375,686982.375,4822.068359375,5076.67578125,129109.8671875
2302,23,ME,CTCs,55240704.0,0.009431816637516022,0.015286225825548172,0.021135244407126823,0.004802572887821191,58749.25,59308.640625,687411.875,21925.37109375,22265.73046875,143890.9375
2302,23,ME,CTCs and EITCs,78663680.0,0.010555317625403404,0.017461832612752914,0.03109354313022719,0.006436989745112235,58749.25,59375.984375,687411.875,21925.37109375,22315.03125,143890.9375
2302,23,ME,EITCs,23420928.0,0.005714254453778267,0.00720298383384943,0.01031022345157506,0.0016424736712807309,58749.25,59086.890625,687411.875,21925.37109375,22084.4453125,143890.9375
2401,24,MD,CTCs,1212416.0,0.0077123939990997314,0.005446032155305147,0.002517405818867,4.237455810916009e-05,27803.3359375,28019.43359375,781379.75,13154.3955078125,13226.427734375,212006.28125
2401,24,MD,CTCs and EITCs,80601088.0,0.07376354932785034,0.09705761820077896,0.02380592712696989,0.004518269041184521,27803.3359375,30017.53515625,781379.75,13154.3955078125,14568.3671875,212006.28125
2401,24,MD,EITCs,79388672.0,0.07376354932785034,0.09705761820077896,0.0210953312595856,0.004474842723445639,27803.3359375,30017.53515625,781379.75,13154.3955078125,14568.3671875,212006.28125
2402,24,MD,CTCs,8679424.0,-0.0,-0.0,0.014442290955898666,0.0006872962358374233,121711.4609375,121711.4609375,777049.25,44469.2578125,44469.2578125,176766.109375
2402,24,MD,CTCs and EITCs,66056192.0,0.02255229651927948,0.027548646554350853,0.07555749523833273,0.005081900558442461,121711.4609375,124519.671875,777049.25,44469.2578125,45729.03125,176766.109375
2402,24,MD,EITCs,57376768.0,0.02255229651927948,0.027548646554350853,0.06276807724566225,0.004395500047787175,121711.4609375,124519.671875,777049.25,44469.2578125,45729.03125,176766.109375
2403,24,MD,CTCs,7733248.0,-0.0,-0.0,0.004578786194446974,0.00043286470196601037,152554.828125,152554.828125,777486.125,57827.90234375,57827.90234375,233025.125
2403,24,MD,CTCs and EITCs,32358400.0,0.013705197721719742,0.0222577266395092,0.012361168556788236,0.0020180719729531297,152554.828125,154674.671875,777486.125,57827.90234375,59144.3203125,233025.125
2403,24,MD,EITCs,24625152.0,0.013705197721719742,0.0222577266395092,0.007836499387721227,0.0015510137898954398,152554.828125,154674.671875,777486.125,57827.90234375,59144.3203125,233025.125
2404,24,MD,CTCs,2756608.0,-0.0,-0.0,0.002533660791106133,0.0002636586353673764,93168.6015625,93168.6015625,777989.75,26258.794921875,26258.794921875,133247.3125
2404,24,MD,CTCs and EITCs,54857728.0,0.03105335868895054,0.043781936168670654,0.05058934505294771,0.005278214214742641,93168.6015625,96154.5234375,777989.75,26258.794921875,27461.09375,133247.3125
2404,24,MD,EITCs,52101120.0,0.03105335868895054,0.043781936168670654,0.04819666323168951,0.0050156191303452466,93168.6015625,96154.5234375,777989.75,26258.794921875,27461.09375,133247.3125
2405,24,MD,CTCs,13631488.0,-0.0,-0.0,0.0008518796433797635,0.000791438132631279,42384.5859375,42384.5859375,781980.125,13755.1201171875,13755.1201171875,235640.140625
2405,24,MD,CTCs and EITCs,88244224.0,0.03137994930148125,0.03956123813986778,0.04529000224469343,0.005491669178969406,42384.5859375,43757.69921875,781980.125,13755.1201171875,14321.705078125,235640.140625
2405,24,MD,EITCs,74608640.0,0.03137994930148125,0.03956123813986778,0.044512243394423216,0.004692161371663529,42384.5859375,43757.69921875,781980.125,13755.1201171875,14321.705078125,235640.140625
2406,24,MD,CTCs,995328.0,-0.0,-0.0,0.002012198471668675,6.916486229467272e-05,19822.12109375,19822.12109375,784251.25,6086.8017578125,6086.8017578125,215976.640625
2406,24,MD,CTCs and EITCs,29855744.0,0.096498504281044,0.1171886995434761,0.023474491181962258,0.0025789569633311573,19822.12109375,21939.22265625,784251.25,6086.8017578125,6894.7939453125,215976.640625
2406,24,MD,EITCs,28864512.0,0.096498504281044,0.1171886995434761,0.021547992559030074,0.002503307632891847,19822.12109375,21939.22265625,784251.25,6086.8017578125,6894.7939453125,215976.640625
2407,24,MD,CTCs,11134976.0,-0.0,-0.0,0.003326713985599097,0.0007224853442247343,70043.0390625,70043.0390625,775840.875,23000.951171875,23000.951171875,199894.65625
2407,24,MD,CTCs and EITCs,118358016.0,0.04760123789310455,0.09026738256216049,0.059029728443451286,0.01002130550042852,70043.0390625,73543.8125,775840.875,23000.951171875,25283.19921875,199894.65625
2407,24,MD,EITCs,107225088.0,0.04512812942266464,0.08682753145694733,0.055299317663406414,0.009308843033645384,70043.0390625,73353.3359375,775840.875,23000.951171875,25187.9609375,199894.65625
2408,24,MD,CTCs,409600.0,0.0005719559267163277,0.001022372511215508,0.0004759510262479386,2.0380867658154415e-05,169683.1875,169780.296875,779419.9375,54228.08984375,54283.58984375,128578.7109375
2408,24,MD,CTCs and EITCs,113238016.0,0.009288745932281017,0.013853147625923157,0.11311789829680438,0.007868361801966702,169683.1875,171274.109375,779419.9375,54228.08984375,54989.875,128578.7109375
2408,24,MD,EITCs,112824320.0,0.009288745932281017,0.013853147625923157,0.1127404909624403,0.007847965720742672,169683.1875,171274.109375,779419.9375,54228.08984375,54989.875,128578.7109375
2501,25,MA,CTCs,52629504.0,-0.0,-0.0,0.0023337790441372718,0.0010698691388000203,114985.0390625,114985.0390625,788825.25,22472.63671875,22472.63671875,173418.296875
2501,25,MA,CTCs and EITCs,106745856.0,0.007242492400109768,0.019248638302087784,0.0027132479558295937,0.002368991488978205,114985.0390625,115823.890625,788825.25,22472.63671875,22913.6953125,173418.296875
2501,25,MA,EITCs,54124544.0,0.00596393970772624,0.014442484825849533,0.00035484592420504003,0.0012989389808253605,114985.0390625,115674.90625,788825.25,22472.63671875,22801.955078125,173418.296875
2502,25,MA,CTCs,62160896.0,0.004323969129472971,0.01221037469804287,0.008518141360192273,0.00211483432053827,104696.28125,105150.953125,787354.625,28967.28515625,29325.359375,177864.984375
2502,25,MA,CTCs and EITCs,108044288.0,0.012972714379429817,0.024348389357328415,0.026079162805548183,0.0050869633574651164,104696.28125,106072.3359375,787354.625,28967.28515625,29690.193359375,177864.984375
2502,25,MA,EITCs,45883392.0,0.012972714379429817,0.024348389357328415,0.017652788947501316,0.0029725629134966397,104696.28125,106072.3359375,787354.625,28967.28515625,29690.193359375,177864.984375
2503,25,MA,CTCs,65036288.0,0.0020596159156411886,0.005056549329310656,0.04093791918747243,0.0027684439616310597,151096.25,151408.09375,789028.25,37950.296875,38143.171875,188628.171875
2503,25,MA,CTCs and EITCs,100962304.0,0.021765902638435364,0.04282967373728752,0.06519217432942478,0.005266657769329163,151096.25,154458.171875,789028.25,37950.296875,39648.42578125,188628.171875
2503,25,MA,EITCs,35930112.0,0.015292966738343239,0.025619370862841606,0.02526325590943403,0.0025018479106162952,151096.25,153442.84375,789028.25,37950.296875,38948.125,188628.171875
2504,25,MA,CTCs,48119808.0,0.007809939328581095,0.030514061450958252,0.003829619877326911,0.0017694202350974312,19834.765625,19990.892578125,788356.25,2976.2509765625,3069.9267578125,146928.5625
2504,25,MA,CTCs and EITCs,84279296.0,0.05037306994199753,0.15048836171627045,0.009130809146596653,0.0041657443612187475,19834.765625,20886.90234375,788356.25,2976.2509765625,3503.484375,146928.5625
2504,25,MA,EITCs,36155392.0,0.03180847316980362,0.09898917376995087,0.005129626163737077,0.0023996083133047724,19834.765625,20486.40625,788356.25,2976.2509765625,3303.2353515625,146928.5625
2505,25,MA,CTCs,55701504.0,0.0031949037220329046,0.00910563301295042,0.01688351087622177,0.001997861944881928,188256.96875,188860.359375,787615.0,39397.9296875,39759.96875,166991.34375
2505,25,MA,CTCs and EITCs,87498752.0,0.012862751260399818,0.03166098892688751,0.028785598336156848,0.0038002522236619267,188256.96875,190710.03125,787615.0,39397.9296875,40686.08984375,166991.34375
2505,25,MA,EITCs,31797248.0,0.005948334001004696,0.013579677790403366,0.01203570288311385,0.0018036065976300016,188256.96875,189383.484375,787615.0,39397.9296875,39940.3046875,166991.34375
2506,25,MA,CTCs,56709120.0,0.009395647794008255,0.061309169977903366,0.014579465098576896,0.0015633125485484062,130141.265625,131375.625,787291.375,13243.462890625,14108.439453125,167548.046875
2506,25,MA,CTCs and EITCs,84598784.0,0.071561299264431,0.2910144031047821,0.04858127427232053,0.0030412197402632343,130141.265625,140172.171875,787291.375,13243.462890625,18679.453125,167548.046875
2506,25,MA,EITCs,27889664.0,0.06493832170963287,0.26861995458602905,0.03205297121554073,0.0014760452150744268,130141.265625,139179.34375,787291.375,13243.462890625,18107.498046875,167548.046875
2507,25,MA,CTCs,38207488.0,0.005434512626379728,0.010343720205128193,0.013116092183135157,0.001492559042954349,223106.5,224325.59375,788371.25,70074.3125,70806.71875,175270.875
2507,25,MA,CTCs and EITCs,73973760.0,0.011334807612001896,0.02042686752974987,0.035839166973160155,0.00461682255068927,223106.5,225664.359375,788371.25,70074.3125,71535.5625,175270.875
2507,25,MA,EITCs,35766272.0,0.010112684220075607,0.01839793659746647,0.023161896046216893,0.0031269819646178114,223106.5,225385.75,788371.25,70074.3125,71387.703125,175270.875
2508,25,MA,CTCs,65335296.0,0.004430678207427263,0.006782821845263243,0.022925758218271856,0.0020147677504559155,130960.734375,131543.5625,790734.125,51490.5234375,51842.16015625,224188.921875
2508,25,MA,CTCs and EITCs,109223936.0,0.012315009720623493,0.016981882974505424,0.04525416865465766,0.004660667205573306,130960.734375,132593.625,790734.125,51490.5234375,52380.03515625,224188.921875
2508,25,MA,EITCs,43888640.0,0.007846168242394924,0.010947386734187603,0.023185216923541925,0.002633646539907623,130960.734375,131996.40625,790734.125,51490.5234375,52060.44921875,224188.921875
2509,25,MA,CTCs,50360320.0,0.014392510056495667,0.07592146098613739,0.00581980816046754,0.0012155513581898663,90298.4140625,91617.015625,790541.5625,9629.623046875,10420.7841796875,144455.1875
2509,25,MA,CTCs and EITCs,62672896.0,0.02089351788163185,0.10430626571178436,0.010428346850670438,0.001844853179342983,90298.4140625,92225.328125,790541.5625,9629.623046875,10751.021484375,144455.1875
2509,25,MA,EITCs,12308480.0,0.015910398215055466,0.08132773637771606,0.004425349582134643,0.0006302145546244617,90298.4140625,91758.328125,790541.5625,9629.623046875,10482.109375,144455.1875
2601,26,MI,CTCs,0.0,-0.0,-0.0,-0.0,-0.0,85242.265625,85242.265625,783100.6875,13173.751953125,13173.751953125,145967.953125
2601,26,MI,CTCs and EITCs,49051648.0,0.0078010051511228085,0.016638416796922684,0.03291303623820296,0.005204041866790045,85242.265625,85912.46875,783100.6875,13173.751953125,13396.6513671875,145967.953125
2601,26,MI,EITCs,49051648.0,0.0078010051511228085,0.016638416796922684,0.03291303623820296,0.005204041866790045,85242.265625,85912.46875,783100.6875,13173.751953125,13396.6513671875,145967.953125
2602,26,MI,CTCs,0.0,-0.0,-0.0,-0.0,-0.0,20413.86328125,20413.86328125,784154.4375,10141.2392578125,10141.2392578125,156575.90625
2602,26,MI,CTCs and EITCs,36175872.0,0.46938055753707886,0.4710107147693634,0.11708568259439163,0.0016643804064169331,20413.86328125,38471.7578125,784154.4375,10141.2392578125,19170.97265625,156575.90625
2602,26,MI,EITCs,36175872.0,0.46938055753707886,0.4710107147693634,0.11708568259439163,0.0016643804064169331,20413.86328125,38471.7578125,784154.4375,10141.2392578125,19170.97265625,156575.90625
2603,26,MI,CTCs,0.0,-0.0,-0.0,-0.0,-0.0,20305.40625,20305.40625,782562.0,6802.90283203125,6802.90283203125,128183.4375
2603,26,MI,CTCs and EITCs,25337856.0,-0.0,-0.0,0.018182794293609764,0.0025804708426976105,20305.40625,20305.40625,782562.0,6802.90283203125,6802.90283203125,128183.4375
2603,26,MI,EITCs,25337856.0,-0.0,-0.0,0.018182794293609764,0.0025804708426976105,20305.40625,20305.40625,782562.0,6802.90283203125,6802.90283203125,128183.4375
2604,26,MI,CTCs,0.0,-0.0,-0.0,-0.0,-0.0,14975.259765625,14975.259765625,781835.375,3003.734375,3003.734375,216680.09375
2604,26,MI,CTCs and EITCs,66408448.0,0.06364154070615768,0.14385275542736053,0.009534699286003931,0.006603390079675153,14975.259765625,15993.083984375,781835.375,3003.734375,3508.43212890625,216680.09375
2604,26,MI,EITCs,66408448.0,0.06364154070615768,0.14385275542736053,0.009534699286003931,0.006603390079675153,14975.259765625,15993.083984375,781835.375,3003.734375,3508.43212890625,216680.09375
2605,26,MI,CTCs,0.0,-0.0,-0.0,-0.0,-0.0,17027.244140625,17027.244140625,782255.4375,5006.3935546875,5006.3935546875,226384.78125
2605,26,MI,CTCs and EITCs,54259712.0,0.08776150643825531,0.1373855620622635,0.010484661012569821,0.007029678316442152,17027.244140625,18665.34375,782255.4375,5006.3935546875,5803.744140625,226384.78125
2605,26,MI,EITCs,54259712.0,0.08776150643825531,0.1373855620622635,0.010484661012569821,0.007029678316442152,17027.244140625,18665.34375,782255.4375,5006.3935546875,5803.744140625,226384.78125
2606,26,MI,CTCs,0.0,-0.0,-0.0,-0.0,-0.0,72326.28125,72326.28125,780051.5625,19218.20703125,19218.20703125,196970.890625
2606,26,MI,CTCs and EITCs,15757312.0,0.0205812007188797,0.04896141588687897,0.014677635906306446,0.0015908954236409575,72326.28125,73846.125,780051.5625,19218.20703125,20207.599609375,196970.890625
2606,26,MI,EITCs,15757312.0,0.0205812007188797,0.04896141588687897,0.014677635906306446,0.0015908954236409575,72326.28125,73846.125,780051.5625,19218.20703125,20207.599609375,196970.890625
2607,26,MI,CTCs,0.0,-0.0,-0.0,-0.0,-0.0,17599.66015625,17599.66015625,781523.3125,4513.9755859375,4513.9755859375,182027.5625
2607,26,MI,CTCs and EITCs,54906880.0,0.006659235805273056,0.008637411519885063,0.004566143637087264,0.005210117153962331,17599.66015625,17717.646484375,781523.3125,4513.9755859375,4553.30419921875,182027.5625
2607,26,MI,EITCs,54906880.0,0.006659235805273056,0.008637411519885063,0.004566143637087264,0.005210117153962331,17599.66015625,17717.646484375,781523.3125,4513.9755859375,4553.30419921875,182027.5625
2608,26,MI,CTCs,0.0,-0.0,-0.0,-0.0,-0.0,45509.140625,45509.140625,782793.125,2892.0859375,2892.0859375,135194.6875
2608,26,MI,CTCs and EITCs,48136192.0,0.01919773407280445,0.12194479256868362,0.00440070225077938,0.0044737315248293535,45509.140625,46399.9140625,782793.125,2892.0859375,3293.740234375,135194.6875
2608,26,MI,EITCs,48136192.0,0.01919773407280445,0.12194479256868362,0.00440070225077938,0.0044737315248293535,45509.140625,46399.9140625,782793.125,2892.0859375,3293.740234375,135194.6875
2609,26,MI,CTCs,0.0,-0.0,-0.0,-0.0,-0.0,74488.0625,74488.0625,781185.375,5649.80322265625,5649.80322265625,153282.6875
2609,26,MI,CTCs and EITCs,23504896.0,0.006986085791140795,0.04610878601670265,0.002873159869842172,0.002584872907065907,74488.0625,75012.1015625,781185.375,5649.80322265625,5922.9013671875,153282.6875
2609,26,MI,EITCs,23504896.0,0.006986085791140795,0.04610878601670265,0.002873159869842172,0.002584872907065907,74488.0625,75012.1015625,781185.375,5649.80322265625,5922.9013671875,153282.6875
2610,26,MI,CTCs,0.0,-0.0,-0.0,-0.0,-0.0,76533.921875,76533.921875,782330.0,30315.74609375,30315.74609375,143965.1875
2610,26,MI,CTCs and EITCs,60755968.0,0.16093777120113373,0.24246513843536377,0.13586596194218317,0.005587177656710038,76533.921875,91213.640625,782330.0,30315.74609375,40018.9453125,143965.1875
2610,26,MI,EITCs,60755968.0,0.16093777120113373,0.24246513843536377,0.13586596194218317,0.005587177656710038,76533.921875,91213.640625,782330.0,30315.74609375,40018.9453125,143965.1875
2611,26,MI,CTCs,0.0,-0.0,-0.0,-0.0,-0.0,53848.67578125,53848.67578125,783514.75,34505.9375,34505.9375,194382.015625
2611,26,MI,CTCs and EITCs,34856960.0,0.023741422221064568,0.023831630125641823,0.029367376988334776,0.0035033849759794526,53848.67578125,55158.21484375,783514.75,34505.9375,35348.34765625,194382.015625
2611,26,MI,EITCs,34856960.0,0.023741422221064568,0.023831630125641823,0.029367376988334776,0.0035033849759794526,53848.67578125,55158.21484375,783514.75,34505.9375,35348.34765625,194382.015625
2612,26,MI,CTCs,0.0,-0.0,-0.0,-0.0,-0.0,21385.123046875,21385.123046875,780941.5,6531.1142578125,6531.1142578125,136042.265625
2612,26,MI,CTCs and EITCs,42905600.0,-0.0,-0.0,0.01629676412777098,0.004914459135705138,21385.123046875,21385.123046875,780941.5,6531.1142578125,6531.1142578125,136042.265625
2612,26,MI,EITCs,42905600.0,-0.0,-0.0,0.01629676412777098,0.004914459135705138,21385.123046875,21385.123046875,780941.5,6531.1142578125,6531.1142578125,136042.265625
2613,26,MI,CTCs,0.0,-0.0,-0.0,-0.0,-0.0,72759.84375,72759.84375,783777.0,32025.41015625,32025.41015625,220948.390625
2613,26,MI,CTCs and EITCs,89513984.0,0.05912906304001808,0.04004346951842308,0.13262546140769757,0.007383278200301141,72759.84375,77332.4375,783777.0,32025.41015625,33361.3125,220948.390625
2613,26,MI,EITCs,89513984.0,0.05912906304001808,0.04004346951842308,0.13262546140769757,0.007383278200301141,72759.84375,77332.4375,783777.0,32025.41015625,33361.3125,220948.390625
2701,27,MN,CTCs,58382336.0,0.7151666283607483,0.9585484266281128,0.1028695186728116,0.00785612690664364,7281.142578125,25562.8125,720691.125,525.8306884765625,12685.4248046875,137830.125
2701,27,MN,CTCs and EITCs,77852672.0,0.7173295021057129,0.9586601257324219,0.11998007894563029,0.01012202829632507,7281.142578125,25758.408203125,720691.125,525.8306884765625,12719.6845703125,137830.125
2701,27,MN,EITCs,31827968.0,0.01942083053290844,-0.0,0.005098615100009184,0.003996969044296961,7281.142578125,7425.34912109375,720691.125,525.8306884765625,525.8306884765625,137830.125
2702,27,MN,CTCs,49856512.0,0.03619353845715523,0.06430474668741226,0.04344466916046532,0.005319658447619611,42607.203125,44207.21875,718346.6875,10565.0615234375,11291.1357421875,156485.96875
2702,27,MN,CTCs and EITCs,75628544.0,0.04862269014120102,0.08915192633867264,0.05943511462732967,0.007370202700666063,42607.203125,44784.7578125,718346.6875,10565.0615234375,11599.1484375,156485.96875
2702,27,MN,EITCs,27045888.0,0.00010851950355572626,-0.0,0.017307677655234777,0.002195371017672485,42607.203125,42611.828125,718346.6875,10565.0615234375,10565.0615234375,156485.96875
2703,27,MN,CTCs,64753664.0,1.8109508914676553e-07,8.055990861066675e-07,0.019789873557752437,0.007181563661059549,22302.158203125,22302.162109375,722773.5625,4593.8486328125,4593.85205078125,198685.359375
2703,27,MN,CTCs and EITCs,73768960.0,0.09061256051063538,0.10392234474420547,0.025968063051873845,0.007699325378066956,22302.158203125,24524.375,722773.5625,4593.8486328125,5126.61865234375,198685.359375
2703,27,MN,EITCs,15773696.0,0.019620049744844437,-0.0,0.007034739174046455,0.0013050770463265873,22302.158203125,22748.484375,722773.5625,4593.8486328125,4593.8486328125,198685.359375
2704,27,MN,CTCs,78675968.0,0.17359760403633118,0.369670569896698,0.017223813509768305,0.008695919311337091,19559.28125,23667.98828125,719669.5625,3717.448974609375,5897.62890625,201180.359375
2704,27,MN,CTCs and EITCs,113795072.0,0.1776561737060547,0.37294742465019226,0.02192821822642754,0.010011074323819159,19559.28125,23784.796875,719669.5625,3717.448974609375,5928.44873046875,201180.359375
2704,27,MN,EITCs,40337408.0,0.10950876027345657,0.2215837985277176,0.004389028819503819,0.001757605834210123,19559.28125,21964.59765625,719669.5625,3717.448974609375,4775.6572265625,201180.359375
2705,27,MN,CTCs,98627584.0,0.044342041015625,0.09716060012578964,0.026194895583472773,0.0075574166170211746,56365.6171875,58980.953125,720848.625,12000.23828125,13291.6650390625,118950.328125
2705,27,MN,CTCs and EITCs,132169728.0,0.049839042127132416,0.09716060012578964,0.033195991839643293,0.009364028755578579,56365.6171875,59322.1796875,720848.625,12000.23828125,13291.6650390625,118950.328125
2705,27,MN,EITCs,34963456.0,0.026068469509482384,0.03745715320110321,0.007291283811302257,0.0019245198335303354,56365.6171875,57874.3125,720848.625,12000.23828125,12467.2255859375,118950.328125
2706,27,MN,CTCs,42950656.0,0.0681377723813057,0.20559418201446533,0.011816301768808848,0.002762113576123763,23824.6484375,25566.705078125,719578.375,4355.14599609375,5482.2685546875,140916.078125
2706,27,MN,CTCs and EITCs,65245184.0,0.07140407711267471,0.20614658296108246,0.026487448501966354,0.003911671065357339,23824.6484375,25656.63671875,719578.375,4355.14599609375,5486.0830078125,140916.078125
2706,27,MN,EITCs,26058752.0,0.007279248908162117,0.011780841276049614,0.014977860202727258,0.0013020933440947532,23824.6484375,23999.34375,719578.375,4355.14599609375,4407.06494140625,140916.078125
2707,27,MN,CTCs,140939264.0,0.018784040585160255,0.027711346745491028,0.0294494087844677,0.0184196872300354,64644.265625,65881.796875,718112.4375,27114.228515625,27887.015625,244432.90625
2707,27,MN,CTCs and EITCs,166322176.0,0.021868281066417694,0.027829306200146675,0.03916076319265161,0.020554332550599855,64644.265625,66089.53125,718112.4375,27114.228515625,27890.400390625,244432.90625
2707,27,MN,EITCs,35362816.0,0.0030644310172647238,-0.0,0.013010905286779806,0.00348369056565145,64644.265625,64842.97265625,718112.4375,27114.228515625,27114.228515625,244432.90625
2708,27,MN,CTCs,90722304.0,0.29356107115745544,0.7599777579307556,0.005956567862167267,0.0063697816827027525,43588.53125,61701.76953125,720194.4375,2929.873291015625,12206.671875,158519.046875
2708,27,MN,CTCs and EITCs,132169728.0,0.29584458470344543,0.7603480219841003,0.014437981449220554,0.00791488794870194,43588.53125,61901.859375,720194.4375,2929.873291015625,12225.5322265625,158519.046875
2708,27,MN,EITCs,46571520.0,0.003984895534813404,0.0022910507395863533,0.006143718778959552,0.0019237531068449548,43588.53125,43762.921875,720194.4375,2929.873291015625,2936.601318359375,158519.046875
2801,28,MS,CTCs,0.0,-0.0,-0.0,-0.0,-0.0,66247.7734375,66247.7734375,746650.375,14814.849609375,14814.849609375,175168.8125
2801,28,MS,CTCs and EITCs,0.0,-0.0,-0.0,-0.0,-0.0,66247.7734375,66247.7734375,746650.375,14814.849609375,14814.849609375,175168.8125
2801,28,MS,EITCs,0.0,-0.0,-0.0,-0.0,-0.0,66247.7734375,66247.7734375,746650.375,14814.849609375,14814.849609375,175168.8125
2802,28,MS,CTCs,0.0,-0.0,-0.0,-0.0,-0.0,73960.625,73960.625,749469.75,31706.958984375,31706.958984375,207350.25
2802,28,MS,CTCs and EITCs,0.0,-0.0,-0.0,-0.0,-0.0,73960.625,73960.625,749469.75,31706.958984375,31706.958984375,207350.25
2802,28,MS,EITCs,0.0,-0.0,-0.0,-0.0,-0.0,73960.625,73960.625,749469.75,31706.958984375,31706.958984375,207350.25
2803,28,MS,CTCs,0.0,-0.0,-0.0,-0.0,-0.0,112586.796875,112586.796875,747908.875,38100.5390625,38100.5390625,194383.90625
2803,28,MS,CTCs and EITCs,0.0,-0.0,-0.0,-0.0,-0.0,112586.796875,112586.796875,747908.875,38100.5390625,38100.5390625,194383.90625
2803,28,MS,EITCs,0.0,-0.0,-0.0,-0.0,-0.0,112586.796875,112586.796875,747908.875,38100.5390625,38100.5390625,194383.90625
2804,28,MS,CTCs,0.0,-0.0,-0.0,-0.0,-0.0,67861.296875,67861.296875,747086.5625,19358.01171875,19358.01171875,228184.1875
2804,28,MS,CTCs and EITCs,0.0,-0.0,-0.0,-0.0,-0.0,67861.296875,67861.296875,747086.5625,19358.01171875,19358.01171875,228184.1875
2804,28,MS,EITCs,0.0,-0.0,-0.0,-0.0,-0.0,67861.296875,67861.296875,747086.5625,19358.01171875,19358.01171875,228184.1875
2901,29,MO,CTCs,0.0,-0.0,-0.0,-0.0,-0.0,100114.625,100114.625,775452.0,26088.77734375,26088.77734375,154274.015625
2901,29,MO,CTCs and EITCs,10272768.0,-0.0,-0.0,0.005021689763147343,0.0004628715195649808,100114.625,100114.625,775452.0,26088.77734375,26088.77734375,154274.015625
2901,29,MO,EITCs,10272768.0,-0.0,-0.0,0.005021689763147343,0.0004628715195649808,100114.625,100114.625,775452.0,26088.77734375,26088.77734375,154274.015625
2902,29,MO,CTCs,0.0,-0.0,-0.0,-0.0,-0.0,59388.73046875,59388.73046875,775951.6875,18761.52734375,18761.52734375,214224.765625
2902,29,MO,CTCs and EITCs,4462592.0,0.0006930165109224617,0.0007311775698326528,3.0464628419683178e-05,0.00045206848242072383,59388.73046875,59429.9140625,775951.6875,18761.52734375,18775.255859375,214224.765625
2902,29,MO,EITCs,4462592.0,0.0006930165109224617,0.0007311775698326528,3.0464628419683178e-05,0.00045206848242072383,59388.73046875,59429.9140625,775951.6875,18761.52734375,18775.255859375,214224.765625
2903,29,MO,CTCs,0.0,-0.0,-0.0,-0.0,-0.0,60746.25,60746.25,776028.9375,30581.490234375,30581.490234375,229299.46875
2903,29,MO,CTCs and EITCs,5261312.0,8.860530942911282e-05,-0.0,0.00011598416318559844,0.00047375449961105387,60746.25,60751.63671875,776028.9375,30581.490234375,30581.490234375,229299.46875
2903,29,MO,EITCs,5261312.0,8.860530942911282e-05,-0.0,0.00011598416318559844,0.00047375449961105387,60746.25,60751.63671875,776028.9375,30581.490234375,30581.490234375,229299.46875
2904,29,MO,CTCs,0.0,-0.0,-0.0,-0.0,-0.0,85755.90625,85755.90625,774027.875,5345.154296875,5345.154296875,127586.03125
2904,29,MO,CTCs and EITCs,1419264.0,-0.0,-0.0,4.053335469796438e-06,0.00012438445071477484,85755.90625,85755.90625,774027.875,5345.154296875,5345.154296875,127586.03125
2904,29,MO,EITCs,1419264.0,-0.0,-0.0,4.053335469796438e-06,0.00012438445071477484,85755.90625,85755.90625,774027.875,5345.154296875,5345.154296875,127586.03125
2905,29,MO,CTCs,0.0,-0.0,-0.0,-0.0,-0.0,87585.46875,87585.46875,777920.5625,30738.14453125,30738.14453125,162810.0
2905,29,MO,CTCs and EITCs,5279744.0,-0.0,-0.0,6.943611067909155e-05,0.0003243307637348394,87585.46875,87585.46875,777920.5625,30738.14453125,30738.14453125,162810.0
2905,29,MO,EITCs,5279744.0,-0.0,-0.0,6.943611067909155e-05,0.0003243307637348394,87585.46875,87585.46875,777920.5625,30738.14453125,30738.14453125,162810.0
2906,29,MO,CTCs,0.0,-0.0,-0.0,-0.0,-0.0,24978.16015625,24978.16015625,776652.5,10675.7685546875,10675.7685546875,188508.0625
2906,29,MO,CTCs and EITCs,6742016.0,1.1583141912296924e-07,6.57795453662402e-08,6.037093971355403e-05,0.0009070536004818954,24978.16015625,24978.162109375,776652.5,10675.7685546875,10675.76953125,188508.0625
2906,29,MO,EITCs,6742016.0,1.1583141912296924e-07,6.57795453662402e-08,6.037093971355403e-05,0.0009070536004818954,24978.16015625,24978.162109375,776652.5,10675.7685546875,10675.76953125,188508.0625
2907,29,MO,CTCs,0.0,-0.0,-0.0,-0.0,-0.0,60937.2109375,60937.2109375,775402.625,16018.5068359375,16018.5068359375,160989.890625
2907,29,MO,CTCs and EITCs,4036608.0,-0.0,-0.0,0.00016967372421948293,0.00033223980083785183,60937.2109375,60937.2109375,775402.625,16018.5068359375,16018.5068359375,160989.890625
2907,29,MO,EITCs,4036608.0,-0.0,-0.0,0.00016967372421948293,0.00033223980083785183,60937.2109375,60937.2109375,775402.625,16018.5068359375,16018.5068359375,160989.890625
2908,29,MO,CTCs,0.0,-0.0,-0.0,-0.0,-0.0,123781.1953125,123781.1953125,775918.75,51867.2421875,51867.2421875,248818.9375
2908,29,MO,CTCs and EITCs,2609152.0,-0.0,-0.0,0.00015516017917567278,0.0002611506649111713,123781.1953125,123781.1953125,775918.75,51867.2421875,51867.2421875,248818.9375
2908,29,MO,EITCs,2609152.0,-0.0,-0.0,0.00015516017917567278,0.0002611506649111713,123781.1953125,123781.1953125,775918.75,51867.2421875,51867.2421875,248818.9375
3001,30,MT,CTCs,0.0,-0.0,-0.0,-0.0,-0.0,40530.046875,40530.046875,547041.125,6870.28125,6870.28125,123108.03125
3001,30,MT,CTCs and EITCs,10637312.0,-0.0,-0.0,0.001366104892403209,0.001050347045583668,40530.046875,40530.046875,547041.125,6870.28125,6870.28125,123108.03125
3001,30,MT,EITCs,10637312.0,-0.0,-0.0,0.001366104892403209,0.001050347045583668,40530.046875,40530.046875,547041.125,6870.28125,6870.28125,123108.03125
3002,30,MT,CTCs,0.0,-0.0,-0.0,-0.0,-0.0,25997.478515625,25997.478515625,546854.0,5006.494140625,5006.494140625,136298.9375
3002,30,MT,CTCs and EITCs,5629952.0,0.009604202583432198,0.02932741865515709,0.0024379746854285623,0.0006977100572792103,25997.478515625,26249.5859375,546854.0,5006.494140625,5157.7578125,136298.9375
3002,30,MT,EITCs,5629952.0,0.009604202583432198,0.02932741865515709,0.0024379746854285623,0.0006977100572792103,25997.478515625,26249.5859375,546854.0,5006.494140625,5157.7578125,136298.9375
3101,31,NE,CTCs,68333568.0,-0.0,-0.0,0.008530976547941905,0.005198151492295912,33580.76953125,33580.76953125,659527.25,16437.048828125,16437.048828125,162866.4375
3101,31,NE,CTCs and EITCs,79632384.0,0.00249722832813859,0.0026942389085888863,0.010158925736053282,0.006132576998658325,33580.76953125,33664.83984375,659527.25,16437.048828125,16481.453125,162866.4375
3101,31,NE,EITCs,11298816.0,0.00249722832813859,0.0026942389085888863,0.0016560613049444867,0.0009299382570970923,33580.76953125,33664.83984375,659527.25,16437.048828125,16481.453125,162866.4375
3102,31,NE,CTCs,43567104.0,0.003913160879164934,0.006563899107277393,0.010227417380130605,0.004792167399539744,61407.765625,61649.0078125,661795.75,24341.66015625,24502.4921875,205456.46875
3102,31,NE,CTCs and EITCs,51918848.0,0.006314454134553671,0.01057435479015112,0.014230799504341973,0.005830094028111531,61407.765625,61797.98828125,661795.75,24341.66015625,24601.80859375,205456.46875
3102,31,NE,EITCs,8355840.0,0.0024201744236052036,0.0040636430494487286,0.003965953610280014,0.0010460888440895206,61407.765625,61556.7421875,661795.75,24341.66015625,24440.978515625,205456.46875
3103,31,NE,CTCs,34492416.0,0.007374039851129055,0.015492571517825127,0.003484854625029616,0.00259755080318912,22527.8984375,22695.25390625,660465.5625,5317.5498046875,5401.228515625,163965.03125
3103,31,NE,CTCs and EITCs,45426688.0,0.013871777802705765,0.031591203063726425,0.00446140268982806,0.0033476026830933747,22527.8984375,22844.796875,660465.5625,5317.5498046875,5491.017578125,163965.03125
3103,31,NE,EITCs,10936320.0,0.00395552534610033,0.00834196899086237,0.0009488519779304296,0.0007484817533786879,22527.8984375,22617.361328125,660465.5625,5317.5498046875,5362.28173828125,163965.03125
3201,32,NV,CTCs,0.0,-0.0,-0.0,-0.0,-0.0,118704.203125,118704.203125,781593.125,21534.91796875,21534.91796875,213650.25
3201,32,NV,CTCs and EITCs,0.0,-0.0,-0.0,-0.0,-0.0,118704.203125,118704.203125,781593.125,21534.91796875,21534.91796875,213650.25
3201,32,NV,EITCs,0.0,-0.0,-0.0,-0.0,-0.0,118704.203125,118704.203125,781593.125,21534.91796875,21534.91796875,213650.25
3202,32,NV,CTCs,0.0,-0.0,-0.0,-0.0,-0.0,83979.03125,83979.03125,784612.25,14737.58203125,14737.58203125,147590.15625
3202,32,NV,CTCs and EITCs,0.0,-0.0,-0.0,-0.0,-0.0,83979.03125,83979.03125,784612.25,14737.58203125,14737.58203125,147590.15625
3202,32,NV,EITCs,0.0,-0.0,-0.0,-0.0,-0.0,83979.03125,83979.03125,784612.25,14737.58203125,14737.58203125,147590.15625
3203,32,NV,CTCs,0.0,-0.0,-0.0,-0.0,-0.0,50097.859375,50097.859375,781627.0625,9499.306640625,9499.306640625,148686.75
3203,32,NV,CTCs and EITCs,0.0,-0.0,-0.0,-0.0,-0.0,50097.859375,50097.859375,781627.0625,9499.306640625,9499.306640625,148686.75
3203,32,NV,EITCs,0.0,-0.0,-0.0,-0.0,-0.0,50097.859375,50097.859375,781627.0625,9499.306640625,9499.306640625,148686.75
3204,32,NV,CTCs,0.0,-0.0,-0.0,-0.0,-0.0,107812.2578125,107812.2578125,785822.5625,55528.83984375,55528.83984375,236691.71875
3204,32,NV,CTCs and EITCs,0.0,-0.0,-0.0,-0.0,-0.0,107812.2578125,107812.2578125,785822.5625,55528.83984375,55528.83984375,236691.71875
3204,32,NV,EITCs,0.0,-0.0,-0.0,-0.0,-0.0,107812.2578125,107812.2578125,785822.5625,55528.83984375,55528.83984375,236691.71875
3301,33,NH,CTCs,0.0,-0.0,-0.0,-0.0,-0.0,37380.00390625,37380.00390625,694922.75,13515.724609375,13515.724609375,163668.15625
3301,33,NH,CTCs and EITCs,0.0,-0.0,-0.0,-0.0,-0.0,37380.00390625,37380.00390625,694922.75,13515.724609375,13515.724609375,163668.15625
3301,33,NH,EITCs,0.0,-0.0,-0.0,-0.0,-0.0,37380.00390625,37380.00390625,694922.75,13515.724609375,13515.724609375,163668.15625
3302,33,NH,CTCs,0.0,-0.0,-0.0,-0.0,-0.0,26077.3046875,26077.3046875,695249.125,7719.64794921875,7719.64794921875,114372.484375
3302,33,NH,CTCs and EITCs,0.0,-0.0,-0.0,-0.0,-0.0,26077.3046875,26077.3046875,695249.125,7719.64794921875,7719.64794921875,114372.484375
3302,33,NH,EITCs,0.0,-0.0,-0.0,-0.0,-0.0,26077.3046875,26077.3046875,695249.125,7719.64794921875,7719.64794921875,114372.484375
3401,34,NJ,CTCs,32501760.0,0.007042414508759975,0.008103110827505589,0.06357937640784433,0.0037348126007634565,44457.984375,44773.296875,779770.3125,22528.99609375,22713.04296875,121257.203125
3401,34,NJ,CTCs and EITCs,96567296.0,0.032422736287117004,0.030545158311724663,0.09164880336381583,0.0101340351408352,44457.984375,45947.734375,779770.3125,22528.99609375,23238.830078125,121257.203125
3401,34,NJ,EITCs,64065536.0,0.03201669454574585,0.030277041718363762,0.031747061330722116,0.006439278104960094,44457.984375,45928.4609375,779770.3125,22528.99609375,23232.404296875,121257.203125
3402,34,NJ,CTCs,7520256.0,0.011874060146510601,0.019680550321936607,0.007561890706974115,0.0006016646707456536,59603.125,60319.359375,785542.375,16660.1328125,16994.595703125,155979.375
3402,34,NJ,CTCs and EITCs,49422336.0,0.027045806869864464,0.04397784173488617,0.03921496478575122,0.004221714985413355,59603.125,61259.94921875,785542.375,16660.1328125,17426.513671875,155979.375
3402,34,NJ,EITCs,41902080.0,0.027045156806707382,0.04397644102573395,0.03145735862793596,0.003619360323609377,59603.125,61259.91015625,785542.375,16660.1328125,17426.48828125,155979.375
3403,34,NJ,CTCs,4075520.0,-0.0,-0.0,0.003558074300034598,0.0003406234588530623,17336.2421875,17336.2421875,785452.5625,3884.447265625,3884.447265625,188937.59375
3403,34,NJ,CTCs and EITCs,56188928.0,0.45709142088890076,0.6518114805221558,0.05427991274094183,0.00548801977644415,17336.2421875,31932.158203125,785452.5625,3884.447265625,11156.1611328125,188937.59375
3403,34,NJ,EITCs,52109312.0,0.45709139108657837,0.651811420917511,0.05107543409067326,0.005145496034696687,17336.2421875,31932.154296875,785452.5625,3884.447265625,11156.1591796875,188937.59375
3404,34,NJ,CTCs,17760256.0,0.031250111758708954,0.05296137183904648,0.010240707455924558,0.0022024012159579057,85475.109375,88232.3828125,780012.875,30122.953125,31807.5234375,246844.75
3404,34,NJ,CTCs and EITCs,51593216.0,0.0629153624176979,0.09110177308320999,0.017374612915748388,0.005735341237398915,85475.109375,91213.859375,780012.875,30122.953125,33142.2734375,246844.75
3404,34,NJ,EITCs,33832960.0,0.04873555898666382,0.07321559637784958,0.006260433452974664,0.003538943798030149,85475.109375,89854.203125,780012.875,30122.953125,32502.65625,246844.75
3405,34,NJ,CTCs,9216000.0,0.0054044877178967,0.012127403169870377,0.00664717918651085,0.0003598530639474817,25086.234375,25222.55078125,781324.5,6662.39697265625,6744.1865234375,145360.125
3405,34,NJ,CTCs and EITCs,53448704.0,0.08867096900939941,0.16332441568374634,0.02635978631800834,0.0018661156782775518,25086.234375,27527.087890625,781324.5,6662.39697265625,7962.939453125,145360.125
3405,34,NJ,EITCs,44228608.0,0.06893761456012726,0.12996253371238708,0.019232348996394488,0.0015043102140188161,25086.234375,26943.66796875,781324.5,6662.39697265625,7657.59814453125,145360.125
3406,34,NJ,CTCs,57102336.0,0.014980689622461796,0.021659856662154198,0.008652582236769568,0.003688827243294533,35548.3359375,36088.97265625,780383.3125,12209.86328125,12480.1826171875,232240.125
3406,34,NJ,CTCs and EITCs,148783104.0,0.04439466446638107,0.056211140006780624,0.0440939389439593,0.00943440642115717,35548.3359375,37199.80859375,780383.3125,12209.86328125,12937.0712890625,232240.125
3406,34,NJ,EITCs,91680768.0,0.03856373950839043,0.045109692960977554,0.035550137660344004,0.005752311679931592,35548.3359375,36974.19921875,780383.3125,12209.86328125,12786.666015625,232240.125
3407,34,NJ,CTCs,15663104.0,0.003033151850104332,0.009085750207304955,0.001867809080156566,0.000975111496591504,85023.296875,85281.96875,782036.8125,14105.9609375,14235.298828125,189322.0
3407,34,NJ,CTCs and EITCs,38830080.0,0.015981588512659073,0.04830586165189743,0.02080801980214557,0.002663132366629668,85023.296875,86404.171875,782036.8125,14105.9609375,14821.947265625,189322.0
3407,34,NJ,EITCs,23162880.0,0.013707004487514496,0.04204956069588661,0.018942146932987288,0.001687477400847982,85023.296875,86204.90625,782036.8125,14105.9609375,14725.146484375,189322.0
3408,34,NJ,CTCs,35131392.0,0.026944294571876526,0.025270115584135056,0.022403761942825777,0.0012881365170048023,27790.484375,28560.01171875,779414.375,10318.572265625,10586.083984375,178770.890625
3408,34,NJ,CTCs and EITCs,91086848.0,0.5350733995437622,0.6053081154823303,0.19932983174388402,0.0034216218320799953,27790.484375,59773.91015625,779414.375,10318.572265625,26143.359375,178770.890625
3408,34,NJ,EITCs,55959552.0,0.5275291800498962,0.5954102873802185,0.1817537144450027,0.002133663218138152,27790.484375,58819.46875,779414.375,10318.572265625,25503.79296875,178770.890625
3409,34,NJ,CTCs,10522624.0,0.027592701837420464,0.0293588824570179,0.0076152542717777705,0.000699730888859069,31511.64453125,32405.810546875,778577.375,9623.2509765625,9914.32421875,186307.640625
3409,34,NJ,CTCs and EITCs,53977088.0,0.06742425262928009,0.08901838958263397,0.03301392943516388,0.0038452297419674488,31511.64453125,33789.90625,778577.375,9623.2509765625,10563.6064453125,186307.640625
3409,34,NJ,EITCs,43450368.0,0.03971821442246437,0.057679157704114914,0.02522985185980668,0.003145021637787045,31511.64453125,32815.0,778577.375,9623.2509765625,10212.287109375,186307.640625
3410,34,NJ,CTCs,40824832.0,0.016582394018769264,0.029480548575520515,0.01723905059777865,0.002315256078503861,128230.359375,130392.578125,781024.5,38473.171875,39641.8359375,191634.234375
3410,34,NJ,CTCs and EITCs,150876160.0,0.02486262656748295,0.043128080666065216,0.06344322890416537,0.008543863257799187,128230.359375,131499.78125,781024.5,38473.171875,40207.234375,191634.234375
3410,34,NJ,EITCs,110047232.0,0.023643629625439644,0.04182388260960579,0.04727926612376171,0.006228820638666897,128230.359375,131335.609375,781024.5,38473.171875,40152.5078125,191634.234375
3411,34,NJ,CTCs,18190336.0,0.6466953158378601,0.8301645517349243,0.0048790799093178135,0.0014952142644949096,23032.9765625,65192.95703125,781093.75,5157.88671875,30369.900390625,135051.296875
3411,34,NJ,CTCs and EITCs,47247360.0,0.6492052674293518,0.8311513066291809,0.06424323828066199,0.0037981655027431865,23032.9765625,65659.421875,781093.75,5157.88671875,30547.388671875,135051.296875
3411,34,NJ,EITCs,29065216.0,0.6478978991508484,0.8304747343063354,0.02929191321165346,0.002304181992690661,23032.9765625,65415.6171875,781093.75,5157.88671875,30425.486328125,135051.296875
3412,34,NJ,CTCs,23851008.0,-0.0,-0.0,0.018909638573710058,0.0019792146894446147,100558.390625,100558.390625,782744.5,29924.150390625,29924.150390625,150974.171875
3412,34,NJ,CTCs and EITCs,71827456.0,0.31143054366111755,0.47063562273979187,0.04912117628327772,0.006230787671519562,100558.390625,146039.578125,782744.5,29924.150390625,56528.453125,150974.171875
3412,34,NJ,EITCs,47972352.0,0.307526558637619,0.46544504165649414,0.03095171782698238,0.004260476661725799,100558.390625,145216.25,782744.5,29924.150390625,55979.55859375,150974.171875
3501,35,NM,CTCs,61708288.0,0.008214673958718777,0.0019715128000825644,0.03507335544834403,0.006422433853339864,92125.75,92888.8046875,711838.125,26734.529296875,26787.33984375,179713.28125
3501,35,NM,CTCs and EITCs,112125952.0,0.01140686497092247,0.005876757204532623,0.04819004154190483,0.011475797243369673,92125.75,93188.7421875,711838.125,26734.529296875,26892.5703125,179713.28125
3501,35,NM,EITCs,50419712.0,0.001928756246343255,0.002605666872113943,0.013956306835842583,0.005056942052951022,92125.75,92303.78125,711838.125,26734.529296875,26804.37109375,179713.28125
3502,35,NM,CTCs,63793152.0,0.0137487156316638,0.03357582539319992,0.07384061991782354,0.007361941911663604,94060.9921875,95372.2421875,711149.5,25177.712890625,26052.4453125,165622.171875
3502,35,NM,CTCs and EITCs,122052608.0,0.038322027772665024,0.038290783762931824,0.11597263860535907,0.013927812006489453,94060.9921875,97809.2421875,711149.5,25177.712890625,26180.171875,165622.171875
3502,35,NM,EITCs,58259456.0,0.028691060841083527,0.012951823882758617,0.04863337183620318,0.006560866025082885,94060.9921875,96839.421875,711149.5,25177.712890625,25508.08984375,165622.171875
3503,35,NM,CTCs,53194752.0,0.13696034252643585,0.17747990787029266,0.04179920189162869,0.0044883427970766904,63092.1640625,73104.59375,711200.625,21402.38671875,26020.501953125,181385.5
3503,35,NM,CTCs and EITCs,88000512.0,0.29055607318878174,0.32311272621154785,0.05769024632982098,0.007618065472543823,63092.1640625,88931.8515625,711200.625,21402.38671875,31618.833984375,181385.5
3503,35,NM,EITCs,34803712.0,0.0044571696780622005,0.005798518192023039,0.012779131433010571,0.0031371308514191233,63092.1640625,63374.6328125,711200.625,21402.38671875,21527.212890625,181385.5
3601,36,NY,CTCs,24260608.0,0.008288909681141376,0.011848937720060349,0.030923112076246182,0.001658717731516094,92904.171875,93680.6875,786280.6875,47685.33203125,48257.12890625,93759.9140625
3601,36,NY,CTCs and EITCs,82051072.0,0.023152871057391167,0.028909912332892418,0.07559075666295428,0.004743817693089503,92904.171875,95106.15625,786280.6875,47685.33203125,49104.94921875,93759.9140625
3601,36,NY,EITCs,57786368.0,0.0009474140242673457,0.0007384917116723955,0.047008292757305906,0.0030912052835045927,92904.171875,92992.2734375,786280.6875,47685.33203125,47720.57421875,93759.9140625
3602,36,NY,CTCs,52750336.0,0.007769853807985783,0.01104755513370037,0.02498334294766418,0.0021768873149363354,87969.171875,88658.03125,784127.1875,25100.908203125,25381.310546875,128353.6953125
3602,36,NY,CTCs and EITCs,82247680.0,0.01941300556063652,0.029106445610523224,0.08344877313961771,0.0036991670749161624,87969.171875,89710.7265625,784127.1875,25100.908203125,25853.41015625,128353.6953125
3602,36,NY,EITCs,29499392.0,0.0178740955889225,0.02513081766664982,0.060798826208803926,0.0015228770093409047,87969.171875,89570.15625,784127.1875,25100.908203125,25747.9765625,128353.6953125
3603,36,NY,CTCs,19660800.0,0.031962160021066666,0.06921832263469696,0.01158552974404456,0.0015497439650828122,33886.484375,35005.33203125,786500.875,6678.3984375,7175.04296875,141067.5
3603,36,NY,CTCs and EITCs,47828992.0,0.044438548386096954,0.09794863313436508,0.03186715299956997,0.0036496894061551675,33886.484375,35462.3828125,786500.875,6678.3984375,7403.56787109375,141067.5
3603,36,NY,EITCs,28160000.0,0.022447431460022926,0.05569596588611603,0.019740209614755408,0.0021043178675131595,33886.484375,34664.6171875,786500.875,6678.3984375,7072.296875,141067.5
3604,36,NY,CTCs,28409856.0,0.0007350640371441841,0.0014870716258883476,0.03176173343109168,0.000728197604740227,134863.984375,134963.1875,783251.9375,33305.58984375,33355.19140625,260095.65625
3604,36,NY,CTCs and EITCs,83492864.0,0.0023672706447541714,0.004659927915781736,0.07210302110758278,0.001953086630023427,134863.984375,135184.0,783251.9375,33305.58984375,33461.51953125,260095.65625
3604,36,NY,EITCs,55091200.0,0.0005325537058524787,0.0012930437223985791,0.0428692071069029,0.0012260136471437275,134863.984375,134935.84375,783251.9375,33305.58984375,33348.7109375,260095.65625
3605,36,NY,CTCs,17399808.0,0.009220268577337265,0.022990118712186813,0.011623544520920404,0.0005237527838437716,64291.8359375,64890.13671875,784186.75,8296.806640625,8492.0400390625,133901.890625
3605,36,NY,CTCs and EITCs,44654592.0,0.28904467821121216,0.6081992983818054,0.07136610792974914,0.0013207339274563061,64291.8359375,90430.203125,784186.75,8296.806640625,21176.08984375,133901.890625
3605,36,NY,EITCs,27254784.0,0.28226640820503235,0.6016032695770264,0.04744813465327854,0.0007963227107751775,64291.8359375,89576.1796875,784186.75,8296.806640625,20825.486328125,133901.890625
3606,36,NY,CTCs,75276288.0,0.030025023967027664,0.07850637286901474,0.03580176630132505,0.005017114120313535,235811.875,243111.3125,780413.125,40383.22265625,43823.66015625,208931.5625
3606,36,NY,CTCs and EITCs,118099968.0,0.0498434416949749,0.1328100711107254,0.04678421113910865,0.008671323264760852,235811.875,248182.140625,780413.125,40383.22265625,46567.91015625,208931.5625
3606,36,NY,EITCs,42823680.0,0.012333624064922333,0.03043358214199543,0.010845574284382733,0.003645378977901737,235811.875,238756.625,780413.125,40383.22265625,41650.8046875,208931.5625
3607,36,NY,CTCs,66252800.0,0.009749162942171097,0.009173782542347908,0.06789254332358496,0.004035246789101504,204545.21875,206558.984375,784588.875,84890.25,85676.2265625,244121.609375
3607,36,NY,CTCs and EITCs,145035264.0,0.0194893516600132,0.023976782336831093,0.15722194967758296,0.009305737047481505,204545.21875,208610.90625,784588.875,84890.25,86975.6484375,244121.609375
3607,36,NY,EITCs,78782464.0,0.008158985525369644,0.00946136750280857,0.10150707600539965,0.005246632901330763,204545.21875,206227.8125,784588.875,84890.25,85701.1015625,244121.609375
3608,36,NY,CTCs,42823680.0,0.023932354524731636,0.05261000618338585,0.04482278875341363,0.0030132289752767627,113702.8125,116490.71875,782810.9375,35374.18359375,37338.56640625,213140.9375
3608,36,NY,CTCs and EITCs,95436800.0,0.04763755574822426,0.09329448640346527,0.1046271299690281,0.006472411188617248,113702.8125,119390.28125,782810.9375,35374.18359375,39013.97265625,213140.9375
3608,36,NY,EITCs,52609024.0,0.021819865331053734,0.03777529299259186,0.06228951400863805,0.0034641180150726475,113702.8125,116239.140625,782810.9375,35374.18359375,36762.9140625,213140.9375
3609,36,NY,CTCs,61581312.0,0.01311380323022604,0.05215701088309288,0.012749297110459365,0.0031964613030183693,142818.59375,144716.375,785302.4375,21574.96875,22762.17578125,188822.65625
3609,36,NY,CTCs and EITCs,146237440.0,0.037869639694690704,0.13640758395195007,0.025866339174213476,0.008112827007203383,142818.59375,148439.953125,785302.4375,21574.96875,24982.814453125,188822.65625
3609,36,NY,EITCs,84656128.0,0.012829151935875416,0.048717740923166275,0.01243593117261019,0.004917255980994303,142818.59375,144674.640625,785302.4375,21574.96875,22679.880859375,188822.65625
3610,36,NY,CTCs,84959232.0,0.029767317697405815,0.06181786581873894,0.01563360845620773,0.004253227866274801,137583.390625,141804.53125,782876.25,39991.33984375,42626.41015625,273860.3125
3610,36,NY,CTCs and EITCs,131874816.0,0.03303375840187073,0.06705985218286514,0.026775992422593792,0.007055313252034437,137583.390625,142283.546875,782876.25,39991.33984375,42865.921875,273860.3125
3610,36,NY,EITCs,46919680.0,0.02530745230615139,0.05219995230436325,0.010805712896170524,0.0028047334350150646,137583.390625,141155.671875,782876.25,39991.33984375,42193.85546875,273860.3125
3611,36,NY,CTCs,49786880.0,0.045606113970279694,0.09045431017875671,0.012161811134923565,0.0019461358627703232,54620.33984375,57230.3984375,785815.5625,11701.9130859375,12865.66796875,212619.671875
3611,36,NY,CTCs and EITCs,86372352.0,0.08051418513059616,0.16391295194625854,0.02651438997278683,0.003581696391769211,54620.33984375,59403.1328125,785815.5625,11701.9130859375,13996.0458984375,212619.671875
3611,36,NY,EITCs,36581376.0,0.06255156546831131,0.1336163729429245,0.012996536620151284,0.0016330108478144418,54620.33984375,58264.8984375,785815.5625,11701.9130859375,13506.619140625,212619.671875
3612,36,NY,CTCs,52588544.0,-0.0,-0.0,0.015127400789895204,0.0021041830752007735,386428.0,386428.0,780677.1875,97501.0078125,97501.0078125,180147.625
3612,36,NY,CTCs and EITCs,106323968.0,-0.0,-0.0,0.030272618202453538,0.004824724903564848,386428.0,386428.0,780677.1875,97501.0078125,97501.0078125,180147.625
3612,36,NY,EITCs,53739520.0,-0.0,-0.0,0.015610357120924968,0.0026968893706815697,386428.0,386428.0,780677.1875,97501.0078125,97501.0078125,180147.625
3613,36,NY,CTCs,47167488.0,0.0037363055162131786,0.005955364555120468,0.015103694794080982,0.0029003493818072637,346911.25,348212.28125,784122.5,77795.28125,78261.3515625,156390.34375
3613,36,NY,CTCs and EITCs,88150016.0,0.014501199126243591,0.030169058591127396,0.024370193692993466,0.0049391169408491385,346911.25,352015.90625,784122.5,77795.28125,80215.296875,156390.34375
3613,36,NY,EITCs,40982528.0,0.00604515615850687,0.010519437491893768,0.008971133937143142,0.0020283452069988495,346911.25,349021.125,784122.5,77795.28125,78622.34375,156390.34375
3614,36,NY,CTCs,54900736.0,0.012830408290028572,0.02926214039325714,0.014875569684193657,0.0032538666122199256,215234.9375,218032.390625,786996.625,55084.375,56744.8515625,174114.59375
3614,36,NY,CTCs and EITCs,101808128.0,0.027849728241562843,0.057572126388549805,0.027063596708855366,0.007199476241671068,215234.9375,221400.90625,786996.625,55084.375,58449.43359375,174114.59375
3614,36,NY,EITCs,46907392.0,0.015675680711865425,0.03371116891503334,0.011913581307421095,0.004021739629635561,215234.9375,218662.625,786996.625,55084.375,57006.1171875,174114.59375
3615,36,NY,CTCs,65513472.0,0.004331202711910009,0.01598791778087616,0.011099483561794455,0.002919870896874003,237610.109375,238643.734375,785254.625,34794.16796875,35359.4921875,181694.21875
3615,36,NY,CTCs and EITCs,121294848.0,0.03195144981145859,0.09823822975158691,0.028770267506850054,0.007368873271685694,237610.109375,245452.6875,785254.625,34794.16796875,38584.65625,181694.21875
3615,36,NY,EITCs,55783424.0,0.016831807792186737,0.04240340739488602,0.017311613099548647,0.004420979368484661,237610.109375,241678.0,785254.625,34794.16796875,36334.890625,181694.21875
3616,36,NY,CTCs,21577728.0,0.004040795844048262,0.007961590774357319,0.009660514896940762,0.0010489585630622928,92572.578125,92948.1640625,784385.5625,22063.83984375,22240.9140625,148004.96875
3616,36,NY,CTCs and EITCs,40640512.0,0.00947498343884945,0.019205400720238686,0.03218129925542351,0.0021260260739613666,92572.578125,93458.09375,784385.5625,22063.83984375,22495.8828125,148004.96875
3616,36,NY,EITCs,19062784.0,0.004040795844048262,0.007961590774357319,0.022776152907739267,0.0010770960634965273,92572.578125,92948.1640625,784385.5625,22063.83984375,22240.9140625,148004.96875
3617,36,NY,CTCs,39424000.0,0.03434237465262413,0.0658077523112297,0.020744017914262846,0.003571812644632505,66516.453125,68882.0234375,785042.375,19942.5703125,21347.39453125,219937.609375
3617,36,NY,CTCs and EITCs,52432896.0,0.05430081859230995,0.08598724007606506,0.03865233901295758,0.004532860464819818,66516.453125,70335.7421875,785042.375,19942.5703125,21818.69921875,219937.609375
3617,36,NY,EITCs,13008896.0,0.03279062733054161,0.04035968706011772,0.017522543293594303,0.0009632708493303467,66516.453125,68771.515625,785042.375,19942.5703125,20781.296875,219937.609375
3618,36,NY,CTCs,54067200.0,0.007398686371743679,0.09213826805353165,0.005372599178543423,0.0034444849665354288,192619.625,194055.375,783986.0,10474.6552734375,11537.720703125,170536.28125
3618,36,NY,CTCs and EITCs,87504896.0,0.014701178297400475,0.1481279879808426,0.017158014842266766,0.006649023915019686,192619.625,195493.609375,783986.0,10474.6552734375,12296.04296875,170536.28125
3618,36,NY,EITCs,33441792.0,0.010341140441596508,0.10639945417642593,0.011723495241138067,0.003159196771677955,192619.625,194632.34375,783986.0,10474.6552734375,11721.853515625,170536.28125
3619,36,NY,CTCs,42434560.0,0.0308760404586792,0.1421685814857483,0.008909947667049063,0.0037727955504696336,112168.125,115741.765625,786801.625,12583.35546875,14668.796875,153333.015625
3619,36,NY,CTCs and EITCs,89147392.0,0.03533410653471947,0.15366752445697784,0.027574137495218688,0.008419653368201864,112168.125,116276.65625,786801.625,12583.35546875,14868.099609375,153333.015625
3619,36,NY,EITCs,46714880.0,0.016850916668772697,0.06859384477138519,0.01867763395940811,0.004653327212606994,112168.125,114090.6484375,786801.625,12583.35546875,13510.0625,153333.015625
3620,36,NY,CTCs,23678976.0,0.07649549841880798,0.19130976498126984,0.007075733193883302,0.0020534436491825097,13019.48046875,14097.908203125,783163.875,2055.715576171875,2542.03076171875,147320.09375
3620,36,NY,CTCs and EITCs,37576704.0,0.09206338971853256,0.22801505029201508,0.015268531956884691,0.0033116612495208116,13019.48046875,14339.63671875,783163.875,2055.715576171875,2662.895751953125,147320.09375
3620,36,NY,EITCs,13897728.0,0.09008407592773438,0.22255045175552368,0.007438200437047793,0.0012590437547013802,13019.48046875,14308.443359375,783163.875,2055.715576171875,2644.1787109375,147320.09375
3621,36,NY,CTCs,86603776.0,0.021811451762914658,0.08211103081703186,0.027178953969472237,0.004052192808068906,40414.921875,41316.0859375,784636.8125,5177.626953125,5640.798828125,210922.46875
3621,36,NY,CTCs and EITCs,177164288.0,0.031908970326185226,0.11522013694047928,0.06823190576953811,0.00961176888158541,40414.921875,41747.02734375,784636.8125,5177.626953125,5851.88134765625,210922.46875
3621,36,NY,EITCs,90560512.0,0.02621849626302719,0.09519826620817184,0.039709434436510795,0.005532854642955556,40414.921875,41503.0703125,784636.8125,5177.626953125,5722.38818359375,210922.46875
3622,36,NY,CTCs,66816000.0,0.008177418261766434,0.020466787740588188,0.02475940075350913,0.0046523539042218,93102.4296875,93870.046875,785773.5625,24795.94921875,25314.046875,209920.453125
3622,36,NY,CTCs and EITCs,122347520.0,0.019326599314808846,0.03942615166306496,0.07138409334983396,0.01111697693537238,93102.4296875,94937.2421875,785773.5625,24795.94921875,25813.68359375,209920.453125
3622,36,NY,EITCs,55529472.0,0.01007781457155943,0.01808977872133255,0.04834703826722935,0.006431026310163481,93102.4296875,94050.25,785773.5625,24795.94921875,25252.765625,209920.453125
3623,36,NY,CTCs,47155200.0,0.005658670328557491,0.005536483600735664,0.024207657904951545,0.0036430559043498147,40549.22265625,40779.984375,783896.625,19437.771484375,19545.98828125,176413.921875
3623,36,NY,CTCs and EITCs,68057088.0,0.006660219747573137,0.006793852895498276,0.038106105452089485,0.006016827738882668,40549.22265625,40821.1015625,783896.625,19437.771484375,19570.732421875,176413.921875
3623,36,NY,EITCs,20899840.0,0.00046235276386141777,0.0005826141568832099,0.014575234409084745,0.002330738407391012,40549.22265625,40567.98046875,783896.625,19437.771484375,19449.103515625,176413.921875
3624,36,NY,CTCs,71991296.0,0.0042774188332259655,0.007434906903654337,0.0070800708630623386,0.005594465383185522,15341.736328125,15407.640625,784289.625,3021.779296875,3044.4140625,151908.078125
3624,36,NY,CTCs and EITCs,104869888.0,0.043471626937389374,0.1408567577600479,0.011272623057999857,0.008035082434448157,15341.736328125,16038.9765625,784289.625,3021.779296875,3517.20068359375,151908.078125
3624,36,NY,EITCs,32878592.0,0.005202512256801128,0.007703650742769241,0.004069601422429868,0.002451082368862398,15341.736328125,15421.9697265625,784289.625,3021.779296875,3045.23876953125,151908.078125
3625,36,NY,CTCs,40054784.0,0.0018753876211121678,0.0043304613791406155,0.05634631210478366,0.0036629765582210064,125847.3671875,126083.828125,784782.25,43493.8359375,43683.00390625,158939.5625
3625,36,NY,CTCs and EITCs,74801152.0,0.002121577039361,0.004684785846620798,0.10276462970307652,0.006700069707890299,125847.3671875,126114.9296875,784782.25,43493.8359375,43698.5546875,158939.5625
3625,36,NY,EITCs,34746368.0,0.00024702231166884303,0.00035730391391552985,0.051806239014414696,0.0030459391817722102,125847.3671875,125878.46875,784782.25,43493.8359375,43509.3828125,158939.5625
3626,36,NY,CTCs,67989504.0,0.009487000294029713,0.012375058606266975,0.08006128510036224,0.00539998459748199,57120.1640625,57667.25,783569.375,23838.1796875,24136.875,205939.265625
3626,36,NY,CTCs and EITCs,129075200.0,0.472513347864151,0.41813912987709045,0.15893593882424664,0.011572284320050323,57120.1640625,108287.40625,783569.375,23838.1796875,40968.8671875,205939.265625
3626,36,NY,EITCs,61083648.0,0.472349613904953,0.4179004430770874,0.08299429404653422,0.006183984316424859,57120.1640625,108253.8046875,783569.375,23838.1796875,40952.06640625,205939.265625
3701,37,NC,CTCs,0.0,-0.0,-0.0,-0.0,-0.0,23985.375,23985.375,751852.5,5592.1953125,5592.1953125,184385.296875
3701,37,NC,CTCs and EITCs,0.0,-0.0,-0.0,-0.0,-0.0,23985.375,23985.375,751852.5,5592.1953125,5592.1953125,184385.296875
3701,37,NC,EITCs,0.0,-0.0,-0.0,-0.0,-0.0,23985.375,23985.375,751852.5,5592.1953125,5592.1953125,184385.296875
3702,37,NC,CTCs,0.0,-0.0,-0.0,-0.0,-0.0,42301.97265625,42301.97265625,753446.5,11705.75,11705.75,177011.96875
3702,37,NC,CTCs and EITCs,0.0,-0.0,-0.0,-0.0,-0.0,42301.97265625,42301.97265625,753446.5,11705.75,11705.75,177011.96875
3702,37,NC,EITCs,0.0,-0.0,-0.0,-0.0,-0.0,42301.97265625,42301.97265625,753446.5,11705.75,11705.75,177011.96875
3703,37,NC,CTCs,0.0,-0.0,-0.0,-0.0,-0.0,23886.703125,23886.703125,753425.3125,3469.598876953125,3469.598876953125,124478.6640625
3703,37,NC,CTCs and EITCs,0.0,-0.0,-0.0,-0.0,-0.0,23886.703125,23886.703125,753425.3125,3469.598876953125,3469.598876953125,124478.6640625
3703,37,NC,EITCs,0.0,-0.0,-0.0,-0.0,-0.0,23886.703125,23886.703125,753425.3125,3469.598876953125,3469.598876953125,124478.6640625
3704,37,NC,CTCs,0.0,-0.0,-0.0,-0.0,-0.0,59248.4140625,59248.4140625,754236.75,7098.6201171875,7098.6201171875,152173.125
3704,37,NC,CTCs and EITCs,0.0,-0.0,-0.0,-0.0,-0.0,59248.4140625,59248.4140625,754236.75,7098.6201171875,7098.6201171875,152173.125
3704,37,NC,EITCs,0.0,-0.0,-0.0,-0.0,-0.0,59248.4140625,59248.4140625,754236.75,7098.6201171875,7098.6201171875,152173.125
3705,37,NC,CTCs,0.0,-0.0,-0.0,-0.0,-0.0,39136.9375,39136.9375,753758.25,13334.365234375,13334.365234375,214152.1875
3705,37,NC,CTCs and EITCs,0.0,-0.0,-0.0,-0.0,-0.0,39136.9375,39136.9375,753758.25,13334.365234375,13334.365234375,214152.1875
3705,37,NC,EITCs,0.0,-0.0,-0.0,-0.0,-0.0,39136.9375,39136.9375,753758.25,13334.365234375,13334.365234375,214152.1875
3706,37,NC,CTCs,0.0,-0.0,-0.0,-0.0,-0.0,84096.875,84096.875,751948.4375,39410.1640625,39410.1640625,236132.8125
3706,37,NC,CTCs and EITCs,0.0,-0.0,-0.0,-0.0,-0.0,84096.875,84096.875,751948.4375,39410.1640625,39410.1640625,236132.8125
3706,37,NC,EITCs,0.0,-0.0,-0.0,-0.0,-0.0,84096.875,84096.875,751948.4375,39410.1640625,39410.1640625,236132.8125
3707,37,NC,CTCs,0.0,-0.0,-0.0,-0.0,-0.0,23511.984375,23511.984375,752329.3125,6187.041015625,6187.041015625,207285.78125
3707,37,NC,CTCs and EITCs,0.0,-0.0,-0.0,-0.0,-0.0,23511.984375,23511.984375,752329.3125,6187.041015625,6187.041015625,207285.78125
3707,37,NC,EITCs,0.0,-0.0,-0.0,-0.0,-0.0,23511.984375,23511.984375,752329.3125,6187.041015625,6187.041015625,207285.78125
3708,37,NC,CTCs,0.0,-0.0,-0.0,-0.0,-0.0,20444.466796875,20444.466796875,751871.3125,5419.4326171875,5419.4326171875,167575.0625
3708,37,NC,CTCs and EITCs,0.0,-0.0,-0.0,-0.0,-0.0,20444.466796875,20444.466796875,751871.3125,5419.4326171875,5419.4326171875,167575.0625
3708,37,NC,EITCs,0.0,-0.0,-0.0,-0.0,-0.0,20444.466796875,20444.466796875,751871.3125,5419.4326171875,5419.4326171875,167575.0625
3709,37,NC,CTCs,0.0,-0.0,-0.0,-0.0,-0.0,32090.21875,32090.21875,753286.75,8230.1708984375,8230.1708984375,250543.5625
3709,37,NC,CTCs and EITCs,0.0,-0.0,-0.0,-0.0,-0.0,32090.21875,32090.21875,753286.75,8230.1708984375,8230.1708984375,250543.5625
3709,37,NC,EITCs,0.0,-0.0,-0.0,-0.0,-0.0,32090.21875,32090.21875,753286.75,8230.1708984375,8230.1708984375,250543.5625
3710,37,NC,CTCs,0.0,-0.0,-0.0,-0.0,-0.0,49986.578125,49986.578125,752194.625,10927.705078125,10927.705078125,135974.1875
3710,37,NC,CTCs and EITCs,0.0,-0.0,-0.0,-0.0,-0.0,49986.578125,49986.578125,752194.625,10927.705078125,10927.705078125,135974.1875
3710,37,NC,EITCs,0.0,-0.0,-0.0,-0.0,-0.0,49986.578125,49986.578125,752194.625,10927.705078125,10927.705078125,135974.1875
3711,37,NC,CTCs,0.0,-0.0,-0.0,-0.0,-0.0,44462.7265625,44462.7265625,753686.0625,18435.107421875,18435.107421875,179389.5625
3711,37,NC,CTCs and EITCs,0.0,-0.0,-0.0,-0.0,-0.0,44462.7265625,44462.7265625,753686.0625,18435.107421875,18435.107421875,179389.5625
3711,37,NC,EITCs,0.0,-0.0,-0.0,-0.0,-0.0,44462.7265625,44462.7265625,753686.0625,18435.107421875,18435.107421875,179389.5625
3712,37,NC,CTCs,0.0,-0.0,-0.0,-0.0,-0.0,55943.734375,55943.734375,751743.75,23965.54296875,23965.54296875,189979.609375
3712,37,NC,CTCs and EITCs,0.0,-0.0,-0.0,-0.0,-0.0,55943.734375,55943.734375,751743.75,23965.54296875,23965.54296875,189979.609375
3712,37,NC,EITCs,0.0,-0.0,-0.0,-0.0,-0.0,55943.734375,55943.734375,751743.75,23965.54296875,23965.54296875,189979.609375
3713,37,NC,CTCs,0.0,-0.0,-0.0,-0.0,-0.0,74418.09375,74418.09375,751864.75,21952.76171875,21952.76171875,150638.3125
3713,37,NC,CTCs and EITCs,0.0,-0.0,-0.0,-0.0,-0.0,74418.09375,74418.09375,751864.75,21952.76171875,21952.76171875,150638.3125
3713,37,NC,EITCs,0.0,-0.0,-0.0,-0.0,-0.0,74418.09375,74418.09375,751864.75,21952.76171875,21952.76171875,150638.3125
3714,37,NC,CTCs,0.0,-0.0,-0.0,-0.0,-0.0,171442.234375,171442.234375,754734.0,75648.296875,75648.296875,191084.09375
3714,37,NC,CTCs and EITCs,0.0,-0.0,-0.0,-0.0,-0.0,171442.234375,171442.234375,754734.0,75648.296875,75648.296875,191084.09375
3714,37,NC,EITCs,0.0,-0.0,-0.0,-0.0,-0.0,171442.234375,171442.234375,754734.0,75648.296875,75648.296875,191084.09375
3800,38,ND,CTCs,0.0,-0.0,-0.0,-0.0,-0.0,52324.69140625,52324.69140625,785388.125,20729.154296875,20729.154296875,202707.796875
3800,38,ND,CTCs and EITCs,0.0,-0.0,-0.0,-0.0,-0.0,52324.69140625,52324.69140625,785388.125,20729.154296875,20729.154296875,202707.796875
3800,38,ND,EITCs,0.0,-0.0,-0.0,-0.0,-0.0,52324.69140625,52324.69140625,785388.125,20729.154296875,20729.154296875,202707.796875
3901,39,OH,CTCs,0.0,-0.0,-0.0,-0.0,-0.0,31073.50390625,31073.50390625,794347.4375,11291.1171875,11291.1171875,178073.71875
3901,39,OH,CTCs and EITCs,1908736.0,-0.0,-0.0,1.734786391484963e-05,0.0001830997654347564,31073.50390625,31073.50390625,794347.4375,11291.1171875,11291.1171875,178073.71875
3901,39,OH,EITCs,1908736.0,-0.0,-0.0,1.734786391484963e-05,0.0001830997654347564,31073.50390625,31073.50390625,794347.4375,11291.1171875,11291.1171875,178073.71875
3902,39,OH,CTCs,0.0,-0.0,-0.0,-0.0,-0.0,92637.0234375,92637.0234375,792528.4375,60180.66015625,60180.66015625,209297.71875
3902,39,OH,CTCs and EITCs,2408448.0,-0.0,-0.0,0.0003748688085452474,0.00017208457839554451,92637.0234375,92637.0234375,792528.4375,60180.66015625,60180.66015625,209297.71875
3902,39,OH,EITCs,2408448.0,-0.0,-0.0,0.0003748688085452474,0.00017208457839554451,92637.0234375,92637.0234375,792528.4375,60180.66015625,60180.66015625,209297.71875
3903,39,OH,CTCs,0.0,-0.0,-0.0,-0.0,-0.0,46689.640625,46689.640625,795917.9375,11756.3642578125,11756.3642578125,149593.75
3903,39,OH,CTCs and EITCs,5113856.0,0.01674060709774494,0.031821172684431076,0.0005469166089712308,0.0004146490396482997,46689.640625,47484.5625,795917.9375,11756.3642578125,12142.7607421875,149593.75
3903,39,OH,EITCs,5113856.0,0.01674060709774494,0.031821172684431076,0.0005469166089712308,0.0004146490396482997,46689.640625,47484.5625,795917.9375,11756.3642578125,12142.7607421875,149593.75
3904,39,OH,CTCs,0.0,-0.0,-0.0,-0.0,-0.0,14688.830078125,14688.830078125,791540.75,4819.35009765625,4819.35009765625,175247.078125
3904,39,OH,CTCs and EITCs,1961984.0,-0.0,-0.0,0.0005315285365651888,0.00021495907358771315,14688.830078125,14688.830078125,791540.75,4819.35009765625,4819.35009765625,175247.078125
3904,39,OH,EITCs,1961984.0,-0.0,-0.0,0.0005315285365651888,0.00021495907358771315,14688.830078125,14688.830078125,791540.75,4819.35009765625,4819.35009765625,175247.078125
3905,39,OH,CTCs,0.0,-0.0,-0.0,-0.0,-0.0,30525.4765625,30525.4765625,794615.25,3295.17236328125,3295.17236328125,235400.875
3905,39,OH,CTCs and EITCs,1667072.0,-0.0,-0.0,0.00010791414993314615,0.00024166294704749768,30525.4765625,30525.4765625,794615.25,3295.17236328125,3295.17236328125,235400.875
3905,39,OH,EITCs,1667072.0,-0.0,-0.0,0.00010791414993314615,0.00024166294704749768,30525.4765625,30525.4765625,794615.25,3295.17236328125,3295.17236328125,235400.875
3906,39,OH,CTCs,0.0,-0.0,-0.0,-0.0,-0.0,78767.34375,78767.34375,792374.1875,12474.888671875,12474.888671875,232965.65625
3906,39,OH,CTCs and EITCs,10557440.0,-0.0,-0.0,0.00016042684579408817,0.0004392673556838241,78767.34375,78767.34375,792374.1875,12474.888671875,12474.888671875,232965.65625
3906,39,OH,EITCs,10557440.0,-0.0,-0.0,0.00016042684579408817,0.0004392673556838241,78767.34375,78767.34375,792374.1875,12474.888671875,12474.888671875,232965.65625
3907,39,OH,CTCs,0.0,-0.0,-0.0,-0.0,-0.0,16294.369140625,16294.369140625,794569.1875,6248.00732421875,6248.00732421875,203374.984375
3907,39,OH,CTCs and EITCs,2455552.0,0.00026560411788523197,-0.0,8.306548197939909e-05,0.00019583917830800595,16294.369140625,16298.69921875,794569.1875,6248.00732421875,6248.00732421875,203374.984375
3907,39,OH,EITCs,2455552.0,0.00026560411788523197,-0.0,8.306548197939909e-05,0.00019583917830800595,16294.369140625,16298.69921875,794569.1875,6248.00732421875,6248.00732421875,203374.984375
3908,39,OH,CTCs,0.0,-0.0,-0.0,-0.0,-0.0,16009.296875,16009.296875,792470.0625,5850.30322265625,5850.30322265625,215558.65625
3908,39,OH,CTCs and EITCs,4190208.0,-0.0,-0.0,0.0002965177391476544,5.220617397272479e-05,16009.296875,16009.296875,792470.0625,5850.30322265625,5850.30322265625,215558.65625
3908,39,OH,EITCs,4190208.0,-0.0,-0.0,0.0002965177391476544,5.220617397272479e-05,16009.296875,16009.296875,792470.0625,5850.30322265625,5850.30322265625,215558.65625
3909,39,OH,CTCs,0.0,-0.0,-0.0,-0.0,-0.0,57249.2578125,57249.2578125,792973.5,11852.615234375,11852.615234375,205701.609375
3909,39,OH,CTCs and EITCs,19456000.0,-0.0,-0.0,8.879515210242868e-05,0.0009487713048872281,57249.2578125,57249.2578125,792973.5,11852.615234375,11852.615234375,205701.609375
3909,39,OH,EITCs,19456000.0,-0.0,-0.0,8.879515210242868e-05,0.0009487713048872281,57249.2578125,57249.2578125,792973.5,11852.615234375,11852.615234375,205701.609375
3910,39,OH,CTCs,0.0,-0.0,-0.0,-0.0,-0.0,114598.0703125,114598.0703125,793521.4375,24768.828125,24768.828125,158818.25
3910,39,OH,CTCs and EITCs,7835648.0,-0.0,-0.0,1.903905374649413e-05,0.0005832092405152523,114598.0703125,114598.0703125,793521.4375,24768.828125,24768.828125,158818.25
3910,39,OH,EITCs,7835648.0,-0.0,-0.0,1.903905374649413e-05,0.0005832092405152523,114598.0703125,114598.0703125,793521.4375,24768.828125,24768.828125,158818.25
3911,39,OH,CTCs,0.0,-0.0,-0.0,-0.0,-0.0,39271.71875,39271.71875,796085.625,12772.375,12772.375,151124.09375
3911,39,OH,CTCs and EITCs,5210112.0,-0.0,-0.0,-0.0,0.0004100286271199456,39271.71875,39271.71875,796085.625,12772.375,12772.375,151124.09375
3911,39,OH,EITCs,5210112.0,-0.0,-0.0,-0.0,0.0004100286271199456,39271.71875,39271.71875,796085.625,12772.375,12772.375,151124.09375
3912,39,OH,CTCs,0.0,-0.0,-0.0,-0.0,-0.0,23519.00390625,23519.00390625,797730.375,8381.57421875,8381.57421875,188763.6875
3912,39,OH,CTCs and EITCs,4077568.0,-0.0,-0.0,3.282719141973046e-05,0.0005375696174353595,23519.00390625,23519.00390625,797730.375,8381.57421875,8381.57421875,188763.6875
3912,39,OH,EITCs,4077568.0,-0.0,-0.0,3.282719141973046e-05,0.0005375696174353595,23519.00390625,23519.00390625,797730.375,8381.57421875,8381.57421875,188763.6875
3913,39,OH,CTCs,0.0,-0.0,-0.0,-0.0,-0.0,36593.47265625,36593.47265625,795345.1875,11566.2626953125,11566.2626953125,127842.515625
3913,39,OH,CTCs and EITCs,6725632.0,-0.0,-0.0,7.451572805062784e-05,0.0006440067837909402,36593.47265625,36593.47265625,795345.1875,11566.2626953125,11566.2626953125,127842.515625
3913,39,OH,EITCs,6725632.0,-0.0,-0.0,7.451572805062784e-05,0.0006440067837909402,36593.47265625,36593.47265625,795345.1875,11566.2626953125,11566.2626953125,127842.515625
3914,39,OH,CTCs,0.0,-0.0,-0.0,-0.0,-0.0,112249.765625,112249.765625,793999.875,24948.8359375,24948.8359375,168993.59375
3914,39,OH,CTCs and EITCs,5304320.0,-0.0,-0.0,-0.0,0.00026277664129076137,112249.765625,112249.765625,793999.875,24948.8359375,24948.8359375,168993.59375
3914,39,OH,EITCs,5304320.0,-0.0,-0.0,-0.0,0.00026277664129076137,112249.765625,112249.765625,793999.875,24948.8359375,24948.8359375,168993.59375
3915,39,OH,CTCs,0.0,-0.0,-0.0,-0.0,-0.0,44333.5859375,44333.5859375,793565.375,23601.814453125,23601.814453125,175076.5625
3915,39,OH,CTCs and EITCs,15773696.0,0.005235274322330952,0.004918625112622976,0.0008525106452446336,0.0009902433551653555,44333.5859375,44566.90625,793565.375,23601.814453125,23718.4765625,175076.5625
3915,39,OH,EITCs,15773696.0,0.005235274322330952,0.004918625112622976,0.0008525106452446336,0.0009902433551653555,44333.5859375,44566.90625,793565.375,23601.814453125,23718.4765625,175076.5625
4001,40,OK,CTCs,0.0,-0.0,-0.0,-0.0,-0.0,69495.265625,69495.265625,799263.4375,17874.935546875,17874.935546875,178999.9375
4001,40,OK,CTCs and EITCs,5832704.0,-0.0,-0.0,0.004048481842343028,0.0006369578750030644,69495.265625,69495.265625,799263.4375,17874.935546875,17874.935546875,178999.9375
4001,40,OK,EITCs,5832704.0,-0.0,-0.0,0.004048481842343028,0.0006369578750030644,69495.265625,69495.265625,799263.4375,17874.935546875,17874.935546875,178999.9375
4002,40,OK,CTCs,0.0,-0.0,-0.0,-0.0,-0.0,122932.1328125,122932.1328125,799334.6875,20272.70703125,20272.70703125,238699.4375
4002,40,OK,CTCs and EITCs,8052736.0,0.0018414072692394257,0.005755911115556955,0.0016888529420860288,0.0006146148383935486,122932.1328125,123158.921875,799334.6875,20272.70703125,20390.0703125,238699.4375
4002,40,OK,EITCs,8052736.0,0.0018414072692394257,0.005755911115556955,0.0016888529420860288,0.0006146148383935486,122932.1328125,123158.921875,799334.6875,20272.70703125,20390.0703125,238699.4375
4003,40,OK,CTCs,0.0,-0.0,-0.0,-0.0,-0.0,97828.359375,97828.359375,800676.375,39581.765625,39581.765625,213018.546875
4003,40,OK,CTCs and EITCs,10823680.0,-0.0,-0.0,0.002767319832258701,0.0011249509219166448,97828.359375,97828.359375,800676.375,39581.765625,39581.765625,213018.546875
4003,40,OK,EITCs,10823680.0,-0.0,-0.0,0.002767319832258701,0.0011249509219166448,97828.359375,97828.359375,800676.375,39581.765625,39581.765625,213018.546875
4004,40,OK,CTCs,0.0,-0.0,-0.0,-0.0,-0.0,35640.1796875,35640.1796875,798483.9375,10625.869140625,10625.869140625,161763.234375
4004,40,OK,CTCs and EITCs,4786176.0,0.006406183820217848,0.01678229123353958,0.0018669429105569748,0.00042718346992435684,35640.1796875,35869.96875,798483.9375,10625.869140625,10807.240234375,161763.234375
4004,40,OK,EITCs,4786176.0,0.006406183820217848,0.01678229123353958,0.0018669429105569748,0.00042718346992435684,35640.1796875,35869.96875,798483.9375,10625.869140625,10807.240234375,161763.234375
4005,40,OK,CTCs,0.0,-0.0,-0.0,-0.0,-0.0,52763.0,52763.0,799260.4375,20192.76171875,20192.76171875,206136.4375
4005,40,OK,CTCs and EITCs,4706304.0,-0.0,-0.0,0.003134606352605831,0.0003778624974073089,52763.0,52763.0,799260.4375,20192.76171875,20192.76171875,206136.4375
4005,40,OK,EITCs,4706304.0,-0.0,-0.0,0.003134606352605831,0.0003778624974073089,52763.0,52763.0,799260.4375,20192.76171875,20192.76171875,206136.4375
4101,41,OR,CTCs,1679360.0,1.0509559160709614e-06,1.7249325310331187e-06,0.0011378631332670164,0.00010352733391471375,151642.8125,151642.96875,713009.625,25647.125,25647.16796875,114187.375
4101,41,OR,CTCs and EITCs,6537216.0,0.0030107975471764803,0.010744231753051281,0.0049020137853927805,0.00045007589145558413,151642.8125,152100.75,713009.625,25647.125,25925.67578125,114187.375
4101,41,OR,EITCs,4853760.0,0.0030097528360784054,0.010742608457803726,0.003772715259065362,0.00034642847190778035,151642.8125,152100.59375,713009.625,25647.125,25925.6328125,114187.375
4102,41,OR,CTCs,9992192.0,0.0042124660685658455,0.014050409197807312,0.003866878676916243,0.0006812656742006847,46373.0859375,46569.2578125,712421.75,6977.49609375,7076.9296875,148419.125
4102,41,OR,CTCs and EITCs,17262592.0,0.004828615114092827,0.014050409197807312,0.005773099572509564,0.0013105690196553632,46373.0859375,46598.09375,712421.75,6977.49609375,7076.9296875,148419.125
4102,41,OR,EITCs,7268352.0,0.0006213711458258331,-0.0,0.0019022127486710103,0.0006270655841143926,46373.0859375,46401.921875,712421.75,6977.49609375,6977.49609375,148419.125
4103,41,OR,CTCs,1632256.0,0.003485884517431259,0.005658713169395924,0.0008372531640298402,9.86501547252811e-05,142006.265625,142503.015625,712252.5,46338.03515625,46601.7421875,181444.453125
4103,41,OR,CTCs and EITCs,13182976.0,0.00419965386390686,0.0064584542997181416,0.006291381797839422,0.0010643574370761924,142006.265625,142605.15625,712252.5,46338.03515625,46639.25390625,181444.453125
4103,41,OR,EITCs,11552768.0,0.0007187699666246772,0.0008088657632470131,0.00534071660518483,0.000965719341791417,142006.265625,142108.40625,712252.5,46338.03515625,46375.546875,181444.453125
4104,41,OR,CTCs,26834944.0,0.0013028518296778202,0.0028628939762711525,0.015710497559025646,0.0024617959307190987,122237.9375,122397.40625,712108.125,27769.654296875,27849.384765625,149700.03125
4104,41,OR,CTCs and EITCs,41351168.0,0.011407501995563507,0.02450096607208252,0.01911608770600829,0.003718856431418447,122237.9375,123648.453125,712108.125,27769.654296875,28467.126953125,149700.03125
4104,41,OR,EITCs,14514176.0,0.009256323799490929,0.020148586481809616,0.0034825325958890265,0.0012605568899728865,122237.9375,123379.984375,712108.125,27769.654296875,28340.677734375,149700.03125
4105,41,OR,CTCs,2375680.0,0.000957151351030916,0.007894410751760006,0.0011040839987895693,0.00012058482104651472,106346.234375,106448.125,712241.5,6402.021484375,6452.9638671875,143897.59375
4105,41,OR,CTCs and EITCs,6682624.0,0.000957151351030916,0.007894410751760006,0.0024689382546938476,0.00032218178934820306,106346.234375,106448.125,712241.5,6402.021484375,6452.9638671875,143897.59375
4105,41,OR,EITCs,4306944.0,-0.0,-0.0,0.0013388968466809875,0.00020074215196072318,106346.234375,106346.234375,712241.5,6402.021484375,6402.021484375,143897.59375
4106,41,OR,CTCs,7567360.0,0.10891823470592499,0.4747938811779022,0.011413809341254714,0.0003740758669953675,83864.171875,94115.015625,712968.5625,5799.412109375,11042.1630859375,163281.859375
4106,41,OR,CTCs and EITCs,19122176.0,0.11133204400539398,0.4808039367198944,0.018500373286533072,0.001373361381889098,83864.171875,94370.65625,712968.5625,5799.412109375,11169.984375,163281.859375
4106,41,OR,EITCs,11552768.0,0.1018792986869812,0.4511224329471588,0.004918863062374746,0.000997947347721659,83864.171875,93377.3984375,712968.5625,5799.412109375,10565.9482421875,163281.859375
4201,42,PA,CTCs,0.0,-0.0,-0.0,-0.0,-0.0,16693.9140625,16693.9140625,770473.6875,4002.954345703125,4002.954345703125,132183.484375
4201,42,PA,CTCs and EITCs,11608064.0,-0.0,-0.0,0.00367969896322749,0.0009721444069516221,16693.9140625,16693.9140625,770473.6875,4002.954345703125,4002.954345703125,132183.484375
4201,42,PA,EITCs,11608064.0,-0.0,-0.0,0.00367969896322749,0.0009721444069516221,16693.9140625,16693.9140625,770473.6875,4002.954345703125,4002.954345703125,132183.484375
4202,42,PA,CTCs,0.0,-0.0,-0.0,-0.0,-0.0,189005.65625,189005.65625,771082.0625,81705.0546875,81705.0546875,147437.875
4202,42,PA,CTCs and EITCs,8224768.0,0.0035355156287550926,0.00408707931637764,0.003969343941936973,0.0007838898883355494,189005.65625,189676.265625,771082.0625,81705.0546875,82040.359375,147437.875
4202,42,PA,EITCs,8224768.0,0.0035355156287550926,0.00408707931637764,0.003969343941936973,0.0007838898883355494,189005.65625,189676.265625,771082.0625,81705.0546875,82040.359375,147437.875
4203,42,PA,CTCs,0.0,-0.0,-0.0,-0.0,-0.0,223832.578125,223832.578125,771241.3125,75122.046875,75122.046875,230098.4375
4203,42,PA,CTCs and EITCs,17534976.0,-0.0,-0.0,0.004269095707283244,0.001358443274567043,223832.578125,223832.578125,771241.3125,75122.046875,75122.046875,230098.4375
4203,42,PA,EITCs,17534976.0,-0.0,-0.0,0.004269095707283244,0.001358443274567043,223832.578125,223832.578125,771241.3125,75122.046875,75122.046875,230098.4375
4204,42,PA,CTCs,0.0,-0.0,-0.0,-0.0,-0.0,100183.046875,100183.046875,771763.4375,36879.9453125,36879.9453125,193949.65625
4204,42,PA,CTCs and EITCs,22384640.0,9.457932901568711e-05,-0.0,0.011193851878284197,0.0013713766613798395,100183.046875,100192.515625,771763.4375,36879.9453125,36879.9453125,193949.65625
4204,42,PA,EITCs,22384640.0,9.457932901568711e-05,-0.0,0.011193851878284197,0.0013713766613798395,100183.046875,100192.515625,771763.4375,36879.9453125,36879.9453125,193949.65625
4205,42,PA,CTCs,0.0,-0.0,-0.0,-0.0,-0.0,63746.41796875,63746.41796875,770807.25,13067.435546875,13067.435546875,203000.328125
4205,42,PA,CTCs and EITCs,11051008.0,-0.0,-0.0,0.0027223703410176837,0.000827779045767683,63746.41796875,63746.41796875,770807.25,13067.435546875,13067.435546875,203000.328125
4205,42,PA,EITCs,11051008.0,-0.0,-0.0,0.0027223703410176837,0.000827779045767683,63746.41796875,63746.41796875,770807.25,13067.435546875,13067.435546875,203000.328125
4206,42,PA,CTCs,0.0,-0.0,-0.0,-0.0,-0.0,19089.9921875,19089.9921875,771450.5625,5761.7216796875,5761.7216796875,170995.796875
4206,42,PA,CTCs and EITCs,7319552.0,0.0033132159151136875,0.0054769921116530895,0.006226418647859245,0.000784927808919133,19089.9921875,19153.453125,771450.5625,5761.7216796875,5793.4521484375,170995.796875
4206,42,PA,EITCs,7319552.0,0.0033132159151136875,0.0054769921116530895,0.006226418647859245,0.000784927808919133,19089.9921875,19153.453125,771450.5625,5761.7216796875,5793.4521484375,170995.796875
4207,42,PA,CTCs,0.0,-0.0,-0.0,-0.0,-0.0,22495.78515625,22495.78515625,774971.625,5081.3427734375,5081.3427734375,174836.078125
4207,42,PA,CTCs and EITCs,14491648.0,0.03952639177441597,0.09854210913181305,0.008929934137882171,0.00117289273818949,22495.78515625,23421.5546875,774971.625,5081.3427734375,5636.8056640625,174836.078125
4207,42,PA,EITCs,14491648.0,0.03952639177441597,0.09854210913181305,0.008929934137882171,0.00117289273818949,22495.78515625,23421.5546875,774971.625,5081.3427734375,5636.8056640625,174836.078125
4208,42,PA,CTCs,0.0,-0.0,-0.0,-0.0,-0.0,63680.9765625,63680.9765625,772129.8125,12943.919921875,12943.919921875,161948.9375
4208,42,PA,CTCs and EITCs,15695872.0,0.0028020914178341627,0.00686461478471756,0.012658521054080147,0.001184022063514471,63680.9765625,63859.9140625,772129.8125,12943.919921875,13033.388671875,161948.9375
4208,42,PA,EITCs,15695872.0,0.0028020914178341627,0.00686461478471756,0.012658521054080147,0.001184022063514471,63680.9765625,63859.9140625,772129.8125,12943.919921875,13033.388671875,161948.9375
4209,42,PA,CTCs,0.0,-0.0,-0.0,-0.0,-0.0,32154.05859375,32154.05859375,772880.125,8735.455078125,8735.455078125,147063.59375
4209,42,PA,CTCs and EITCs,18841600.0,0.012093516066670418,0.016914114356040955,0.0025761234971958605,0.0010405376432014832,32154.05859375,32547.67578125,772880.125,8735.455078125,8885.75,147063.59375
4209,42,PA,EITCs,18841600.0,0.012093516066670418,0.016914114356040955,0.0025761234971958605,0.0010405376432014832,32154.05859375,32547.67578125,772880.125,8735.455078125,8885.75,147063.59375
4210,42,PA,CTCs,0.0,-0.0,-0.0,-0.0,-0.0,88719.515625,88719.515625,772698.4375,13519.3173828125,13519.3173828125,145298.984375
4210,42,PA,CTCs and EITCs,7798784.0,0.009049397893249989,0.03841700032353401,0.005805829993017181,0.0005626852420569287,88719.515625,89529.703125,772698.4375,13519.3173828125,14059.439453125,145298.984375
4210,42,PA,EITCs,7798784.0,0.009049397893249989,0.03841700032353401,0.005805829993017181,0.0005626852420569287,88719.515625,89529.703125,772698.4375,13519.3173828125,14059.439453125,145298.984375
4211,42,PA,CTCs,0.0,-0.0,-0.0,-0.0,-0.0,44310.45703125,44310.45703125,769806.3125,17616.53125,17616.53125,151174.703125
4211,42,PA,CTCs and EITCs,8716288.0,0.009724465198814869,0.016199832782149315,0.0005365386418663153,0.0008253056589909132,44310.45703125,44745.58203125,769806.3125,17616.53125,17906.615234375,151174.703125
4211,42,PA,EITCs,8716288.0,0.009724465198814869,0.016199832782149315,0.0005365386418663153,0.0008253056589909132,44310.45703125,44745.58203125,769806.3125,17616.53125,17906.615234375,151174.703125
4212,42,PA,CTCs,0.0,-0.0,-0.0,-0.0,-0.0,39055.41796875,39055.41796875,771810.125,7470.841796875,7470.841796875,143439.203125
4212,42,PA,CTCs and EITCs,11149312.0,0.014387929812073708,0.03884749114513397,0.0021260723871737667,0.0009805752491458335,39055.41796875,39625.546875,771810.125,7470.841796875,7772.79541015625,143439.203125
4212,42,PA,EITCs,11149312.0,0.014387929812073708,0.03884749114513397,0.0021260723871737667,0.0009805752491458335,39055.41796875,39625.546875,771810.125,7470.841796875,7772.79541015625,143439.203125
4213,42,PA,CTCs,0.0,-0.0,-0.0,-0.0,-0.0,49499.7734375,49499.7734375,773454.5,9719.9404296875,9719.9404296875,167254.59375
4213,42,PA,CTCs and EITCs,6184960.0,0.0009390796185471117,0.0031806782353669405,0.00460313118597214,0.0005701322261086029,49499.7734375,49546.296875,773454.5,9719.9404296875,9750.955078125,167254.59375
4213,42,PA,EITCs,6184960.0,0.0009390796185471117,0.0031806782353669405,0.00460313118597214,0.0005701322261086029,49499.7734375,49546.296875,773454.5,9719.9404296875,9750.955078125,167254.59375
4214,42,PA,CTCs,0.0,-0.0,-0.0,-0.0,-0.0,41244.97265625,41244.97265625,771521.875,4615.099609375,4615.099609375,203891.9375
4214,42,PA,CTCs and EITCs,10412032.0,0.0010311749065294862,0.003550522495061159,0.0058572092712177995,0.0014950468440144769,41244.97265625,41287.546875,771521.875,4615.099609375,4631.5439453125,203891.9375
4214,42,PA,EITCs,10412032.0,0.0010311749065294862,0.003550522495061159,0.0058572092712177995,0.0014950468440144769,41244.97265625,41287.546875,771521.875,4615.099609375,4631.5439453125,203891.9375
4215,42,PA,CTCs,0.0,-0.0,-0.0,-0.0,-0.0,158380.96875,158380.96875,772423.4375,3517.31298828125,3517.31298828125,196205.859375
4215,42,PA,CTCs and EITCs,19904512.0,-0.0,-0.0,0.0040372592512135305,0.0015952701644747073,158380.96875,158380.96875,772423.4375,3517.31298828125,3517.31298828125,196205.859375
4215,42,PA,EITCs,19904512.0,-0.0,-0.0,0.0040372592512135305,0.0015952701644747073,158380.96875,158380.96875,772423.4375,3517.31298828125,3517.31298828125,196205.859375
4216,42,PA,CTCs,0.0,-0.0,-0.0,-0.0,-0.0,107270.2890625,107270.2890625,771496.375,31897.23046875,31897.23046875,180859.859375
4216,42,PA,CTCs and EITCs,13223936.0,0.001880618161521852,0.004038170445710421,0.0015744284148717256,0.0012537015114231912,107270.2890625,107472.3984375,771496.375,31897.23046875,32026.55859375,180859.859375
4216,42,PA,EITCs,13223936.0,0.001880618161521852,0.004038170445710421,0.0015744284148717256,0.0012537015114231912,107270.2890625,107472.3984375,771496.375,31897.23046875,32026.55859375,180859.859375
4217,42,PA,CTCs,0.0,-0.0,-0.0,-0.0,-0.0,51726.7421875,51726.7421875,770367.1875,3773.163818359375,3773.163818359375,136274.78125
4217,42,PA,CTCs and EITCs,13287424.0,0.014809463173151016,0.1100405752658844,0.005099616684389908,0.001082670888832744,51726.7421875,52504.3046875,770367.1875,3773.163818359375,4239.703125,136274.78125
4217,42,PA,EITCs,13287424.0,0.014809463173151016,0.1100405752658844,0.005099616684389908,0.001082670888832744,51726.7421875,52504.3046875,770367.1875,3773.163818359375,4239.703125,136274.78125
4401,44,RI,CTCs,0.0,-0.0,-0.0,-0.0,-0.0,56665.1953125,56665.1953125,552322.625,12298.3056640625,12298.3056640625,110761.015625
4401,44,RI,CTCs and EITCs,14823424.0,0.011938268318772316,0.03578566014766693,0.012990483772398134,0.0015915303394645267,56665.1953125,57349.8515625,552322.625,12298.3056640625,12754.7421875,110761.015625
4401,44,RI,EITCs,14823424.0,0.011938268318772316,0.03578566014766693,0.012990483772398134,0.0015915303394645267,56665.1953125,57349.8515625,552322.625,12298.3056640625,12754.7421875,110761.015625
4402,44,RI,CTCs,0.0,-0.0,-0.0,-0.0,-0.0,48934.4375,48934.4375,554396.9375,11914.515625,11914.515625,117669.3359375
4402,44,RI,CTCs and EITCs,14655488.0,0.019099654629826546,0.03844878822565079,0.009544963804660552,0.0014541344114943546,48934.4375,49887.265625,554396.9375,11914.515625,12390.931640625,117669.3359375
4402,44,RI,EITCs,14655488.0,0.019099654629826546,0.03844878822565079,0.009544963804660552,0.0014541344114943546,48934.4375,49887.265625,554396.9375,11914.515625,12390.931640625,117669.3359375
4501,45,SC,CTCs,0.0,-0.0,-0.0,-0.0,-0.0,79065.5703125,79065.5703125,736105.3125,29049.966796875,29049.966796875,198759.84375
4501,45,SC,CTCs and EITCs,3039232.0,-0.0,-0.0,3.09972355838632e-05,0.00021791898319353936,79065.5703125,79065.5703125,736105.3125,29049.966796875,29049.966796875,198759.84375
4501,45,SC,EITCs,3039232.0,-0.0,-0.0,3.09972355838632e-05,0.00021791898319353936,79065.5703125,79065.5703125,736105.3125,29049.966796875,29049.966796875,198759.84375
4502,45,SC,CTCs,0.0,-0.0,-0.0,-0.0,-0.0,33559.6328125,33559.6328125,739313.125,14953.7734375,14953.7734375,207599.6875
4502,45,SC,CTCs and EITCs,5365760.0,-0.0,-0.0,1.8948865027341395e-05,0.00024026692654745255,33559.6328125,33559.6328125,739313.125,14953.7734375,14953.7734375,207599.6875
4502,45,SC,EITCs,5365760.0,-0.0,-0.0,1.8948865027341395e-05,0.00024026692654745255,33559.6328125,33559.6328125,739313.125,14953.7734375,14953.7734375,207599.6875
4503,45,SC,CTCs,0.0,-0.0,-0.0,-0.0,-0.0,38863.89453125,38863.89453125,737221.75,8255.87109375,8255.87109375,206759.265625
4503,45,SC,CTCs and EITCs,3618816.0,-0.0,-0.0,9.68670775016819e-05,0.0003135652305334116,38863.89453125,38863.89453125,737221.75,8255.87109375,8255.87109375,206759.265625
4503,45,SC,EITCs,3618816.0,-0.0,-0.0,9.68670775016819e-05,0.0003135652305334116,38863.89453125,38863.89453125,737221.75,8255.87109375,8255.87109375,206759.265625
4504,45,SC,CTCs,0.0,-0.0,-0.0,-0.0,-0.0,58509.09765625,58509.09765625,740372.0625,8896.341796875,8896.341796875,162910.1875
4504,45,SC,CTCs and EITCs,3031040.0,-0.0,-0.0,8.908113339229051e-05,0.0002614467841098465,58509.09765625,58509.09765625,740372.0625,8896.341796875,8896.341796875,162910.1875
4504,45,SC,EITCs,3031040.0,-0.0,-0.0,8.908113339229051e-05,0.0002614467841098465,58509.09765625,58509.09765625,740372.0625,8896.341796875,8896.341796875,162910.1875
4505,45,SC,CTCs,0.0,-0.0,-0.0,-0.0,-0.0,65842.546875,65842.546875,737989.6875,24126.109375,24126.109375,165081.21875
4505,45,SC,CTCs and EITCs,1359872.0,-0.0,-0.0,7.315988885927626e-06,0.00012747161829086115,65842.546875,65842.546875,737989.6875,24126.109375,24126.109375,165081.21875
4505,45,SC,EITCs,1359872.0,-0.0,-0.0,7.315988885927626e-06,0.00012747161829086115,65842.546875,65842.546875,737989.6875,24126.109375,24126.109375,165081.21875
4506,45,SC,CTCs,0.0,-0.0,-0.0,-0.0,-0.0,62427.1875,62427.1875,738207.875,26583.126953125,26583.126953125,212037.25
4506,45,SC,CTCs and EITCs,415744.0,-0.0,-0.0,-0.0,2.8772370062046194e-05,62427.1875,62427.1875,738207.875,26583.126953125,26583.126953125,212037.25
4506,45,SC,EITCs,415744.0,-0.0,-0.0,-0.0,2.8772370062046194e-05,62427.1875,62427.1875,738207.875,26583.126953125,26583.126953125,212037.25
4507,45,SC,CTCs,0.0,-0.0,-0.0,-0.0,-0.0,54689.5625,54689.5625,737646.25,11667.8720703125,11667.8720703125,155039.59375
4507,45,SC,CTCs and EITCs,1998848.0,-0.0,-0.0,6.958440281265105e-05,0.00012071019595462121,54689.5625,54689.5625,737646.25,11667.8720703125,11667.8720703125,155039.59375
4507,45,SC,EITCs,1998848.0,-0.0,-0.0,6.958440281265105e-05,0.00012071019595462121,54689.5625,54689.5625,737646.25,11667.8720703125,11667.8720703125,155039.59375
4600,46,SD,CTCs,0.0,-0.0,-0.0,-0.0,-0.0,68196.859375,68196.859375,900606.75,21892.330078125,21892.330078125,254596.625
4600,46,SD,CTCs and EITCs,0.0,-0.0,-0.0,-0.0,-0.0,68196.859375,68196.859375,900606.75,21892.330078125,21892.330078125,254596.625
4600,46,SD,EITCs,0.0,-0.0,-0.0,-0.0,-0.0,68196.859375,68196.859375,900606.75,21892.330078125,21892.330078125,254596.625
4701,47,TN,CTCs,0.0,-0.0,-0.0,-0.0,-0.0,43968.99609375,43968.99609375,776351.25,8724.583984375,8724.583984375,168718.1875
4701,47,TN,CTCs and EITCs,0.0,-0.0,-0.0,-0.0,-0.0,43968.99609375,43968.99609375,776351.25,8724.583984375,8724.583984375,168718.1875
4701,47,TN,EITCs,0.0,-0.0,-0.0,-0.0,-0.0,43968.99609375,43968.99609375,776351.25,8724.583984375,8724.583984375,168718.1875
4702,47,TN,CTCs,0.0,-0.0,-0.0,-0.0,-0.0,87285.2890625,87285.2890625,776273.125,24897.38671875,24897.38671875,198157.265625
4702,47,TN,CTCs and EITCs,0.0,-0.0,-0.0,-0.0,-0.0,87285.2890625,87285.2890625,776273.125,24897.38671875,24897.38671875,198157.265625
4702,47,TN,EITCs,0.0,-0.0,-0.0,-0.0,-0.0,87285.2890625,87285.2890625,776273.125,24897.38671875,24897.38671875,198157.265625
4703,47,TN,CTCs,0.0,-0.0,-0.0,-0.0,-0.0,58260.9140625,58260.9140625,773363.3125,8717.6845703125,8717.6845703125,157867.3125
4703,47,TN,CTCs and EITCs,0.0,-0.0,-0.0,-0.0,-0.0,58260.9140625,58260.9140625,773363.3125,8717.6845703125,8717.6845703125,157867.3125
4703,47,TN,EITCs,0.0,-0.0,-0.0,-0.0,-0.0,58260.9140625,58260.9140625,773363.3125,8717.6845703125,8717.6845703125,157867.3125
4704,47,TN,CTCs,0.0,-0.0,-0.0,-0.0,-0.0,112374.765625,112374.765625,776538.75,40298.70703125,40298.70703125,210127.0
4704,47,TN,CTCs and EITCs,0.0,-0.0,-0.0,-0.0,-0.0,112374.765625,112374.765625,776538.75,40298.70703125,40298.70703125,210127.0
4704,47,TN,EITCs,0.0,-0.0,-0.0,-0.0,-0.0,112374.765625,112374.765625,776538.75,40298.70703125,40298.70703125,210127.0
4705,47,TN,CTCs,0.0,-0.0,-0.0,-0.0,-0.0,106510.5703125,106510.5703125,775330.4375,35577.15625,35577.15625,182440.25
4705,47,TN,CTCs and EITCs,0.0,-0.0,-0.0,-0.0,-0.0,106510.5703125,106510.5703125,775330.4375,35577.15625,35577.15625,182440.25
4705,47,TN,EITCs,0.0,-0.0,-0.0,-0.0,-0.0,106510.5703125,106510.5703125,775330.4375,35577.15625,35577.15625,182440.25
4706,47,TN,CTCs,0.0,-0.0,-0.0,-0.0,-0.0,161059.109375,161059.109375,774206.125,79354.640625,79354.640625,213900.5625
4706,47,TN,CTCs and EITCs,0.0,-0.0,-0.0,-0.0,-0.0,161059.109375,161059.109375,774206.125,79354.640625,79354.640625,213900.5625
4706,47,TN,EITCs,0.0,-0.0,-0.0,-0.0,-0.0,161059.109375,161059.109375,774206.125,79354.640625,79354.640625,213900.5625
4707,47,TN,CTCs,0.0,-0.0,-0.0,-0.0,-0.0,32802.0625,32802.0625,776874.125,7617.7216796875,7617.7216796875,219847.5
4707,47,TN,CTCs and EITCs,0.0,-0.0,-0.0,-0.0,-0.0,32802.0625,32802.0625,776874.125,7617.7216796875,7617.7216796875,219847.5
4707,47,TN,EITCs,0.0,-0.0,-0.0,-0.0,-0.0,32802.0625,32802.0625,776874.125,7617.7216796875,7617.7216796875,219847.5
4708,47,TN,CTCs,0.0,-0.0,-0.0,-0.0,-0.0,70900.609375,70900.609375,774703.625,31022.884765625,31022.884765625,163386.65625
4708,47,TN,CTCs and EITCs,0.0,-0.0,-0.0,-0.0,-0.0,70900.609375,70900.609375,774703.625,31022.884765625,31022.884765625,163386.65625
4708,47,TN,EITCs,0.0,-0.0,-0.0,-0.0,-0.0,70900.609375,70900.609375,774703.625,31022.884765625,31022.884765625,163386.65625
4709,47,TN,CTCs,0.0,-0.0,-0.0,-0.0,-0.0,195353.28125,195353.28125,774434.6875,64709.16015625,64709.16015625,216170.296875
4709,47,TN,CTCs and EITCs,0.0,-0.0,-0.0,-0.0,-0.0,195353.28125,195353.28125,774434.6875,64709.16015625,64709.16015625,216170.296875
4709,47,TN,EITCs,0.0,-0.0,-0.0,-0.0,-0.0,195353.28125,195353.28125,774434.6875,64709.16015625,64709.16015625,216170.296875
4801,48,TX,CTCs,0.0,-0.0,-0.0,-0.0,-0.0,53343.0390625,53343.0390625,774709.0,15663.2529296875,15663.2529296875,149897.90625
4801,48,TX,CTCs and EITCs,0.0,-0.0,-0.0,-0.0,-0.0,53343.0390625,53343.0390625,774709.0,15663.2529296875,15663.2529296875,149897.90625
4801,48,TX,EITCs,0.0,-0.0,-0.0,-0.0,-0.0,53343.0390625,53343.0390625,774709.0,15663.2529296875,15663.2529296875,149897.90625
4802,48,TX,CTCs,0.0,-0.0,-0.0,-0.0,-0.0,144725.03125,144725.03125,775446.625,55599.296875,55599.296875,241497.9375
4802,48,TX,CTCs and EITCs,0.0,-0.0,-0.0,-0.0,-0.0,144725.03125,144725.03125,775446.625,55599.296875,55599.296875,241497.9375
4802,48,TX,EITCs,0.0,-0.0,-0.0,-0.0,-0.0,144725.03125,144725.03125,775446.625,55599.296875,55599.296875,241497.9375
4803,48,TX,CTCs,0.0,-0.0,-0.0,-0.0,-0.0,20029.87109375,20029.87109375,773268.25,7613.4169921875,7613.4169921875,209751.640625
4803,48,TX,CTCs and EITCs,0.0,-0.0,-0.0,-0.0,-0.0,20029.87109375,20029.87109375,773268.25,7613.4169921875,7613.4169921875,209751.640625
4803,48,TX,EITCs,0.0,-0.0,-0.0,-0.0,-0.0,20029.87109375,20029.87109375,773268.25,7613.4169921875,7613.4169921875,209751.640625
4804,48,TX,CTCs,0.0,-0.0,-0.0,-0.0,-0.0,55971.9921875,55971.9921875,774866.875,11568.1220703125,11568.1220703125,198275.375
4804,48,TX,CTCs and EITCs,0.0,-0.0,-0.0,-0.0,-0.0,55971.9921875,55971.9921875,774866.875,11568.1220703125,11568.1220703125,198275.375
4804,48,TX,EITCs,0.0,-0.0,-0.0,-0.0,-0.0,55971.9921875,55971.9921875,774866.875,11568.1220703125,11568.1220703125,198275.375
4805,48,TX,CTCs,0.0,-0.0,-0.0,-0.0,-0.0,55422.4296875,55422.4296875,772198.375,18513.9140625,18513.9140625,182904.5625
4805,48,TX,CTCs and EITCs,0.0,-0.0,-0.0,-0.0,-0.0,55422.4296875,55422.4296875,772198.375,18513.9140625,18513.9140625,182904.5625
4805,48,TX,EITCs,0.0,-0.0,-0.0,-0.0,-0.0,55422.4296875,55422.4296875,772198.375,18513.9140625,18513.9140625,182904.5625
4806,48,TX,CTCs,0.0,-0.0,-0.0,-0.0,-0.0,43512.265625,43512.265625,776007.25,20415.537109375,20415.537109375,213211.65625
4806,48,TX,CTCs and EITCs,0.0,-0.0,-0.0,-0.0,-0.0,43512.265625,43512.265625,776007.25,20415.537109375,20415.537109375,213211.65625
4806,48,TX,EITCs,0.0,-0.0,-0.0,-0.0,-0.0,43512.265625,43512.265625,776007.25,20415.537109375,20415.537109375,213211.65625
4807,48,TX,CTCs,0.0,-0.0,-0.0,-0.0,-0.0,286269.5,286269.5,771073.375,81767.7578125,81767.7578125,191276.046875
4807,48,TX,CTCs and EITCs,0.0,-0.0,-0.0,-0.0,-0.0,286269.5,286269.5,771073.375,81767.7578125,81767.7578125,191276.046875
4807,48,TX,EITCs,0.0,-0.0,-0.0,-0.0,-0.0,286269.5,286269.5,771073.375,81767.7578125,81767.7578125,191276.046875
4808,48,TX,CTCs,0.0,-0.0,-0.0,-0.0,-0.0,144012.09375,144012.09375,775461.9375,66762.09375,66762.09375,330487.5
4808,48,TX,CTCs and EITCs,0.0,-0.0,-0.0,-0.0,-0.0,144012.09375,144012.09375,775461.9375,66762.09375,66762.09375,330487.5
4808,48,TX,EITCs,0.0,-0.0,-0.0,-0.0,-0.0,144012.09375,144012.09375,775461.9375,66762.09375,66762.09375,330487.5
4809,48,TX,CTCs,0.0,-0.0,-0.0,-0.0,-0.0,151909.90625,151909.90625,773036.5625,63241.53515625,63241.53515625,197879.5625
4809,48,TX,CTCs and EITCs,0.0,-0.0,-0.0,-0.0,-0.0,151909.90625,151909.90625,773036.5625,63241.53515625,63241.53515625,197879.5625
4809,48,TX,EITCs,0.0,-0.0,-0.0,-0.0,-0.0,151909.90625,151909.90625,773036.5625,63241.53515625,63241.53515625,197879.5625
4810,48,TX,CTCs,0.0,-0.0,-0.0,-0.0,-0.0,99692.0703125,99692.0703125,774389.8125,43685.296875,43685.296875,262147.8125
4810,48,TX,CTCs and EITCs,0.0,-0.0,-0.0,-0.0,-0.0,99692.0703125,99692.0703125,774389.8125,43685.296875,43685.296875,262147.8125
4810,48,TX,EITCs,0.0,-0.0,-0.0,-0.0,-0.0,99692.0703125,99692.0703125,774389.8125,43685.296875,43685.296875,262147.8125
4811,48,TX,CTCs,0.0,-0.0,-0.0,-0.0,-0.0,43175.76953125,43175.76953125,776334.75,11895.10546875,11895.10546875,219517.0
4811,48,TX,CTCs and EITCs,0.0,-0.0,-0.0,-0.0,-0.0,43175.76953125,43175.76953125,776334.75,11895.10546875,11895.10546875,219517.0
4811,48,TX,EITCs,0.0,-0.0,-0.0,-0.0,-0.0,43175.76953125,43175.76953125,776334.75,11895.10546875,11895.10546875,219517.0
4812,48,TX,CTCs,0.0,-0.0,-0.0,-0.0,-0.0,119891.3671875,119891.3671875,774865.25,54820.83984375,54820.83984375,207637.546875
4812,48,TX,CTCs and EITCs,0.0,-0.0,-0.0,-0.0,-0.0,119891.3671875,119891.3671875,774865.25,54820.83984375,54820.83984375,207637.546875
4812,48,TX,EITCs,0.0,-0.0,-0.0,-0.0,-0.0,119891.3671875,119891.3671875,774865.25,54820.83984375,54820.83984375,207637.546875
4813,48,TX,CTCs,0.0,-0.0,-0.0,-0.0,-0.0,19224.392578125,19224.392578125,774326.25,6354.20703125,6354.20703125,228048.296875
4813,48,TX,CTCs and EITCs,0.0,-0.0,-0.0,-0.0,-0.0,19224.392578125,19224.392578125,774326.25,6354.20703125,6354.20703125,228048.296875
4813,48,TX,EITCs,0.0,-0.0,-0.0,-0.0,-0.0,19224.392578125,19224.392578125,774326.25,6354.20703125,6354.20703125,228048.296875
4814,48,TX,CTCs,0.0,-0.0,-0.0,-0.0,-0.0,60374.44140625,60374.44140625,774991.625,17332.7265625,17332.7265625,230290.8125
4814,48,TX,CTCs and EITCs,0.0,-0.0,-0.0,-0.0,-0.0,60374.44140625,60374.44140625,774991.625,17332.7265625,17332.7265625,230290.8125
4814,48,TX,EITCs,0.0,-0.0,-0.0,-0.0,-0.0,60374.44140625,60374.44140625,774991.625,17332.7265625,17332.7265625,230290.8125
4815,48,TX,CTCs,0.0,-0.0,-0.0,-0.0,-0.0,94007.21875,94007.21875,774335.75,21191.25,21191.25,205287.8125
4815,48,TX,CTCs and EITCs,0.0,-0.0,-0.0,-0.0,-0.0,94007.21875,94007.21875,774335.75,21191.25,21191.25,205287.8125
4815,48,TX,EITCs,0.0,-0.0,-0.0,-0.0,-0.0,94007.21875,94007.21875,774335.75,21191.25,21191.25,205287.8125
4816,48,TX,CTCs,0.0,-0.0,-0.0,-0.0,-0.0,74523.984375,74523.984375,771266.5,10232.3916015625,10232.3916015625,278348.5
4816,48,TX,CTCs and EITCs,0.0,-0.0,-0.0,-0.0,-0.0,74523.984375,74523.984375,771266.5,10232.3916015625,10232.3916015625,278348.5
4816,48,TX,EITCs,0.0,-0.0,-0.0,-0.0,-0.0,74523.984375,74523.984375,771266.5,10232.3916015625,10232.3916015625,278348.5
4817,48,TX,CTCs,0.0,-0.0,-0.0,-0.0,-0.0,28300.5390625,28300.5390625,774036.25,9980.6396484375,9980.6396484375,244088.984375
4817,48,TX,CTCs and EITCs,0.0,-0.0,-0.0,-0.0,-0.0,28300.5390625,28300.5390625,774036.25,9980.6396484375,9980.6396484375,244088.984375
4817,48,TX,EITCs,0.0,-0.0,-0.0,-0.0,-0.0,28300.5390625,28300.5390625,774036.25,9980.6396484375,9980.6396484375,244088.984375
4818,48,TX,CTCs,0.0,-0.0,-0.0,-0.0,-0.0,43257.72265625,43257.72265625,772182.1875,14932.662109375,14932.662109375,246114.953125
4818,48,TX,CTCs and EITCs,0.0,-0.0,-0.0,-0.0,-0.0,43257.72265625,43257.72265625,772182.1875,14932.662109375,14932.662109375,246114.953125
4818,48,TX,EITCs,0.0,-0.0,-0.0,-0.0,-0.0,43257.72265625,43257.72265625,772182.1875,14932.662109375,14932.662109375,246114.953125
4819,48,TX,CTCs,0.0,-0.0,-0.0,-0.0,-0.0,215461.484375,215461.484375,773594.625,52355.76953125,52355.76953125,243369.03125
4819,48,TX,CTCs and EITCs,0.0,-0.0,-0.0,-0.0,-0.0,215461.484375,215461.484375,773594.625,52355.76953125,52355.76953125,243369.03125
4819,48,TX,EITCs,0.0,-0.0,-0.0,-0.0,-0.0,215461.484375,215461.484375,773594.625,52355.76953125,52355.76953125,243369.03125
4820,48,TX,CTCs,0.0,-0.0,-0.0,-0.0,-0.0,88193.96875,88193.96875,774820.6875,27847.470703125,27847.470703125,233523.65625
4820,48,TX,CTCs and EITCs,0.0,-0.0,-0.0,-0.0,-0.0,88193.96875,88193.96875,774820.6875,27847.470703125,27847.470703125,233523.65625
4820,48,TX,EITCs,0.0,-0.0,-0.0,-0.0,-0.0,88193.96875,88193.96875,774820.6875,27847.470703125,27847.470703125,233523.65625
4821,48,TX,CTCs,0.0,-0.0,-0.0,-0.0,-0.0,24644.20703125,24644.20703125,774470.3125,7182.18359375,7182.18359375,96665.4921875
4821,48,TX,CTCs and EITCs,0.0,-0.0,-0.0,-0.0,-0.0,24644.20703125,24644.20703125,774470.3125,7182.18359375,7182.18359375,96665.4921875
4821,48,TX,EITCs,0.0,-0.0,-0.0,-0.0,-0.0,24644.20703125,24644.20703125,774470.3125,7182.18359375,7182.18359375,96665.4921875
4822,48,TX,CTCs,0.0,-0.0,-0.0,-0.0,-0.0,152253.109375,152253.109375,769029.875,47724.46484375,47724.46484375,206503.921875
4822,48,TX,CTCs and EITCs,0.0,-0.0,-0.0,-0.0,-0.0,152253.109375,152253.109375,769029.875,47724.46484375,47724.46484375,206503.921875
4822,48,TX,EITCs,0.0,-0.0,-0.0,-0.0,-0.0,152253.109375,152253.109375,769029.875,47724.46484375,47724.46484375,206503.921875
4823,48,TX,CTCs,0.0,-0.0,-0.0,-0.0,-0.0,74776.1015625,74776.1015625,775673.875,16496.06640625,16496.06640625,174042.5625
4823,48,TX,CTCs and EITCs,0.0,-0.0,-0.0,-0.0,-0.0,74776.1015625,74776.1015625,775673.875,16496.06640625,16496.06640625,174042.5625
4823,48,TX,EITCs,0.0,-0.0,-0.0,-0.0,-0.0,74776.1015625,74776.1015625,775673.875,16496.06640625,16496.06640625,174042.5625
4824,48,TX,CTCs,0.0,-0.0,-0.0,-0.0,-0.0,129330.046875,129330.046875,772015.0,45100.61328125,45100.61328125,224036.046875
4824,48,TX,CTCs and EITCs,0.0,-0.0,-0.0,-0.0,-0.0,129330.046875,129330.046875,772015.0,45100.61328125,45100.61328125,224036.046875
4824,48,TX,EITCs,0.0,-0.0,-0.0,-0.0,-0.0,129330.046875,129330.046875,772015.0,45100.61328125,45100.61328125,224036.046875
4825,48,TX,CTCs,0.0,-0.0,-0.0,-0.0,-0.0,105845.25,105845.25,773479.25,43768.34765625,43768.34765625,180770.875
4825,48,TX,CTCs and EITCs,0.0,-0.0,-0.0,-0.0,-0.0,105845.25,105845.25,773479.25,43768.34765625,43768.34765625,180770.875
4825,48,TX,EITCs,0.0,-0.0,-0.0,-0.0,-0.0,105845.25,105845.25,773479.25,43768.34765625,43768.34765625,180770.875
4826,48,TX,CTCs,0.0,-0.0,-0.0,-0.0,-0.0,22773.11328125,22773.11328125,774379.125,5625.123046875,5625.123046875,197841.3125
4826,48,TX,CTCs and EITCs,0.0,-0.0,-0.0,-0.0,-0.0,22773.11328125,22773.11328125,774379.125,5625.123046875,5625.123046875,197841.3125
4826,48,TX,EITCs,0.0,-0.0,-0.0,-0.0,-0.0,22773.11328125,22773.11328125,774379.125,5625.123046875,5625.123046875,197841.3125
4827,48,TX,CTCs,0.0,-0.0,-0.0,-0.0,-0.0,186431.484375,186431.484375,769002.875,46932.8203125,46932.8203125,198707.453125
4827,48,TX,CTCs and EITCs,0.0,-0.0,-0.0,-0.0,-0.0,186431.484375,186431.484375,769002.875,46932.8203125,46932.8203125,198707.453125
4827,48,TX,EITCs,0.0,-0.0,-0.0,-0.0,-0.0,186431.484375,186431.484375,769002.875,46932.8203125,46932.8203125,198707.453125
4828,48,TX,CTCs,0.0,-0.0,-0.0,-0.0,-0.0,110189.671875,110189.671875,774739.0,32189.12890625,32189.12890625,183747.46875
4828,48,TX,CTCs and EITCs,0.0,-0.0,-0.0,-0.0,-0.0,110189.671875,110189.671875,774739.0,32189.12890625,32189.12890625,183747.46875
4828,48,TX,EITCs,0.0,-0.0,-0.0,-0.0,-0.0,110189.671875,110189.671875,774739.0,32189.12890625,32189.12890625,183747.46875
4829,48,TX,CTCs,0.0,-0.0,-0.0,-0.0,-0.0,78785.8046875,78785.8046875,774380.3125,34686.20703125,34686.20703125,234172.125
4829,48,TX,CTCs and EITCs,0.0,-0.0,-0.0,-0.0,-0.0,78785.8046875,78785.8046875,774380.3125,34686.20703125,34686.20703125,234172.125
4829,48,TX,EITCs,0.0,-0.0,-0.0,-0.0,-0.0,78785.8046875,78785.8046875,774380.3125,34686.20703125,34686.20703125,234172.125
4830,48,TX,CTCs,0.0,-0.0,-0.0,-0.0,-0.0,69940.953125,69940.953125,773846.25,13347.875,13347.875,209374.71875
4830,48,TX,CTCs and EITCs,0.0,-0.0,-0.0,-0.0,-0.0,69940.953125,69940.953125,773846.25,13347.875,13347.875,209374.71875
4830,48,TX,EITCs,0.0,-0.0,-0.0,-0.0,-0.0,69940.953125,69940.953125,773846.25,13347.875,13347.875,209374.71875
4831,48,TX,CTCs,0.0,-0.0,-0.0,-0.0,-0.0,28852.6328125,28852.6328125,777640.625,7375.814453125,7375.814453125,218082.8125
4831,48,TX,CTCs and EITCs,0.0,-0.0,-0.0,-0.0,-0.0,28852.6328125,28852.6328125,777640.625,7375.814453125,7375.814453125,218082.8125
4831,48,TX,EITCs,0.0,-0.0,-0.0,-0.0,-0.0,28852.6328125,28852.6328125,777640.625,7375.814453125,7375.814453125,218082.8125
4832,48,TX,CTCs,0.0,-0.0,-0.0,-0.0,-0.0,73839.1875,73839.1875,775938.25,13504.255859375,13504.255859375,132696.734375
4832,48,TX,CTCs and EITCs,0.0,-0.0,-0.0,-0.0,-0.0,73839.1875,73839.1875,775938.25,13504.255859375,13504.255859375,132696.734375
4832,48,TX,EITCs,0.0,-0.0,-0.0,-0.0,-0.0,73839.1875,73839.1875,775938.25,13504.255859375,13504.255859375,132696.734375
4833,48,TX,CTCs,0.0,-0.0,-0.0,-0.0,-0.0,196060.3125,196060.3125,774768.5,78862.3671875,78862.3671875,265502.625
4833,48,TX,CTCs and EITCs,0.0,-0.0,-0.0,-0.0,-0.0,196060.3125,196060.3125,774768.5,78862.3671875,78862.3671875,265502.625
4833,48,TX,EITCs,0.0,-0.0,-0.0,-0.0,-0.0,196060.3125,196060.3125,774768.5,78862.3671875,78862.3671875,265502.625
4834,48,TX,CTCs,0.0,-0.0,-0.0,-0.0,-0.0,73820.546875,73820.546875,774497.5625,16593.76953125,16593.76953125,369120.53125
4834,48,TX,CTCs and EITCs,0.0,-0.0,-0.0,-0.0,-0.0,73820.546875,73820.546875,774497.5625,16593.76953125,16593.76953125,369120.53125
4834,48,TX,EITCs,0.0,-0.0,-0.0,-0.0,-0.0,73820.546875,73820.546875,774497.5625,16593.76953125,16593.76953125,369120.53125
4835,48,TX,CTCs,0.0,-0.0,-0.0,-0.0,-0.0,61537.73828125,61537.73828125,775250.1875,23959.12890625,23959.12890625,203848.4375
4835,48,TX,CTCs and EITCs,0.0,-0.0,-0.0,-0.0,-0.0,61537.73828125,61537.73828125,775250.1875,23959.12890625,23959.12890625,203848.4375
4835,48,TX,EITCs,0.0,-0.0,-0.0,-0.0,-0.0,61537.73828125,61537.73828125,775250.1875,23959.12890625,23959.12890625,203848.4375
4836,48,TX,CTCs,0.0,-0.0,-0.0,-0.0,-0.0,105173.765625,105173.765625,775577.0,35346.98046875,35346.98046875,214951.65625
4836,48,TX,CTCs and EITCs,0.0,-0.0,-0.0,-0.0,-0.0,105173.765625,105173.765625,775577.0,35346.98046875,35346.98046875,214951.65625
4836,48,TX,EITCs,0.0,-0.0,-0.0,-0.0,-0.0,105173.765625,105173.765625,775577.0,35346.98046875,35346.98046875,214951.65625
4837,48,TX,CTCs,0.0,-0.0,-0.0,-0.0,-0.0,106011.8515625,106011.8515625,772733.5625,39036.6953125,39036.6953125,142279.015625
4837,48,TX,CTCs and EITCs,0.0,-0.0,-0.0,-0.0,-0.0,106011.8515625,106011.8515625,772733.5625,39036.6953125,39036.6953125,142279.015625
4837,48,TX,EITCs,0.0,-0.0,-0.0,-0.0,-0.0,106011.8515625,106011.8515625,772733.5625,39036.6953125,39036.6953125,142279.015625
4838,48,TX,CTCs,0.0,-0.0,-0.0,-0.0,-0.0,86767.8515625,86767.8515625,770496.625,28841.029296875,28841.029296875,209634.140625
4838,48,TX,CTCs and EITCs,0.0,-0.0,-0.0,-0.0,-0.0,86767.8515625,86767.8515625,770496.625,28841.029296875,28841.029296875,209634.140625
4838,48,TX,EITCs,0.0,-0.0,-0.0,-0.0,-0.0,86767.8515625,86767.8515625,770496.625,28841.029296875,28841.029296875,209634.140625
4901,49,UT,CTCs,548864.0,-0.0,-0.0,3.666088732049658e-05,2.83706434782807e-05,76318.671875,76318.671875,824979.875,23628.07421875,23628.07421875,232983.9375
4901,49,UT,CTCs and EITCs,2613248.0,-0.0,-0.0,0.0012733554772312874,0.00019951142973577066,76318.671875,76318.671875,824979.875,23628.07421875,23628.07421875,232983.9375
4901,49,UT,EITCs,1720320.0,-0.0,-0.0,0.0012062524698344833,0.0001415917293023077,76318.671875,76318.671875,824979.875,23628.07421875,23628.07421875,232983.9375
4902,49,UT,CTCs,3686400.0,-0.0,-0.0,0.00013086388461123243,0.00036155801382598744,57693.5,57693.5,825449.125,20386.296875,20386.296875,221503.484375
4902,49,UT,CTCs and EITCs,5496832.0,0.021586861461400986,0.030274255201220512,0.0003153668406812669,0.000546542967020641,57693.5,58966.3984375,825449.125,20386.296875,21022.744140625,221503.484375
4902,49,UT,EITCs,651264.0,0.021586861461400986,0.030274255201220512,0.00018455125064071782,6.958249890133858e-05,57693.5,58966.3984375,825449.125,20386.296875,21022.744140625,221503.484375
4903,49,UT,CTCs,1028096.0,-0.0,-0.0,0.0007720217000259829,0.00011287841158209749,70372.953125,70372.953125,825250.3125,11141.876953125,11141.876953125,267344.53125
4903,49,UT,CTCs and EITCs,5107712.0,-0.0,-0.0,0.0007874800986915829,0.000490005495191909,70372.953125,70372.953125,825250.3125,11141.876953125,11141.876953125,267344.53125
4903,49,UT,EITCs,2211840.0,-0.0,-0.0,7.521896308026166e-06,0.00019978541561152153,70372.953125,70372.953125,825250.3125,11141.876953125,11141.876953125,267344.53125
4904,49,UT,CTCs,532480.0,-0.0,-0.0,-0.0,4.104610041320964e-05,74077.9921875,74077.9921875,826128.75,32540.447265625,32540.447265625,267520.1875
4904,49,UT,CTCs and EITCs,2973696.0,-0.0,-0.0,0.002424185481881901,0.00023144243675665672,74077.9921875,74077.9921875,826128.75,32540.447265625,32540.447265625,267520.1875
4904,49,UT,EITCs,970752.0,-0.0,-0.0,0.0007214731924787319,8.723546685428769e-05,74077.9921875,74077.9921875,826128.75,32540.447265625,32540.447265625,267520.1875
5000,50,VT,CTCs,27424768.0,0.0013275759993121028,0.0019288132898509502,0.0017386412789328425,0.002320185418713842,63997.3984375,64082.47265625,649404.9375,13540.04296875,13566.2099609375,129815.671875
5000,50,VT,CTCs and EITCs,60764160.0,0.08652158081531525,0.19442519545555115,0.011354265436850452,0.005846799970223623,63997.3984375,70059.015625,649404.9375,13540.04296875,16807.927734375,129815.671875
5000,50,VT,EITCs,33337344.0,0.014867052435874939,0.04823990538716316,0.009234281232163064,0.003520228978000792,63997.3984375,64963.2109375,649404.9375,13540.04296875,14226.3193359375,129815.671875
5101,51,VA,CTCs,0.0,-0.0,-0.0,-0.0,-0.0,93485.9765625,93485.9765625,791737.375,39997.95703125,39997.95703125,177195.03125
5101,51,VA,CTCs and EITCs,23318528.0,0.006086206529289484,0.00627139350399375,0.016965679684186292,0.0017170461042386943,93485.9765625,94058.4375,791737.375,39997.95703125,40250.3828125,177195.03125
5101,51,VA,EITCs,23318528.0,0.006086206529289484,0.00627139350399375,0.016965679684186292,0.0017170461042386943,93485.9765625,94058.4375,791737.375,39997.95703125,40250.3828125,177195.03125
5102,51,VA,CTCs,0.0,-0.0,-0.0,-0.0,-0.0,109119.5390625,109119.5390625,794787.6875,35117.94140625,35117.94140625,172411.03125
5102,51,VA,CTCs and EITCs,13590528.0,0.013163227587938309,0.022458484396338463,0.002531159316126028,0.0007630510752596307,109119.5390625,110575.0625,794787.6875,35117.94140625,35924.7578125,172411.03125
5102,51,VA,EITCs,13590528.0,0.013163227587938309,0.022458484396338463,0.002531159316126028,0.0007630510752596307,109119.5390625,110575.0625,794787.6875,35117.94140625,35924.7578125,172411.03125
5103,51,VA,CTCs,0.0,-0.0,-0.0,-0.0,-0.0,74112.6484375,74112.6484375,786649.125,12403.810546875,12403.810546875,210125.984375
5103,51,VA,CTCs and EITCs,52088832.0,0.010515708476305008,0.021473580971360207,0.009461651594635741,0.0030966750542941726,74112.6484375,74900.28125,786649.125,12403.810546875,12676.009765625,210125.984375
5103,51,VA,EITCs,52088832.0,0.010515708476305008,0.021473580971360207,0.009461651594635741,0.0030966750542941726,74112.6484375,74900.28125,786649.125,12403.810546875,12676.009765625,210125.984375
5104,51,VA,CTCs,0.0,-0.0,-0.0,-0.0,-0.0,26549.22265625,26549.22265625,795221.375,8805.8583984375,8805.8583984375,174842.53125
5104,51,VA,CTCs and EITCs,19869696.0,-0.0,-0.0,0.009973635059535942,0.0012960372968589284,26549.22265625,26549.22265625,795221.375,8805.8583984375,8805.8583984375,174842.53125
5104,51,VA,EITCs,19869696.0,-0.0,-0.0,0.009973635059535942,0.0012960372968589284,26549.22265625,26549.22265625,795221.375,8805.8583984375,8805.8583984375,174842.53125
5105,51,VA,CTCs,0.0,-0.0,-0.0,-0.0,-0.0,58061.59375,58061.59375,795671.5625,21354.0859375,21354.0859375,166411.671875
5105,51,VA,CTCs and EITCs,28553216.0,0.017429150640964508,0.040273137390613556,0.041377043941255055,0.002461702899101297,58061.59375,59091.50390625,795671.5625,21354.0859375,22250.169921875,166411.671875
5105,51,VA,EITCs,28553216.0,0.017429150640964508,0.040273137390613556,0.041377043941255055,0.002461702899101297,58061.59375,59091.50390625,795671.5625,21354.0859375,22250.169921875,166411.671875
5106,51,VA,CTCs,0.0,-0.0,-0.0,-0.0,-0.0,82577.5078125,82577.5078125,790222.0,38374.84765625,38374.84765625,196024.53125
5106,51,VA,CTCs and EITCs,31950848.0,0.006743428763002157,0.0057049947790801525,0.009481076724699462,0.003034111311123713,82577.5078125,83138.140625,790222.0,38374.84765625,38595.03125,196024.53125
5106,51,VA,EITCs,31950848.0,0.006743428763002157,0.0057049947790801525,0.009481076724699462,0.003034111311123713,82577.5078125,83138.140625,790222.0,38374.84765625,38595.03125,196024.53125
5107,51,VA,CTCs,0.0,-0.0,-0.0,-0.0,-0.0,89291.9296875,89291.9296875,790664.5625,42547.0,42547.0,167538.9375
5107,51,VA,CTCs and EITCs,42823680.0,0.0005998677806928754,0.00041959816007874906,0.06521464658199093,0.0027001163813018024,89291.9296875,89345.5234375,790664.5625,42547.0,42564.86328125,167538.9375
5107,51,VA,EITCs,42823680.0,0.0005998677806928754,0.00041959816007874906,0.06521464658199093,0.0027001163813018024,89291.9296875,89345.5234375,790664.5625,42547.0,42564.86328125,167538.9375
5108,51,VA,CTCs,0.0,-0.0,-0.0,-0.0,-0.0,50295.55078125,50295.55078125,791589.125,16636.1015625,16636.1015625,205956.296875
5108,51,VA,CTCs and EITCs,21450752.0,0.019085152074694633,0.032513104379177094,0.006993144541848887,0.0015464934992972974,50295.55078125,51274.12890625,791589.125,16636.1015625,17195.169921875,205956.296875
5108,51,VA,EITCs,21450752.0,0.019085152074694633,0.032513104379177094,0.006993144541848887,0.0015464934992972974,50295.55078125,51274.12890625,791589.125,16636.1015625,17195.169921875,205956.296875
5109,51,VA,CTCs,0.0,-0.0,-0.0,-0.0,-0.0,142631.015625,142631.015625,795557.9375,69237.734375,69237.734375,215845.8125
5109,51,VA,CTCs and EITCs,18018304.0,0.00016013642016332597,-0.0,0.0015519625890615873,0.0013249590631059334,142631.015625,142653.859375,795557.9375,69237.734375,69237.734375,215845.8125
5109,51,VA,EITCs,18018304.0,0.00016013642016332597,-0.0,0.0015519625890615873,0.0013249590631059334,142631.015625,142653.859375,795557.9375,69237.734375,69237.734375,215845.8125
5110,51,VA,CTCs,0.0,-0.0,-0.0,-0.0,-0.0,37154.59765625,37154.59765625,793046.5625,7998.6875,7998.6875,200281.96875
5110,51,VA,CTCs and EITCs,30011392.0,0.026986876502633095,0.07984838634729385,0.00999856255492187,0.0017755684118476245,37154.59765625,38185.09375,793046.5625,7998.6875,8692.79296875,200281.96875
5110,51,VA,EITCs,30011392.0,0.026986876502633095,0.07984838634729385,0.00999856255492187,0.0017755684118476245,37154.59765625,38185.09375,793046.5625,7998.6875,8692.79296875,200281.96875
5111,51,VA,CTCs,0.0,-0.0,-0.0,-0.0,-0.0,69175.203125,69175.203125,792522.0,23841.759765625,23841.759765625,182797.859375
5111,51,VA,CTCs and EITCs,16539648.0,0.009455055929720402,0.013024804182350636,0.020116149100974076,0.0009815857623480606,69175.203125,69835.5,792522.0,23841.759765625,24156.392578125,182797.859375
5111,51,VA,EITCs,16539648.0,0.009455055929720402,0.013024804182350636,0.020116149100974076,0.0009815857623480606,69175.203125,69835.5,792522.0,23841.759765625,24156.392578125,182797.859375
5301,53,WA,CTCs,0.0,-0.0,-0.0,-0.0,-0.0,74488.921875,74488.921875,777744.0625,24080.234375,24080.234375,223454.90625
5301,53,WA,CTCs and EITCs,13611008.0,0.017455793917179108,0.026326343417167664,0.007082513254126248,0.0007956616491443148,74488.921875,75812.28125,777744.0625,24080.234375,24731.3203125,223454.90625
5301,53,WA,EITCs,13611008.0,0.017455793917179108,0.026326343417167664,0.007082513254126248,0.0007956616491443148,74488.921875,75812.28125,777744.0625,24080.234375,24731.3203125,223454.90625
5302,53,WA,CTCs,0.0,-0.0,-0.0,-0.0,-0.0,38960.6015625,38960.6015625,777232.9375,12008.767578125,12008.767578125,238040.359375
5302,53,WA,CTCs and EITCs,15261696.0,0.031504228711128235,0.049331631511449814,0.016992198240870043,0.0011749248940950622,38960.6015625,40227.953125,777232.9375,12008.767578125,12631.9208984375,238040.359375
5302,53,WA,EITCs,15261696.0,0.031504228711128235,0.049331631511449814,0.016992198240870043,0.0011749248940950622,38960.6015625,40227.953125,777232.9375,12008.767578125,12631.9208984375,238040.359375
5303,53,WA,CTCs,0.0,-0.0,-0.0,-0.0,-0.0,37777.140625,37777.140625,774728.4375,10414.2890625,10414.2890625,230840.359375
5303,53,WA,CTCs and EITCs,20742144.0,0.41831231117248535,0.6346997022628784,0.03366971968035379,0.0014731209803800919,37777.140625,64944.03125,774728.4375,10414.2890625,28508.845703125,230840.359375
5303,53,WA,EITCs,20742144.0,0.41831231117248535,0.6346997022628784,0.03366971968035379,0.0014731209803800919,37777.140625,64944.03125,774728.4375,10414.2890625,28508.845703125,230840.359375
5304,53,WA,CTCs,0.0,-0.0,-0.0,-0.0,-0.0,91538.78125,91538.78125,775427.25,14983.634765625,14983.634765625,136519.59375
5304,53,WA,CTCs and EITCs,33144832.0,0.17532813549041748,0.30847814679145813,0.02329113150975137,0.002209587746747593,91538.78125,111000.25,775427.25,14983.634765625,21667.623046875,136519.59375
5304,53,WA,EITCs,33144832.0,0.17532813549041748,0.30847814679145813,0.02329113150975137,0.002209587746747593,91538.78125,111000.25,775427.25,14983.634765625,21667.623046875,136519.59375
5305,53,WA,CTCs,0.0,-0.0,-0.0,-0.0,-0.0,61438.68359375,61438.68359375,784021.25,4498.12451171875,4498.12451171875,120863.640625
5305,53,WA,CTCs and EITCs,12931072.0,0.011001454666256905,0.06885137408971786,0.002930273143437766,0.0008977720604497198,61438.68359375,62122.1171875,784021.25,4498.12451171875,4830.7265625,120863.640625
5305,53,WA,EITCs,12931072.0,0.011001454666256905,0.06885137408971786,0.002930273143437766,0.0008977720604497198,61438.68359375,62122.1171875,784021.25,4498.12451171875,4830.7265625,120863.640625
5306,53,WA,CTCs,0.0,-0.0,-0.0,-0.0,-0.0,70047.640625,70047.640625,779293.3125,18878.951171875,18878.951171875,199482.671875
5306,53,WA,CTCs and EITCs,35926016.0,0.3701312839984894,0.5296968221664429,0.05546925411647078,0.0018923052446927478,70047.640625,111209.90625,779293.3125,18878.951171875,40142.0859375,199482.671875
5306,53,WA,EITCs,35926016.0,0.3701312839984894,0.5296968221664429,0.05546925411647078,0.0018923052446927478,70047.640625,111209.90625,779293.3125,18878.951171875,40142.0859375,199482.671875
5307,53,WA,CTCs,0.0,-0.0,-0.0,-0.0,-0.0,51641.0078125,51641.0078125,775947.5,18370.716796875,18370.716796875,142323.734375
5307,53,WA,CTCs and EITCs,3813376.0,-0.0,-0.0,0.003932714446104052,0.00027585225136006014,51641.0078125,51641.0078125,775947.5,18370.716796875,18370.716796875,142323.734375
5307,53,WA,EITCs,3813376.0,-0.0,-0.0,0.003932714446104052,0.00027585225136006014,51641.0078125,51641.0078125,775947.5,18370.716796875,18370.716796875,142323.734375
5308,53,WA,CTCs,0.0,-0.0,-0.0,-0.0,-0.0,35331.4609375,35331.4609375,776336.25,5531.22802734375,5531.22802734375,199226.65625
5308,53,WA,CTCs and EITCs,15364096.0,0.03439267724752426,0.10934263467788696,0.00862480652746325,0.0007223223950144623,35331.4609375,36589.8828125,776336.25,5531.22802734375,6210.27587890625,199226.65625
5308,53,WA,EITCs,15364096.0,0.03439267724752426,0.10934263467788696,0.00862480652746325,0.0007223223950144623,35331.4609375,36589.8828125,776336.25,5531.22802734375,6210.27587890625,199226.65625
5309,53,WA,CTCs,0.0,-0.0,-0.0,-0.0,-0.0,143162.859375,143162.859375,776138.5,43922.015625,43922.015625,191333.1875
5309,53,WA,CTCs and EITCs,20393984.0,0.002124234801158309,0.0034048405941575766,0.011707210761067798,0.0013544686269472007,143162.859375,143467.625,776138.5,43922.015625,44072.07421875,191333.1875
5309,53,WA,EITCs,20393984.0,0.002124234801158309,0.0034048405941575766,0.011707210761067798,0.0013544686269472007,143162.859375,143467.625,776138.5,43922.015625,44072.07421875,191333.1875
5310,53,WA,CTCs,0.0,-0.0,-0.0,-0.0,-0.0,123535.6953125,123535.6953125,776334.0625,40493.5234375,40493.5234375,145096.296875
5310,53,WA,CTCs and EITCs,22577152.0,0.0010753646492958069,0.00109348283149302,0.028228313908402698,0.001385116392706462,123535.6953125,123668.6875,776334.0625,40493.5234375,40537.8515625,145096.296875
5310,53,WA,EITCs,22577152.0,0.0010753646492958069,0.00109348283149302,0.028228313908402698,0.001385116392706462,123535.6953125,123668.6875,776334.0625,40493.5234375,40537.8515625,145096.296875
5401,54,WV,CTCs,0.0,-0.0,-0.0,-0.0,-0.0,91945.296875,91945.296875,902751.0625,22311.4609375,22311.4609375,193003.21875
5401,54,WV,CTCs and EITCs,0.0,-0.0,-0.0,-0.0,-0.0,91945.296875,91945.296875,902751.0625,22311.4609375,22311.4609375,193003.21875
5401,54,WV,EITCs,0.0,-0.0,-0.0,-0.0,-0.0,91945.296875,91945.296875,902751.0625,22311.4609375,22311.4609375,193003.21875
5402,54,WV,CTCs,0.0,-0.0,-0.0,-0.0,-0.0,98815.1875,98815.1875,905491.875,37160.39453125,37160.39453125,207366.84375
5402,54,WV,CTCs and EITCs,0.0,-0.0,-0.0,-0.0,-0.0,98815.1875,98815.1875,905491.875,37160.39453125,37160.39453125,207366.84375
5402,54,WV,EITCs,0.0,-0.0,-0.0,-0.0,-0.0,98815.1875,98815.1875,905491.875,37160.39453125,37160.39453125,207366.84375
5501,55,WI,CTCs,0.0,-0.0,-0.0,-0.0,-0.0,51450.96875,51450.96875,743727.75,4590.1201171875,4590.1201171875,161158.015625
5501,55,WI,CTCs and EITCs,4399104.0,0.021942036226391792,0.07733914256095886,0.0008105549004473063,0.00032986046969841137,51450.96875,52605.23046875,743727.75,4590.1201171875,4974.87255859375,161158.015625
5501,55,WI,EITCs,4399104.0,0.021942036226391792,0.07733914256095886,0.0008105549004473063,0.00032986046969841137,51450.96875,52605.23046875,743727.75,4590.1201171875,4974.87255859375,161158.015625
5502,55,WI,CTCs,0.0,-0.0,-0.0,-0.0,-0.0,33327.8515625,33327.8515625,743673.6875,4085.29541015625,4085.29541015625,139098.4375
5502,55,WI,CTCs and EITCs,8941568.0,-0.0,-0.0,0.00335196043394751,0.0009645838155009157,33327.8515625,33327.8515625,743673.6875,4085.29541015625,4085.29541015625,139098.4375
5502,55,WI,EITCs,8941568.0,-0.0,-0.0,0.00335196043394751,0.0009645838155009157,33327.8515625,33327.8515625,743673.6875,4085.29541015625,4085.29541015625,139098.4375
5503,55,WI,CTCs,0.0,-0.0,-0.0,-0.0,-0.0,57133.234375,57133.234375,743285.25,5262.7158203125,5262.7158203125,195858.5625
5503,55,WI,CTCs and EITCs,11935744.0,0.004645483568310738,0.03660918399691582,0.00226959475685597,0.0013868799784414144,57133.234375,57399.8828125,743285.25,5262.7158203125,5462.70068359375,195858.5625
5503,55,WI,EITCs,11935744.0,0.004645483568310738,0.03660918399691582,0.00226959475685597,0.0013868799784414144,57133.234375,57399.8828125,743285.25,5262.7158203125,5462.70068359375,195858.5625
5504,55,WI,CTCs,0.0,-0.0,-0.0,-0.0,-0.0,69211.6328125,69211.6328125,743341.1875,26197.705078125,26197.705078125,222675.703125
5504,55,WI,CTCs and EITCs,54935552.0,0.0018002468859776855,0.0015855724923312664,0.03833495695029088,0.00642308148358147,69211.6328125,69336.453125,743341.1875,26197.705078125,26239.310546875,222675.703125
5504,55,WI,EITCs,54935552.0,0.0018002468859776855,0.0015855724923312664,0.03833495695029088,0.00642308148358147,69211.6328125,69336.453125,743341.1875,26197.705078125,26239.310546875,222675.703125
5505,55,WI,CTCs,0.0,-0.0,-0.0,-0.0,-0.0,157707.375,157707.375,743662.5625,28184.337890625,28184.337890625,118058.9765625
5505,55,WI,CTCs and EITCs,6610944.0,-0.0,-0.0,0.0015879562586600129,0.00037602118426150854,157707.375,157707.375,743662.5625,28184.337890625,28184.337890625,118058.9765625
5505,55,WI,EITCs,6610944.0,-0.0,-0.0,0.0015879562586600129,0.00037602118426150854,157707.375,157707.375,743662.5625,28184.337890625,28184.337890625,118058.9765625
5506,55,WI,CTCs,0.0,-0.0,-0.0,-0.0,-0.0,54618.8046875,54618.8046875,744274.1875,5233.728515625,5233.728515625,223927.71875
5506,55,WI,CTCs and EITCs,8081408.0,0.001363471383228898,0.008476649411022663,0.000721278045309331,0.0007545676070663218,54618.8046875,54693.37890625,744274.1875,5233.728515625,5278.47216796875,223927.71875
5506,55,WI,EITCs,8081408.0,0.001363471383228898,0.008476649411022663,0.000721278045309331,0.0007545676070663218,54618.8046875,54693.37890625,744274.1875,5233.728515625,5278.47216796875,223927.71875
5507,55,WI,CTCs,0.0,-0.0,-0.0,-0.0,-0.0,78287.5,78287.5,742022.25,4578.29150390625,4578.29150390625,141146.1875
5507,55,WI,CTCs and EITCs,11319296.0,-0.0,-0.0,0.001336665871290699,0.000892804044587776,78287.5,78287.5,742022.25,4578.29150390625,4578.29150390625,141146.1875
5507,55,WI,EITCs,11319296.0,-0.0,-0.0,0.001336665871290699,0.000892804044587776,78287.5,78287.5,742022.25,4578.29150390625,4578.29150390625,141146.1875
5508,55,WI,CTCs,0.0,-0.0,-0.0,-0.0,-0.0,27667.5703125,27667.5703125,742045.1875,3287.865478515625,3287.865478515625,144174.640625
5508,55,WI,CTCs and EITCs,4878336.0,-0.0,-0.0,0.0033105578978354826,0.0005779886326303266,27667.5703125,27667.5703125,742045.1875,3287.865478515625,3287.865478515625,144174.640625
5508,55,WI,EITCs,4878336.0,-0.0,-0.0,0.0033105578978354826,0.0005779886326303266,27667.5703125,27667.5703125,742045.1875,3287.865478515625,3287.865478515625,144174.640625
5600,56,WY,CTCs,0.0,-0.0,-0.0,-0.0,-0.0,38345.609375,38345.609375,581507.25,11294.546875,11294.546875,145985.1875
5600,56,WY,CTCs and EITCs,0.0,-0.0,-0.0,-0.0,-0.0,38345.609375,38345.609375,581507.25,11294.546875,11294.546875,145985.1875
5600,56,WY,EITCs,0.0,-0.0,-0.0,-0.0,-0.0,38345.609375,38345.609375,581507.25,11294.546875,11294.546875,145985.1875
