congressional_district_geoid,state_fips,state,reform_type,cost,poverty_pct_cut,child_poverty_pct_cut,poverty_gap_pct_cut,gini_index_pct_cut,baseline_poverty_count,reform_poverty_count,population,baseline_child_poverty_count,reform_child_poverty_count,child_population
101,1,AL,CTCs,0.0,-0.0,-0.0,-0.0,-0.0,104746.5625,104746.5625,717846.0,38927.9140625,38927.9140625,181544.65625
101,1,AL,CTCs and EITCs,0.0,-0.0,-0.0,-0.0,-0.0,104746.5625,104746.5625,717846.0,38927.9140625,38927.9140625,181544.65625
101,1,AL,EITCs,0.0,-0.0,-0.0,-0.0,-0.0,104746.5625,104746.5625,717846.0,38927.9140625,38927.9140625,181544.65625
102,1,AL,CTCs,0.0,-0.0,-0.0,-0.0,-0.0,86621.453125,86621.453125,716848.875,41070.58984375,41070.58984375,184898.625
102,1,AL,CTCs and EITCs,0.0,-0.0,-0.0,-0.0,-0.0,86621.453125,86621.453125,716848.875,41070.58984375,41070.58984375,184898.625
102,1,AL,EITCs,0.0,-0.0,-0.0,-0.0,-0.0,86621.453125,86621.453125,716848.875,41070.58984375,41070.58984375,184898.625
103,1,AL,CTCs,0.0,-0.0,-0.0,-0.0,-0.0,80401.2578125,80401.2578125,718443.5,27843.171875,27843.171875,215823.9375
103,1,AL,CTCs and EITCs,0.0,-0.0,-0.0,-0.0,-0.0,80401.2578125,80401.2578125,718443.5,27843.171875,27843.171875,215823.9375
103,1,AL,EITCs,0.0,-0.0,-0.0,-0.0,-0.0,80401.2578125,80401.2578125,718443.5,27843.171875,27843.171875,215823.9375
104,1,AL,CTCs,0.0,-0.0,-0.0,-0.0,-0.0,99178.78125,99178.78125,717193.5,17103.533203125,17103.533203125,131474.375
104,1,AL,CTCs and EITCs,0.0,-0.0,-0.0,-0.0,-0.0,99178.78125,99178.78125,717193.5,17103.533203125,17103.533203125,131474.375
104,1,AL,EITCs,0.0,-0.0,-0.0,-0.0,-0.0,99178.78125,99178.78125,717193.5,17103.533203125,17103.533203125,131474.375
105,1,AL,CTCs,0.0,-0.0,-0.0,-0.0,-0.0,82451.453125,82451.453125,718553.875,18009.185546875,18009.185546875,163727.71875
105,1,AL,CTCs and EITCs,0.0,-0.0,-0.0,-0.0,-0.0,82451.453125,82451.453125,718553.875,18009.185546875,18009.185546875,163727.71875
105,1,AL,EITCs,0.0,-0.0,-0.0,-0.0,-0.0,82451.453125,82451.453125,718553.875,18009.185546875,18009.185546875,163727.71875
106,1,AL,CTCs,0.0,-0.0,-0.0,-0.0,-0.0,101038.7578125,101038.7578125,719123.25,25696.689453125,25696.689453125,146467.46875
106,1,AL,CTCs and EITCs,0.0,-0.0,-0.0,-0.0,-0.0,101038.7578125,101038.7578125,719123.25,25696.689453125,25696.689453125,146467.46875
106,1,AL,EITCs,0.0,-0.0,-0.0,-0.0,-0.0,101038.7578125,101038.7578125,719123.25,25696.689453125,25696.689453125,146467.46875
107,1,AL,CTCs,0.0,-0.0,-0.0,-0.0,-0.0,117756.53125,117756.53125,717665.625,20174.296875,20174.296875,211858.125
107,1,AL,CTCs and EITCs,0.0,-0.0,-0.0,-0.0,-0.0,117756.53125,117756.53125,717665.625,20174.296875,20174.296875,211858.125
107,1,AL,EITCs,0.0,-0.0,-0.0,-0.0,-0.0,117756.53125,117756.53125,717665.625,20174.296875,20174.296875,211858.125
200,2,AK,CTCs,0.0,-0.0,-0.0,-0.0,-0.0,51747.92578125,51747.92578125,733687.875,17927.45703125,17927.45703125,192221.21875
200,2,AK,CTCs and EITCs,0.0,-0.0,-0.0,-0.0,-0.0,51747.92578125,51747.92578125,733687.875,17927.45703125,17927.45703125,192221.21875
200,2,AK,EITCs,0.0,-0.0,-0.0,-0.0,-0.0,51747.92578125,51747.92578125,733687.875,17927.45703125,17927.45703125,192221.21875
401,4,AZ,CTCs,15261696.0,-0.0,-0.0,0.0015204939545659327,0.0006307550806161621,57276.9453125,57276.9453125,793458.5,22881.12109375,22881.12109375,185934.90625
401,4,AZ,CTCs and EITCs,15261696.0,-0.0,-0.0,0.0015204939545659327,0.0006307550806161621,57276.9453125,57276.9453125,793458.5,22881.12109375,22881.12109375,185934.90625
401,4,AZ,EITCs,0.0,-0.0,-0.0,-0.0,-0.0,57276.9453125,57276.9453125,793458.5,22881.12109375,22881.12109375,185934.90625
402,4,AZ,CTCs,13701120.0,-0.0,-0.0,0.004066794670890609,0.000787855545434157,161314.96875,161314.96875,795328.0,76507.0,76507.0,235502.125
402,4,AZ,CTCs and EITCs,13701120.0,-0.0,-0.0,0.004066794670890609,0.000787855545434157,161314.96875,161314.96875,795328.0,76507.0,76507.0,235502.125
402,4,AZ,EITCs,0.0,-0.0,-0.0,-0.0,-0.0,161314.96875,161314.96875,795328.0,76507.0,76507.0,235502.125
403,4,AZ,CTCs,11188224.0,-0.0,-0.0,0.0003821460472346295,0.0002396148629104653,117338.1328125,117338.1328125,795346.5,34383.2265625,34383.2265625,176732.96875
403,4,AZ,CTCs and EITCs,11188224.0,-0.0,-0.0,0.0003821460472346295,0.0002396148629104653,117338.1328125,117338.1328125,795346.5,34383.2265625,34383.2265625,176732.96875
403,4,AZ,EITCs,0.0,-0.0,-0.0,-0.0,-0.0,117338.1328125,117338.1328125,795346.5,34383.2265625,34383.2265625,176732.96875
404,4,AZ,CTCs,9641984.0,0.007910352200269699,0.011710908263921738,0.00015141143462376661,0.0003135553398040035,56055.640625,56502.59375,795614.625,28288.78125,28623.99609375,138964.8125
404,4,AZ,CTCs and EITCs,9641984.0,0.007910352200269699,0.011710908263921738,0.00015141143462376661,0.0003135553398040035,56055.640625,56502.59375,795614.625,28288.78125,28623.99609375,138964.8125
404,4,AZ,EITCs,0.0,-0.0,-0.0,-0.0,-0.0,56055.640625,56055.640625,795614.625,28288.78125,28288.78125,138964.8125
405,4,AZ,CTCs,17459200.0,-0.0,-0.0,0.00028036618603898976,0.0010014272366889215,91514.921875,91514.921875,795076.9375,34101.80859375,34101.80859375,229456.265625
405,4,AZ,CTCs and EITCs,17459200.0,-0.0,-0.0,0.00028036618603898976,0.0010014272366889215,91514.921875,91514.921875,795076.9375,34101.80859375,34101.80859375,229456.265625
405,4,AZ,EITCs,0.0,-0.0,-0.0,-0.0,-0.0,91514.921875,91514.921875,795076.9375,34101.80859375,34101.80859375,229456.265625
406,4,AZ,CTCs,15790080.0,-0.0,-0.0,1.528089387463681e-05,0.0008273791484202614,46472.8828125,46472.8828125,794327.875,8760.3818359375,8760.3818359375,195787.625
406,4,AZ,CTCs and EITCs,15790080.0,-0.0,-0.0,1.528089387463681e-05,0.0008273791484202614,46472.8828125,46472.8828125,794327.875,8760.3818359375,8760.3818359375,195787.625
406,4,AZ,EITCs,0.0,-0.0,-0.0,-0.0,-0.0,46472.8828125,46472.8828125,794327.875,8760.3818359375,8760.3818359375,195787.625
407,4,AZ,CTCs,21381120.0,-0.0,-0.0,0.0008294799630894495,0.0005957648487974773,88167.921875,88167.921875,796364.625,24441.46484375,24441.46484375,262410.25
407,4,AZ,CTCs and EITCs,21381120.0,-0.0,-0.0,0.0008294799630894495,0.0005957648487974773,88167.921875,88167.921875,796364.625,24441.46484375,24441.46484375,262410.25
407,4,AZ,EITCs,0.0,-0.0,-0.0,-0.0,-0.0,88167.921875,88167.921875,796364.625,24441.46484375,24441.46484375,262410.25
408,4,AZ,CTCs,12275712.0,-0.0,-0.0,0.003591969571332091,0.0005960461343477228,59053.6796875,59053.6796875,793122.125,12524.0556640625,12524.0556640625,121913.125
408,4,AZ,CTCs and EITCs,12275712.0,-0.0,-0.0,0.003591969571332091,0.0005960461343477228,59053.6796875,59053.6796875,793122.125,12524.0556640625,12524.0556640625,121913.125
408,4,AZ,EITCs,0.0,-0.0,-0.0,-0.0,-0.0,59053.6796875,59053.6796875,793122.125,12524.0556640625,12524.0556640625,121913.125
409,4,AZ,CTCs,10952704.0,-0.0,-0.0,0.0010897227553010947,0.0003772710819772282,197727.90625,197727.90625,793709.375,46833.46484375,46833.46484375,176891.78125
409,4,AZ,CTCs and EITCs,10952704.0,-0.0,-0.0,0.0010897227553010947,0.0003772710819772282,197727.90625,197727.90625,793709.375,46833.46484375,46833.46484375,176891.78125
409,4,AZ,EITCs,0.0,-0.0,-0.0,-0.0,-0.0,197727.90625,197727.90625,793709.375,46833.46484375,46833.46484375,176891.78125
501,5,AR,CTCs,0.0,-0.0,-0.0,-0.0,-0.0,43759.9453125,43759.9453125,752789.75,13585.0087890625,13585.0087890625,210043.234375
501,5,AR,CTCs and EITCs,0.0,-0.0,-0.0,-0.0,-0.0,43759.9453125,43759.9453125,752789.75,13585.0087890625,13585.0087890625,210043.234375
501,5,AR,EITCs,0.0,-0.0,-0.0,-0.0,-0.0,43759.9453125,43759.9453125,752789.75,13585.0087890625,13585.0087890625,210043.234375
502,5,AR,CTCs,0.0,-0.0,-0.0,-0.0,-0.0,106678.390625,106678.390625,752966.6875,11191.8134765625,11191.8134765625,188337.40625
502,5,AR,CTCs and EITCs,0.0,-0.0,-0.0,-0.0,-0.0,106678.390625,106678.390625,752966.6875,11191.8134765625,11191.8134765625,188337.40625
502,5,AR,EITCs,0.0,-0.0,-0.0,-0.0,-0.0,106678.390625,106678.390625,752966.6875,11191.8134765625,11191.8134765625,188337.40625
503,5,AR,CTCs,0.0,-0.0,-0.0,-0.0,-0.0,28057.3671875,28057.3671875,753651.0,6575.4072265625,6575.4072265625,196731.5625
503,5,AR,CTCs and EITCs,0.0,-0.0,-0.0,-0.0,-0.0,28057.3671875,28057.3671875,753651.0,6575.4072265625,6575.4072265625,196731.5625
503,5,AR,EITCs,0.0,-0.0,-0.0,-0.0,-0.0,28057.3671875,28057.3671875,753651.0,6575.4072265625,6575.4072265625,196731.5625
504,5,AR,CTCs,0.0,-0.0,-0.0,-0.0,-0.0,30156.658203125,30156.658203125,753455.375,8366.890625,8366.890625,170059.6875
504,5,AR,CTCs and EITCs,0.0,-0.0,-0.0,-0.0,-0.0,30156.658203125,30156.658203125,753455.375,8366.890625,8366.890625,170059.6875
504,5,AR,EITCs,0.0,-0.0,-0.0,-0.0,-0.0,30156.658203125,30156.658203125,753455.375,8366.890625,8366.890625,170059.6875
601,6,CA,CTCs,4337664.0,0.005997759290039539,0.008184827864170074,0.004529081969830873,0.0001910423968452143,43158.171875,43418.5859375,766008.5625,12821.451171875,12927.2578125,144600.625
601,6,CA,CTCs and EITCs,19869696.0,0.05059666559100151,0.08558454364538193,0.02758262582483411,0.0010069078065285731,43158.171875,45458.203125,766008.5625,12821.451171875,14021.4716796875,144600.625
601,6,CA,EITCs,15527936.0,0.04425066336989403,0.07621227949857712,0.023066173270057045,0.0008146033502202548,43158.171875,45156.37109375,766008.5625,12821.451171875,13879.2177734375,144600.625
602,6,CA,CTCs,14909440.0,0.002467823913320899,0.0031651000026613474,0.031888006332815716,0.0007862340881628662,102552.34375,102806.046875,767490.25,38371.1640625,38493.0,177345.390625
602,6,CA,CTCs and EITCs,37851136.0,0.004246253054589033,0.0043351356871426105,0.04626146742258313,0.002158242725128559,102552.34375,102989.65625,767490.25,38371.1640625,38538.234375,177345.390625
602,6,CA,EITCs,22945792.0,0.0038184814620763063,0.0038935423363000154,0.015267452783252066,0.001372853760616338,102552.34375,102945.4375,767490.25,38371.1640625,38521.1484375,177345.390625
603,6,CA,CTCs,10727424.0,-0.0,-0.0,0.003830651251254045,0.0005037161447384469,55081.515625,55081.515625,765496.625,11072.921875,11072.921875,163304.890625
603,6,CA,CTCs and EITCs,27058176.0,0.002601297339424491,0.005807084962725639,0.015838245029158454,0.0014126565571045218,55081.515625,55225.171875,765496.625,11072.921875,11137.5986328125,163304.890625
603,6,CA,EITCs,16330752.0,0.0018256728071719408,0.004528628196567297,0.012093736632500034,0.0009074823668058987,55081.515625,55182.26171875,765496.625,11072.921875,11123.294921875,163304.890625
604,6,CA,CTCs,1589248.0,0.0010214215144515038,0.0008359474595636129,0.0009600221951496147,0.00010002139335084628,160407.875,160571.890625,764243.25,39210.83203125,39243.63671875,152694.390625
604,6,CA,CTCs and EITCs,17403904.0,0.0032277589198201895,0.0062360092997550964,0.011727279502752078,0.0013232868565345157,160407.875,160927.3125,764243.25,39210.83203125,39456.88671875,152694.390625
604,6,CA,EITCs,15818752.0,0.0032277589198201895,0.0062360092997550964,0.010786545094675175,0.0012230393239277245,160407.875,160927.3125,764243.25,39210.83203125,39456.88671875,152694.390625
605,6,CA,CTCs,11423744.0,0.0014367381809279323,0.0021375950891524553,0.00835393141644991,0.000774184726253233,114985.796875,115151.2421875,761236.6875,26657.9375,26715.04296875,238676.859375
605,6,CA,CTCs and EITCs,26820608.0,0.00920055527240038,0.021552693098783493,0.017437825714190832,0.0016791538331783456,114985.796875,116053.5625,761236.6875,26657.9375,27245.14453125,238676.859375
605,6,CA,EITCs,15400960.0,0.003704332746565342,0.009332958608865738,0.00915910252072652,0.0009053000131038095,114985.796875,115413.3359375,761236.6875,26657.9375,26909.078125,238676.859375
606,6,CA,CTCs,2125824.0,0.007188593968749046,0.017450273036956787,0.0034256989137491467,0.00013197358506758693,37727.4375,38000.609375,757841.75,5183.8896484375,5275.95703125,155704.34375
606,6,CA,CTCs and EITCs,24408064.0,0.03851023688912392,0.12849636375904083,0.013003193763866624,0.0009167102117130682,37727.4375,39238.5234375,757841.75,5183.8896484375,5948.2138671875,155704.34375
606,6,CA,EITCs,22286336.0,0.027773045003414154,0.09769416600465775,0.008982666064092907,0.0007839628635459199,37727.4375,38805.17578125,757841.75,5183.8896484375,5745.158203125,155704.34375
607,6,CA,CTCs,14323712.0,0.0124887153506279,0.027231143787503242,0.0014634094787314737,0.0008795522903991985,67513.90625,68367.734375,755846.8125,19566.95703125,20114.703125,164341.703125
607,6,CA,CTCs and EITCs,37396480.0,0.017192820087075233,0.032950207591056824,0.018346305508668906,0.002105078265471434,67513.90625,68694.96875,755846.8125,19566.95703125,20233.66015625,164341.703125
607,6,CA,EITCs,23068672.0,0.014424513094127178,0.02890293300151825,0.01686309679304483,0.0012237382261819348,67513.90625,68502.015625,755846.8125,19566.95703125,20149.33203125,164341.703125
608,6,CA,CTCs,2951168.0,0.0031962485518306494,0.004525045398622751,0.008192156595951764,0.00020240014780013315,41170.44921875,41302.4609375,759960.375,9680.455078125,9724.458984375,210919.625
608,6,CA,CTCs and EITCs,11034624.0,0.013941992074251175,0.020756248384714127,0.020771795577339387,0.0007147927492508802,41170.44921875,41752.5625,759960.375,9680.455078125,9885.64453125,210919.625
608,6,CA,EITCs,8079360.0,0.010814527049660683,0.0163778867572546,0.012745019625856755,0.0005118442199735025,41170.44921875,41620.5546875,759960.375,9680.455078125,9841.640625,210919.625
609,6,CA,CTCs,13422592.0,0.002901248401030898,0.006150978151708841,0.013826164098302283,0.0008957567793936871,96792.46875,97074.109375,757951.5,15168.978515625,15262.859375,165379.09375
609,6,CA,CTCs and EITCs,30277632.0,0.013367796316742897,0.04638984054327011,0.02686287257833082,0.00196440755844744,96792.46875,98103.90625,757951.5,15168.978515625,15906.896484375,165379.09375
609,6,CA,EITCs,16859136.0,0.009407753124833107,0.03688127547502518,0.013133238538937664,0.0010656470490289366,96792.46875,97711.7265625,757951.5,15168.978515625,15749.853515625,165379.09375
610,6,CA,CTCs,618496.0,-0.0,-0.0,0.000672753338048254,3.6645621204619285e-05,99062.765625,99062.765625,759404.6875,9900.556640625,9900.556640625,76706.375
610,6,CA,CTCs and EITCs,14465024.0,-0.0,-0.0,0.019561609391488925,0.0008461656014115955,99062.765625,99062.765625,759404.6875,9900.556640625,9900.556640625,76706.375
610,6,CA,EITCs,13846528.0,-0.0,-0.0,0.018914055624794552,0.0008095317253018445,99062.765625,99062.765625,759404.6875,9900.556640625,9900.556640625,76706.375
611,6,CA,CTCs,8589312.0,-0.0,-0.0,0.005411290822158188,0.0006196728976210184,100248.2578125,100248.2578125,759839.1875,38379.1953125,38379.1953125,173225.578125
611,6,CA,CTCs and EITCs,30543872.0,0.00012151347618782893,-0.0,0.010806538048790356,0.0020116000566958287,100248.2578125,100260.4453125,759839.1875,38379.1953125,38379.1953125,173225.578125
611,6,CA,EITCs,21954560.0,0.00012151347618782893,-0.0,0.0054539541699850395,0.0013928435708346265,100248.2578125,100260.4453125,759839.1875,38379.1953125,38379.1953125,173225.578125
612,6,CA,CTCs,18018304.0,0.15132185816764832,0.14998570084571838,0.0023004357116463477,0.0006070429631268215,232381.546875,273815.875,759605.1875,78837.328125,92748.2421875,154237.71875
612,6,CA,CTCs and EITCs,47529984.0,0.15139777958393097,0.14998570084571838,0.01707557340535403,0.0022197002569415616,232381.546875,273840.375,759605.1875,78837.328125,92748.2421875,154237.71875
612,6,CA,EITCs,29507584.0,0.00010539447976043448,-0.0,0.011080805190718825,0.0016119352522517337,232381.546875,232406.03125,759605.1875,78837.328125,78837.328125,154237.71875
613,6,CA,CTCs,10483712.0,0.000366437277989462,0.0010821344330906868,0.013479205147092343,0.0012784618026859616,145359.234375,145412.515625,766695.25,29515.83203125,29547.806640625,168561.328125
613,6,CA,CTCs and EITCs,53223424.0,0.006518034730106592,0.020796820521354675,0.05518538588664233,0.00507881643139809,145359.234375,146312.90625,766695.25,29515.83203125,30142.703125,168561.328125
613,6,CA,EITCs,42739712.0,0.002704150043427944,0.007258190307766199,0.042701220690903666,0.003797414290562214,145359.234375,145753.375,766695.25,29515.83203125,29731.62890625,168561.328125
614,6,CA,CTCs,8314880.0,-0.0,-0.0,0.001124104936644775,0.0008198472904013452,96029.84375,96029.84375,759231.875,7935.9140625,7935.9140625,111238.0546875
614,6,CA,CTCs and EITCs,16035840.0,-0.0,-0.0,0.006917243292545689,0.0014292985118494542,96029.84375,96029.84375,759231.875,7935.9140625,7935.9140625,111238.0546875
614,6,CA,EITCs,7725056.0,-0.0,-0.0,0.005806146733045036,0.0006086952491591243,96029.84375,96029.84375,759231.875,7935.9140625,7935.9140625,111238.0546875
615,6,CA,CTCs,3887104.0,-0.0,-0.0,0.002592441512423202,0.00025181336941855313,205717.890625,205717.890625,758219.75,45487.7109375,45487.7109375,188953.859375
615,6,CA,CTCs and EITCs,14643200.0,-0.0,-0.0,0.0073536035292746695,0.0008263231055012945,205717.890625,205717.890625,758219.75,45487.7109375,45487.7109375,188953.859375
615,6,CA,EITCs,10764288.0,-0.0,-0.0,0.004785884990941132,0.0005741950263581459,205717.890625,205717.890625,758219.75,45487.7109375,45487.7109375,188953.859375
616,6,CA,CTCs,622592.0,-0.0,-0.0,0.0002481037459602114,4.482211613379101e-05,120153.1640625,120153.1640625,756285.125,42706.015625,42706.015625,180016.78125
616,6,CA,CTCs and EITCs,13737984.0,-0.0,-0.0,0.006575232654406352,0.0007064644294417598,120153.1640625,120153.1640625,756285.125,42706.015625,42706.015625,180016.78125
616,6,CA,EITCs,13119488.0,-0.0,-0.0,0.006330259740302355,0.0006616712117268514,120153.1640625,120153.1640625,756285.125,42706.015625,42706.015625,180016.78125
617,6,CA,CTCs,14958592.0,-0.0,-0.0,0.014268832591402696,0.0010204989981337188,125729.90625,125729.90625,757445.75,49928.484375,49928.484375,215654.171875
617,6,CA,CTCs and EITCs,32464896.0,0.00038981050602160394,-0.0,0.026657233698657495,0.0019360184756932422,125729.90625,125778.9375,757445.75,49928.484375,49928.484375,215654.171875
617,6,CA,EITCs,17506304.0,0.00038981050602160394,-0.0,0.0127473311588241,0.0009158274445873891,125729.90625,125778.9375,757445.75,49928.484375,49928.484375,215654.171875
618,6,CA,CTCs,2574336.0,0.0015872217481955886,0.01750214584171772,0.0014127947856354668,0.0002280883940774373,156297.625,156546.09375,763182.125,9299.05859375,9464.7109375,149155.796875
618,6,CA,CTCs and EITCs,14995456.0,0.0015872217481955886,0.01750214584171772,0.010362404808179662,0.001254615597343981,156297.625,156546.09375,763182.125,9299.05859375,9464.7109375,149155.796875
618,6,CA,EITCs,12417024.0,0.0015872217481955886,0.01750214584171772,0.008968721957516404,0.0010250122566122968,156297.625,156546.09375,763182.125,9299.05859375,9464.7109375,149155.796875
619,6,CA,CTCs,1392640.0,-0.0,-0.0,0.0005629837362250163,7.117820217755932e-05,125222.671875,125222.671875,757112.6875,16898.02734375,16898.02734375,220159.859375
619,6,CA,CTCs and EITCs,20656128.0,0.003128260374069214,0.010430767200887203,0.010604610945684306,0.001055038613346271,125222.671875,125615.6328125,757112.6875,16898.02734375,17076.14453125,220159.859375
619,6,CA,EITCs,19259392.0,0.003128260374069214,0.010430767200887203,0.01005288641458788,0.000983772037013011,125222.671875,125615.6328125,757112.6875,16898.02734375,17076.14453125,220159.859375
620,6,CA,CTCs,4567040.0,0.0019531494472175837,0.01526093203574419,0.0012165227485919456,0.00038908236077205027,194203.21875,194583.265625,762610.25,10637.82421875,10802.68359375,148801.984375
620,6,CA,CTCs and EITCs,23343104.0,0.0030269131530076265,0.024507781490683556,0.006825134350747018,0.0022311187835017707,194203.21875,194792.84375,762610.25,10637.82421875,10905.083984375,148801.984375
620,6,CA,EITCs,18778112.0,0.0022537007462233305,0.01998564787209034,0.005584555132507913,0.001837564228428547,194203.21875,194641.875,762610.25,10637.82421875,10854.763671875,148801.984375
621,6,CA,CTCs,26062848.0,0.011000718921422958,0.023274783045053482,0.007973784564443826,0.0012690459450668736,54988.3515625,55599.9921875,756198.5625,20533.931640625,21023.244140625,207419.71875
621,6,CA,CTCs and EITCs,54915072.0,0.48721134662628174,0.624769389629364,0.030847856158959196,0.003806835049771279,54988.3515625,107233.9453125,756198.5625,20533.931640625,54723.50390625,207419.71875
621,6,CA,EITCs,28856320.0,0.48577257990837097,0.6236874461174011,0.022675548109651035,0.002530641409772373,54988.3515625,106933.921875,756198.5625,20533.931640625,54566.1640625,207419.71875
622,6,CA,CTCs,21784576.0,0.12853604555130005,0.2112981379032135,0.053557531092581386,0.0031672507443396775,102566.28125,117694.2421875,781736.75,27159.564453125,34435.78125,214516.0625
622,6,CA,CTCs and EITCs,61493248.0,0.13419273495674133,0.21830721199512482,0.11436112697395952,0.00851557421718347,102566.28125,118463.1875,781736.75,27159.564453125,34744.55078125,214516.0625
622,6,CA,EITCs,39706624.0,0.1305363029241562,0.21553495526313782,0.06641127739477443,0.005359861329599484,102566.28125,117965.0,781736.75,27159.564453125,34621.765625,214516.0625
623,6,CA,CTCs,3600384.0,0.004975825548171997,0.00716833071783185,0.005682743561244646,0.00016015909242226306,78662.859375,79056.2265625,761776.8125,36322.34375,36584.59375,176911.484375
623,6,CA,CTCs and EITCs,47005696.0,0.025463217869400978,0.02717689611017704,0.12214310928726392,0.0030540427909519956,78662.859375,80718.203125,761776.8125,36322.34375,37337.046875,176911.484375
623,6,CA,EITCs,43401216.0,0.021877145394682884,0.02330605685710907,0.11720783135764055,0.0028919764137391264,78662.859375,80422.265625,761776.8125,36322.34375,37189.07421875,176911.484375
624,6,CA,CTCs,3551232.0,0.00937356986105442,0.051886580884456635,0.0025004223794683773,0.00023571906122183553,100099.234375,101046.390625,765342.125,9759.341796875,10293.43359375,122532.765625
624,6,CA,CTCs and EITCs,18345984.0,0.011667200364172459,0.059910211712121964,0.011989512039208795,0.0011073923741145935,100099.234375,101280.890625,765342.125,9759.341796875,10381.287109375,122532.765625
624,6,CA,EITCs,14798848.0,0.009615235030651093,0.0454396978020668,0.009430064527055772,0.0008701527299034384,100099.234375,101071.0546875,765342.125,9759.341796875,10223.9140625,122532.765625
625,6,CA,CTCs,3854336.0,0.008379512466490269,0.014960656873881817,0.0029353823915400706,9.028902876621957e-05,93992.5859375,94786.8515625,767741.8125,30693.93359375,31160.109375,225519.53125
625,6,CA,CTCs and EITCs,55525376.0,0.024633988738059998,0.0469612292945385,0.10263119544548939,0.0017120842015615363,93992.5859375,96366.4765625,767741.8125,30693.93359375,32206.3828125,225519.53125
625,6,CA,EITCs,51679232.0,0.0165281780064106,0.03296373412013054,0.09955655888529254,0.0016202233300183205,93992.5859375,95572.21875,767741.8125,30693.93359375,31740.208984375,225519.53125
626,6,CA,CTCs,1892352.0,-0.0,-0.0,0.0015431010045014934,0.0001278938493151145,100213.6953125,100213.6953125,758722.8125,21622.359375,21622.359375,155787.59375
626,6,CA,CTCs and EITCs,21180416.0,0.0003731735341716558,0.00043237381032668054,0.02252888024925812,0.0017559448117680124,100213.6953125,100251.109375,758722.8125,21622.359375,21631.7109375,155787.59375
626,6,CA,EITCs,19288064.0,0.0003731735341716558,0.00043237381032668054,0.021050011948274633,0.0016273601568511972,100213.6953125,100251.109375,758722.8125,21622.359375,21631.7109375,155787.59375
627,6,CA,CTCs,31072256.0,0.00353221595287323,0.008075578138232231,0.016927011459393453,0.0013246621997300926,143883.875,144393.90625,763241.5,41230.20703125,41565.875,213813.578125
627,6,CA,CTCs and EITCs,71397376.0,0.005044241901487112,0.011461022309958935,0.034869849578817745,0.0034517947044397502,143883.875,144613.34375,763241.5,41230.20703125,41708.2265625,213813.578125
627,6,CA,EITCs,40329216.0,0.0015229139244183898,0.0034406206104904413,0.018522101385784126,0.0021275047548780955,143883.875,144103.328125,763241.5,41230.20703125,41372.5546875,213813.578125
628,6,CA,CTCs,12382208.0,-0.0,-0.0,0.01075117028662983,0.0014258027603315188,181236.09375,181236.09375,760719.25,44492.54296875,44492.54296875,168028.6875
628,6,CA,CTCs and EITCs,29947904.0,0.0018724931869655848,0.001216536620631814,0.018914983876611363,0.0023106538422917955,181236.09375,181576.09375,760719.25,44492.54296875,44546.734375,168028.6875
628,6,CA,EITCs,17565696.0,0.0018724931869655848,0.001216536620631814,0.008322947808094752,0.0008854572330168843,181236.09375,181576.09375,760719.25,44492.54296875,44546.734375,168028.6875
629,6,CA,CTCs,13563904.0,0.010583573952317238,0.02424229308962822,0.014130235094185473,0.0010038571442784869,125768.359375,127113.6796875,756402.5625,34315.4609375,35168.015625,187470.34375
629,6,CA,CTCs and EITCs,38432768.0,0.014347657561302185,0.03182534873485565,0.028043408566339335,0.0025538578813022197,125768.359375,127599.109375,756402.5625,34315.4609375,35443.4609375,187470.34375
629,6,CA,EITCs,24870912.0,0.01062647346407175,0.026174146682024002,0.014115673046883095,0.0015468787474666038,125768.359375,127119.1875,756402.5625,34315.4609375,35237.78125,187470.34375
630,6,CA,CTCs,15605760.0,0.0009485424961894751,0.0013107132399454713,0.013210569984482043,0.0014177089721355426,163674.09375,163829.484375,759663.875,39466.48828125,39518.28515625,92853.0625
630,6,CA,CTCs and EITCs,56467456.0,0.002027280395850539,0.0013107132399454713,0.039495088112237786,0.004820416849231499,163674.09375,164006.578125,759663.875,39466.48828125,39518.28515625,92853.0625
630,6,CA,EITCs,40859648.0,0.0010808552615344524,-0.0,0.02697427670576695,0.003399932903164992,163674.09375,163851.1875,759663.875,39466.48828125,39466.48828125,92853.0625
631,6,CA,CTCs,3084288.0,-0.0,-0.0,0.002561067958045731,0.00013655675282164224,165043.953125,165043.953125,755099.25,26475.564453125,26475.564453125,198639.203125
631,6,CA,CTCs and EITCs,34101248.0,0.0007985761621966958,-0.0,0.0376635988161923,0.0021810640091088533,165043.953125,165175.859375,755099.25,26475.564453125,26475.564453125,198639.203125
631,6,CA,EITCs,31014912.0,0.0007985761621966958,-0.0,0.03527983591382814,0.0020438144484338037,165043.953125,165175.859375,755099.25,26475.564453125,26475.564453125,198639.203125
632,6,CA,CTCs,1691648.0,-0.0,-0.0,0.0018474371749334299,0.00010858957015105929,124596.203125,124596.203125,758328.5625,36590.51171875,36590.51171875,167508.03125
632,6,CA,CTCs and EITCs,16400384.0,-0.0,-0.0,0.009966403901617602,0.0009689810901725304,124596.203125,124596.203125,758328.5625,36590.51171875,36590.51171875,167508.03125
632,6,CA,EITCs,14712832.0,-0.0,-0.0,0.008148925194150362,0.0008603808102571402,124596.203125,124596.203125,758328.5625,36590.51171875,36590.51171875,167508.03125
633,6,CA,CTCs,7254016.0,0.007214520126581192,0.013948168605566025,0.007492056477111642,0.0006972641634771922,96122.765625,96821.2890625,756944.625,25462.701171875,25822.8828125,232182.890625
633,6,CA,CTCs and EITCs,54892544.0,0.015763700008392334,0.025983374565839767,0.06322445831612827,0.005397683517026426,96122.765625,97662.28125,756944.625,25462.701171875,26141.95703125,232182.890625
633,6,CA,EITCs,47640576.0,0.012203365564346313,0.022808637470006943,0.05630998109940284,0.004673948480933732,96122.765625,97310.28125,756944.625,25462.701171875,26057.02734375,232182.890625
634,6,CA,CTCs,3676160.0,0.009311264380812645,0.04542545974254608,0.0015961750401177516,0.00011828283041834333,151540.046875,152964.34375,758718.375,11149.69921875,11680.28125,151894.65625
634,6,CA,CTCs and EITCs,25538560.0,0.020739233121275902,0.10594169050455093,0.007921951729958219,0.0012470605472462276,151540.046875,154749.4375,758718.375,11149.69921875,12470.8857421875,151894.65625
634,6,CA,EITCs,21860352.0,0.010679667815566063,0.061482418328523636,0.006149302900821429,0.0011263925434493321,151540.046875,153175.921875,758718.375,11149.69921875,11880.1171875,151894.65625
635,6,CA,CTCs,3678208.0,0.0023588743060827255,0.003903161035850644,0.0027468684550227065,0.00029790283421714047,162593.046875,162977.484375,764272.9375,60714.23828125,60952.140625,221430.796875
635,6,CA,CTCs and EITCs,15503360.0,0.010112302377820015,0.01330799050629139,0.012194570062640818,0.0012442189557975414,162593.046875,164254.03125,764272.9375,60714.23828125,61533.1171875,221430.796875
635,6,CA,EITCs,11825152.0,0.0060536060482263565,0.006584074813872576,0.009304320579727805,0.0009444116941034818,162593.046875,163583.3125,764272.9375,60714.23828125,61116.6328125,221430.796875
636,6,CA,CTCs,37740544.0,-0.0,-0.0,0.018151984160848463,0.0026902246765390736,189763.6875,189763.6875,756398.0,29678.11328125,29678.11328125,159096.6875
636,6,CA,CTCs and EITCs,61804544.0,-0.0,-0.0,0.029161331916986687,0.0043018438089192056,189763.6875,189763.6875,756398.0,29678.11328125,29678.11328125,159096.6875
636,6,CA,EITCs,24064000.0,-0.0,-0.0,0.01141781609863205,0.001604711467539822,189763.6875,189763.6875,756398.0,29678.11328125,29678.11328125,159096.6875
637,6,CA,CTCs,9486336.0,0.0032786650117486715,0.009573661722242832,0.02340314041271036,0.0008845015551379839,138207.40625,138662.03125,756701.75,30065.796875,30356.41796875,183300.140625
637,6,CA,CTCs and EITCs,23937024.0,0.012657683342695236,0.026362059637904167,0.04147625961211636,0.0017890125393121882,138207.40625,139979.21875,756701.75,30065.796875,30879.8515625,183300.140625
637,6,CA,EITCs,14450688.0,0.008138851262629032,0.015585590153932571,0.018587927098807265,0.0009038795788826802,138207.40625,139341.484375,756701.75,30065.796875,30541.80859375,183300.140625
638,6,CA,CTCs,5212160.0,-0.0,-0.0,0.006072234711961269,0.0007000361091133396,166135.328125,166135.328125,756350.5,80184.0,80184.0,221004.71875
638,6,CA,CTCs and EITCs,13905920.0,0.0031450786627829075,0.0018940443405881524,0.010832241143553143,0.0013057324347845985,166135.328125,166659.484375,756350.5,80184.0,80336.1640625,221004.71875
638,6,CA,EITCs,8695808.0,0.0031450786627829075,0.0018940443405881524,0.004697717604592574,0.0006039681009406767,166135.328125,166659.484375,756350.5,80184.0,80336.1640625,221004.71875
639,6,CA,CTCs,6586368.0,0.0006395689561031759,0.0017414952162653208,0.014549972932756063,0.00046516816183849493,131085.890625,131169.78125,755286.4375,24045.69140625,24087.638671875,141143.984375
639,6,CA,CTCs and EITCs,25608192.0,0.0018289238214492798,0.004290496464818716,0.04221333705510042,0.0017670743159287968,131085.890625,131326.078125,755286.4375,24045.69140625,24149.302734375,141143.984375
639,6,CA,EITCs,19021824.0,0.0018289238214492798,0.004290496464818716,0.02844020179371462,0.001301247696059373,131085.890625,131326.078125,755286.4375,24045.69140625,24149.302734375,141143.984375
640,6,CA,CTCs,1470464.0,-0.0,-0.0,0.0006752333345865079,7.553246145422281e-05,136706.390625,136706.390625,759219.375,13147.2998046875,13147.2998046875,167312.546875
640,6,CA,CTCs and EITCs,18282496.0,0.0011441954411566257,0.004741540178656578,0.009233438374008284,0.0010809334400163878,136706.390625,136862.984375,759219.375,13147.2998046875,13209.935546875,167312.546875
640,6,CA,EITCs,16809984.0,0.0011441954411566257,0.004741540178656578,0.008569724133340362,0.00100461511940746,136706.390625,136862.984375,759219.375,13147.2998046875,13209.935546875,167312.546875
641,6,CA,CTCs,22753280.0,-0.0,-0.0,0.014654069303831611,0.0006562969786373248,109275.8984375,109275.8984375,760463.5625,16033.8251953125,16033.8251953125,185754.90625
641,6,CA,CTCs and EITCs,46649344.0,4.417377931531519e-05,-0.0,0.04594592173600091,0.001369627783270654,109275.8984375,109280.7265625,760463.5625,16033.8251953125,16033.8251953125,185754.90625
641,6,CA,EITCs,23896064.0,4.417377931531519e-05,-0.0,0.03221430627697369,0.0007131832543435807,109275.8984375,109280.7265625,760463.5625,16033.8251953125,16033.8251953125,185754.90625
642,6,CA,CTCs,23554048.0,0.0021887412294745445,0.004688722547143698,0.011840486340959768,0.0022627010580385707,154572.515625,154911.578125,758948.125,43185.703125,43389.140625,169542.8125
642,6,CA,CTCs and EITCs,40660992.0,0.0025882062036544085,0.004934499505907297,0.020184921206661828,0.003559851876818038,154572.515625,154973.625,758948.125,43185.703125,43399.859375,169542.8125
642,6,CA,EITCs,17108992.0,0.0025882062036544085,0.004934499505907297,0.008520172783862565,0.0012984966717146306,154572.515625,154973.625,758948.125,43185.703125,43399.859375,169542.8125
643,6,CA,CTCs,11470848.0,0.005829217378050089,0.009290317073464394,0.021725130924427665,0.0006077688587633331,121098.65625,121808.703125,753691.0625,50404.90234375,50877.5703125,233940.78125
643,6,CA,CTCs and EITCs,30828544.0,0.011430383659899235,0.01622767373919487,0.05090103183452607,0.0017769389055585286,121098.65625,122498.859375,753691.0625,50404.90234375,51236.34765625,233940.78125
643,6,CA,EITCs,19357696.0,0.007920053787529469,0.01229514554142952,0.030302765300265228,0.0011672485085311587,121098.65625,122065.421875,753691.0625,50404.90234375,51032.3515625,233940.78125
644,6,CA,CTCs,8888320.0,-0.0,-0.0,0.003717328929862959,0.000942748835301035,58284.390625,58284.390625,757325.625,15556.7685546875,15556.7685546875,210637.484375
644,6,CA,CTCs and EITCs,22128640.0,0.015232405625283718,0.018829410895705223,0.01381138696718186,0.001964156242806953,58284.390625,59185.9375,757325.625,15556.7685546875,15855.3154296875,210637.484375
644,6,CA,EITCs,13240320.0,0.009910665452480316,0.010891260579228401,0.009951884805013328,0.001021490143849869,58284.390625,58867.8125,757325.625,15556.7685546875,15728.0673828125,210637.484375
645,6,CA,CTCs,22949888.0,-0.0,-0.0,0.046591562119045984,0.0020625337363438566,129244.3125,129244.3125,758914.875,25630.58984375,25630.58984375,137988.171875
645,6,CA,CTCs and EITCs,38813696.0,0.0006246130215004086,0.0009210830321535468,0.07290919094146957,0.0033526611333660186,129244.3125,129325.09375,758914.875,25630.58984375,25654.220703125,137988.171875
645,6,CA,EITCs,15867904.0,0.0006246130215004086,0.0009210830321535468,0.028913676642336773,0.0012929502251646042,129244.3125,129325.09375,758914.875,25630.58984375,25654.220703125,137988.171875
646,6,CA,CTCs,18085888.0,0.01168577466160059,0.01962178200483322,0.002105748882232514,0.001006531731595414,160497.625,162395.34375,757583.1875,50757.4375,51773.3203125,160632.953125
646,6,CA,CTCs and EITCs,44500992.0,0.014425020664930344,0.024377446621656418,0.021777158682980653,0.0022313690417559593,160497.625,162846.6875,757583.1875,50757.4375,52025.6875,160632.953125
646,6,CA,EITCs,26415104.0,0.0028042446356266737,0.0049474542029201984,0.01949076902845252,0.0012184090873804175,160497.625,160948.96875,757583.1875,50757.4375,51009.8046875,160632.953125
647,6,CA,CTCs,5183488.0,0.0006949712987989187,0.0004170536994934082,0.0059291732220163205,0.0004637626905900045,213690.890625,213839.5,758418.5625,89036.9140625,89074.0625,290019.1875
647,6,CA,CTCs and EITCs,21489664.0,0.0011128626065328717,0.0007330569205805659,0.02400064256024546,0.0016340848877959052,213690.890625,213928.96875,758418.5625,89036.9140625,89102.2265625,290019.1875
647,6,CA,EITCs,16302080.0,0.0004184726276434958,0.00031626690179109573,0.018274724194418494,0.001169592504041352,213690.890625,213780.359375,758418.5625,89036.9140625,89065.078125,290019.1875
648,6,CA,CTCs,20848640.0,0.003640576032921672,0.014644710347056389,0.0009688491130965673,0.0018776286458148431,93951.9609375,94295.25,759293.9375,15398.57421875,15627.43359375,153308.109375
648,6,CA,CTCs and EITCs,41420800.0,0.008798815310001373,0.0341968908905983,0.01900213111042009,0.0037998268649806458,93951.9609375,94785.96875,759293.9375,15398.57421875,15943.802734375,153308.109375
648,6,CA,EITCs,20574208.0,0.001736728474497795,0.006336154881864786,0.018006720820379133,0.0019172566397088766,93951.9609375,94115.4140625,759293.9375,15398.57421875,15496.763671875,153308.109375
649,6,CA,CTCs,2207744.0,0.0037429053336381912,0.006928073707967997,0.002278155536397809,0.00015253700297849883,92626.828125,92974.828125,756110.75,29928.775390625,30137.5703125,123644.5234375
649,6,CA,CTCs and EITCs,32108544.0,0.00375546095892787,0.006928073707967997,0.03393015027142127,0.0021130168783911685,92626.828125,92976.0,756110.75,29928.775390625,30137.5703125,123644.5234375
649,6,CA,EITCs,29900800.0,1.2650176358874887e-05,-0.0,0.031767301633389644,0.0019610192996801314,92626.828125,92628.0,756110.75,29928.775390625,29928.775390625,123644.5234375
650,6,CA,CTCs,716800.0,-0.0,-0.0,0.0003695360504010781,2.73455472601608e-05,141268.796875,141268.796875,759062.6875,41505.8359375,41505.8359375,158918.625
650,6,CA,CTCs and EITCs,20320256.0,-0.0,-0.0,0.007728663003589538,0.0012457447725640466,141268.796875,141268.796875,759062.6875,41505.8359375,41505.8359375,158918.625
650,6,CA,EITCs,19607552.0,-0.0,-0.0,0.007364548852484268,0.0012182522659953071,141268.796875,141268.796875,759062.6875,41505.8359375,41505.8359375,158918.625
651,6,CA,CTCs,8863744.0,0.003668339690193534,0.008320127613842487,0.010862010525867912,0.0009833330568565942,125915.8828125,126379.484375,756243.625,27627.92578125,27859.72265625,182923.078125
651,6,CA,CTCs and EITCs,25718784.0,0.0062332856468856335,0.014091729186475277,0.028513707437412338,0.002446730937764496,125915.8828125,126705.671875,756243.625,27627.92578125,28022.81640625,182923.078125
651,6,CA,EITCs,16859136.0,-0.0,-0.0,0.018036776117814304,0.0014629931777485512,125915.8828125,125915.8828125,756243.625,27627.92578125,27627.92578125,182923.078125
652,6,CA,CTCs,25432064.0,0.00013940688222646713,0.00019976837211288512,0.021637196492992016,0.001098754021687719,140571.46875,140591.0625,762929.75,49026.8046875,49036.6015625,196530.90625
652,6,CA,CTCs and EITCs,56053760.0,0.0007721518632024527,0.0011066497536376119,0.05049575240574027,0.002556575924499667,140571.46875,140680.09375,762929.75,49026.8046875,49081.12109375,196530.90625
652,6,CA,EITCs,30617600.0,0.0006330021424219012,0.0009072436369024217,0.030129494861237793,0.001444210636534886,140571.46875,140660.5,762929.75,49026.8046875,49071.32421875,196530.90625
801,8,CO,CTCs,77955072.0,0.07059439271688461,0.15582327544689178,0.06983563032999641,0.004604903862720435,53720.91796875,57801.37109375,722082.3125,11519.12109375,13645.390625,154257.28125
801,8,CO,CTCs and EITCs,95059968.0,0.07248742878437042,0.15878987312316895,0.08832237928293867,0.005555292734918605,53720.91796875,57919.34375,722082.3125,11519.12109375,13693.51171875,154257.28125
801,8,CO,EITCs,17104896.0,0.03202582895755768,0.05047285556793213,0.016362507513899945,0.0009401989067666206,53720.91796875,55498.296875,722082.3125,11519.12109375,12131.4287109375,154257.28125
802,8,CO,CTCs,60706816.0,0.02850334532558918,0.04349973797798157,0.04109920088149151,0.005618152218898717,73748.5234375,75912.28125,722290.25,19184.125,20056.580078125,131870.09375
802,8,CO,CTCs and EITCs,89690112.0,0.05597412586212158,0.08903657644987106,0.07845773177116593,0.008263635120494954,73748.5234375,78121.296875,722290.25,19184.125,21059.16015625,131870.09375
802,8,CO,EITCs,28979200.0,0.010661493986845016,0.013965419493615627,0.03803533456970368,0.002653060696631837,73748.5234375,74543.265625,722290.25,19184.125,19455.833984375,131870.09375
803,8,CO,CTCs,210542592.0,0.09608802199363708,0.4403420090675354,0.020172835249045232,0.020114262749026546,38095.6484375,42145.30859375,721512.6875,2828.857421875,5054.6181640625,132209.328125
803,8,CO,CTCs and EITCs,264775680.0,0.1208452507853508,0.4892173111438751,0.026661371534130764,0.024162239531393754,38095.6484375,43332.1328125,721512.6875,2828.857421875,5538.27978515625,132209.328125
803,8,CO,EITCs,54233088.0,0.06757177412509918,0.33189910650253296,0.00458544582577973,0.003732634045831688,38095.6484375,40856.38671875,721512.6875,2828.857421875,4234.1767578125,132209.328125
804,8,CO,CTCs,131215360.0,0.447187602519989,0.6659184694290161,0.05904049979111678,0.011198953647694668,22183.35546875,40128.1796875,725342.375,5829.326171875,17448.8125,169634.015625
804,8,CO,CTCs and EITCs,174780416.0,0.6984288692474365,0.8293659090995789,0.1451589940040644,0.01517339174351764,22183.35546875,73559.296875,725342.375,5829.326171875,34162.734375,169634.015625
804,8,CO,EITCs,43556864.0,0.036718253046274185,0.08037146180868149,0.00992163418834038,0.004017005426040613,22183.35546875,23028.9375,725342.375,5829.326171875,6338.783203125,169634.015625
805,8,CO,CTCs,171003904.0,0.08115465193986893,0.2905876040458679,0.03397330708827088,0.021464547955237133,32383.060546875,35243.2109375,719916.5,3876.4814453125,5464.35546875,175862.375
805,8,CO,CTCs and EITCs,243132416.0,0.12311577796936035,0.37220028042793274,0.05980583481519856,0.030412144996319217,32383.060546875,36929.6875,719916.5,3876.4814453125,6174.7099609375,175862.375
805,8,CO,EITCs,72126464.0,0.04081280902028084,0.15103895962238312,0.023347102070397936,0.009082740901458752,32383.060546875,33760.9375,719916.5,3876.4814453125,4566.1474609375,175862.375
806,8,CO,CTCs,254466048.0,0.3431163430213928,0.6108197569847107,0.22084198237050498,0.029054798904359913,112071.0625,170610.21875,720777.25,25260.189453125,64906.14453125,169704.21875
806,8,CO,CTCs and EITCs,353349632.0,0.3550245463848114,0.6210225820541382,0.3183595826826235,0.03924175220493287,112071.0625,173760.203125,720777.25,25260.189453125,66653.546875,169704.21875
806,8,CO,EITCs,98879488.0,0.04653429985046387,0.07409180700778961,0.09594725738244406,0.010246214211906015,112071.0625,117540.734375,720777.25,25260.189453125,27281.52734375,169704.21875
807,8,CO,CTCs,263086080.0,0.23117300868034363,0.27379053831100464,0.11299031361337653,0.029651156589842475,60912.0,79227.1875,720751.625,17551.783203125,24169.037109375,213787.390625
807,8,CO,CTCs and EITCs,306421760.0,0.23166780173778534,0.2745562195777893,0.15664411253836982,0.03310985745519695,60912.0,79278.2109375,720751.625,17551.783203125,24194.546875,213787.390625
807,8,CO,EITCs,43341824.0,0.004414708819240332,0.010155114345252514,0.01439335414100113,0.0034792971228638065,60912.0,61182.1015625,720751.625,17551.783203125,17731.8515625,213787.390625
808,8,CO,CTCs,147881984.0,0.021465014666318893,0.04340294003486633,0.10782631988609805,0.012140198342652281,67836.5546875,69324.609375,721087.4375,19445.2890625,20327.564453125,215911.09375
808,8,CO,CTCs and EITCs,195383296.0,0.029419327154755592,0.05087534710764885,0.11679010025462291,0.015545986918791754,67836.5546875,69892.75,721087.4375,19445.2890625,20487.6015625,215911.09375
808,8,CO,EITCs,47497216.0,0.005842943675816059,0.00732655543833971,0.009272526568391896,0.0034249993417619982,67836.5546875,68235.25,721087.4375,19445.2890625,19588.806640625,215911.09375
901,9,CT,CTCs,0.0,-0.0,-0.0,-0.0,-0.0,28033.5390625,28033.5390625,721735.25,6524.80810546875,6524.80810546875,130938.484375
901,9,CT,CTCs and EITCs,37605376.0,0.169807568192482,0.3179323971271515,0.03536034889229617,0.001976662135130797,28033.5390625,33767.51953125,721735.25,6524.80810546875,9566.21875,130938.484375
901,9,CT,EITCs,37605376.0,0.169807568192482,0.3179323971271515,0.03536034889229617,0.001976662135130797,28033.5390625,33767.51953125,721735.25,6524.80810546875,9566.21875,130938.484375
902,9,CT,CTCs,0.0,-0.0,-0.0,-0.0,-0.0,82001.359375,82001.359375,720676.5625,18312.146484375,18312.146484375,141184.3125
902,9,CT,CTCs and EITCs,28559360.0,0.009280262514948845,0.021656733006238937,0.010802682252450239,0.0021294928594593485,82001.359375,82769.484375,720676.5625,18312.146484375,18717.5078125,141184.3125
902,9,CT,EITCs,28559360.0,0.009280262514948845,0.021656733006238937,0.010802682252450239,0.0021294928594593485,82001.359375,82769.484375,720676.5625,18312.146484375,18717.5078125,141184.3125
903,9,CT,CTCs,0.0,-0.0,-0.0,-0.0,-0.0,54764.11328125,54764.11328125,721402.75,12446.97265625,12446.97265625,177100.25
903,9,CT,CTCs and EITCs,39211008.0,0.028218600898981094,0.03431092947721481,0.023469253896281007,0.0024242561802699392,54764.11328125,56354.35546875,721402.75,12446.97265625,12889.212890625,177100.25
903,9,CT,EITCs,39211008.0,0.028218600898981094,0.03431092947721481,0.023469253896281007,0.0024242561802699392,54764.11328125,56354.35546875,721402.75,12446.97265625,12889.212890625,177100.25
904,9,CT,CTCs,0.0,-0.0,-0.0,-0.0,-0.0,82971.1328125,82971.1328125,723073.375,36997.7265625,36997.7265625,192322.5625
904,9,CT,CTCs and EITCs,65781760.0,0.03293843939900398,0.033746540546417236,0.05119946133525923,0.003749181784884671,82971.1328125,85797.15625,723073.375,36997.7265625,38289.87890625,192322.5625
904,9,CT,EITCs,65781760.0,0.03293843939900398,0.033746540546417236,0.05119946133525923,0.003749181784884671,82971.1328125,85797.15625,723073.375,36997.7265625,38289.87890625,192322.5625
905,9,CT,CTCs,0.0,-0.0,-0.0,-0.0,-0.0,70996.4453125,70996.4453125,720973.4375,23814.669921875,23814.669921875,166617.46875
905,9,CT,CTCs and EITCs,32321536.0,0.013340199366211891,0.021549131721258163,0.00833119991408991,0.0032104767790775064,70996.4453125,71956.359375,720973.4375,23814.669921875,24339.15625,166617.46875
905,9,CT,EITCs,32321536.0,0.013340199366211891,0.021549131721258163,0.00833119991408991,0.0032104767790775064,70996.4453125,71956.359375,720973.4375,23814.669921875,24339.15625,166617.46875
1000,10,DE,CTCs,0.0,-0.0,-0.0,-0.0,-0.0,111920.125,111920.125,988252.875,39898.78515625,39898.78515625,231474.4375
1000,10,DE,CTCs and EITCs,0.0,-0.0,-0.0,-0.0,-0.0,111920.125,111920.125,988252.875,39898.78515625,39898.78515625,231474.4375
1000,10,DE,EITCs,0.0,-0.0,-0.0,-0.0,-0.0,111920.125,111920.125,988252.875,39898.78515625,39898.78515625,231474.4375
1100,11,DC,CTCs,0.0,-0.0,-0.0,-0.0,-0.0,72986.7421875,72986.7421875,689087.25,16516.193359375,16516.193359375,155014.796875
1100,11,DC,CTCs and EITCs,98791424.0,0.1035018116235733,0.20073862373828888,0.01826476892824101,0.005976200036087829,72986.7421875,81413.1484375,689087.25,16516.193359375,20664.3203125,155014.796875
1100,11,DC,EITCs,98791424.0,0.1035018116235733,0.20073862373828888,0.01826476892824101,0.005976200036087829,72986.7421875,81413.1484375,689087.25,16516.193359375,20664.3203125,155014.796875
1201,12,FL,CTCs,0.0,-0.0,-0.0,-0.0,-0.0,85857.796875,85857.796875,768957.6875,13582.71484375,13582.71484375,181447.984375
1201,12,FL,CTCs and EITCs,0.0,-0.0,-0.0,-0.0,-0.0,85857.796875,85857.796875,768957.6875,13582.71484375,13582.71484375,181447.984375
1201,12,FL,EITCs,0.0,-0.0,-0.0,-0.0,-0.0,85857.796875,85857.796875,768957.6875,13582.71484375,13582.71484375,181447.984375
1202,12,FL,CTCs,0.0,-0.0,-0.0,-0.0,-0.0,72890.46875,72890.46875,769517.75,18057.40625,18057.40625,143204.03125
1202,12,FL,CTCs and EITCs,0.0,-0.0,-0.0,-0.0,-0.0,72890.46875,72890.46875,769517.75,18057.40625,18057.40625,143204.03125
1202,12,FL,EITCs,0.0,-0.0,-0.0,-0.0,-0.0,72890.46875,72890.46875,769517.75,18057.40625,18057.40625,143204.03125
1203,12,FL,CTCs,0.0,-0.0,-0.0,-0.0,-0.0,35231.57421875,35231.57421875,770496.625,9974.154296875,9974.154296875,164924.0
1203,12,FL,CTCs and EITCs,0.0,-0.0,-0.0,-0.0,-0.0,35231.57421875,35231.57421875,770496.625,9974.154296875,9974.154296875,164924.0
1203,12,FL,EITCs,0.0,-0.0,-0.0,-0.0,-0.0,35231.57421875,35231.57421875,770496.625,9974.154296875,9974.154296875,164924.0
1204,12,FL,CTCs,0.0,-0.0,-0.0,-0.0,-0.0,98171.0546875,98171.0546875,768902.4375,39662.12890625,39662.12890625,256925.109375
1204,12,FL,CTCs and EITCs,0.0,-0.0,-0.0,-0.0,-0.0,98171.0546875,98171.0546875,768902.4375,39662.12890625,39662.12890625,256925.109375
1204,12,FL,EITCs,0.0,-0.0,-0.0,-0.0,-0.0,98171.0546875,98171.0546875,768902.4375,39662.12890625,39662.12890625,256925.109375
1205,12,FL,CTCs,0.0,-0.0,-0.0,-0.0,-0.0,118810.2109375,118810.2109375,767372.625,23447.96875,23447.96875,105187.875
1205,12,FL,CTCs and EITCs,0.0,-0.0,-0.0,-0.0,-0.0,118810.2109375,118810.2109375,767372.625,23447.96875,23447.96875,105187.875
1205,12,FL,EITCs,0.0,-0.0,-0.0,-0.0,-0.0,118810.2109375,118810.2109375,767372.625,23447.96875,23447.96875,105187.875
1206,12,FL,CTCs,0.0,-0.0,-0.0,-0.0,-0.0,104203.828125,104203.828125,772828.875,55632.046875,55632.046875,214814.5
1206,12,FL,CTCs and EITCs,0.0,-0.0,-0.0,-0.0,-0.0,104203.828125,104203.828125,772828.875,55632.046875,55632.046875,214814.5
1206,12,FL,EITCs,0.0,-0.0,-0.0,-0.0,-0.0,104203.828125,104203.828125,772828.875,55632.046875,55632.046875,214814.5
1207,12,FL,CTCs,0.0,-0.0,-0.0,-0.0,-0.0,55558.2265625,55558.2265625,771306.6875,16682.083984375,16682.083984375,145706.65625
1207,12,FL,CTCs and EITCs,0.0,-0.0,-0.0,-0.0,-0.0,55558.2265625,55558.2265625,771306.6875,16682.083984375,16682.083984375,145706.65625
1207,12,FL,EITCs,0.0,-0.0,-0.0,-0.0,-0.0,55558.2265625,55558.2265625,771306.6875,16682.083984375,16682.083984375,145706.65625
1208,12,FL,CTCs,0.0,-0.0,-0.0,-0.0,-0.0,35604.609375,35604.609375,767775.4375,5672.54833984375,5672.54833984375,168991.484375
1208,12,FL,CTCs and EITCs,0.0,-0.0,-0.0,-0.0,-0.0,35604.609375,35604.609375,767775.4375,5672.54833984375,5672.54833984375,168991.484375
1208,12,FL,EITCs,0.0,-0.0,-0.0,-0.0,-0.0,35604.609375,35604.609375,767775.4375,5672.54833984375,5672.54833984375,168991.484375
1209,12,FL,CTCs,0.0,-0.0,-0.0,-0.0,-0.0,160951.984375,160951.984375,770171.125,80936.78125,80936.78125,244910.265625
1209,12,FL,CTCs and EITCs,0.0,-0.0,-0.0,-0.0,-0.0,160951.984375,160951.984375,770171.125,80936.78125,80936.78125,244910.265625
1209,12,FL,EITCs,0.0,-0.0,-0.0,-0.0,-0.0,160951.984375,160951.984375,770171.125,80936.78125,80936.78125,244910.265625
1210,12,FL,CTCs,0.0,-0.0,-0.0,-0.0,-0.0,95591.53125,95591.53125,766365.25,36263.39453125,36263.39453125,183866.78125
1210,12,FL,CTCs and EITCs,0.0,-0.0,-0.0,-0.0,-0.0,95591.53125,95591.53125,766365.25,36263.39453125,36263.39453125,183866.78125
1210,12,FL,EITCs,0.0,-0.0,-0.0,-0.0,-0.0,95591.53125,95591.53125,766365.25,36263.39453125,36263.39453125,183866.78125
1211,12,FL,CTCs,0.0,-0.0,-0.0,-0.0,-0.0,188078.109375,188078.109375,767790.3125,49418.2265625,49418.2265625,158047.09375
1211,12,FL,CTCs and EITCs,0.0,-0.0,-0.0,-0.0,-0.0,188078.109375,188078.109375,767790.3125,49418.2265625,49418.2265625,158047.09375
1211,12,FL,EITCs,0.0,-0.0,-0.0,-0.0,-0.0,188078.109375,188078.109375,767790.3125,49418.2265625,49418.2265625,158047.09375
1212,12,FL,CTCs,0.0,-0.0,-0.0,-0.0,-0.0,69198.8125,69198.8125,769542.0625,7648.166015625,7648.166015625,180280.6875
1212,12,FL,CTCs and EITCs,0.0,-0.0,-0.0,-0.0,-0.0,69198.8125,69198.8125,769542.0625,7648.166015625,7648.166015625,180280.6875
1212,12,FL,EITCs,0.0,-0.0,-0.0,-0.0,-0.0,69198.8125,69198.8125,769542.0625,7648.166015625,7648.166015625,180280.6875
1213,12,FL,CTCs,0.0,-0.0,-0.0,-0.0,-0.0,119328.5,119328.5,770588.5,47420.04296875,47420.04296875,113398.0703125
1213,12,FL,CTCs and EITCs,0.0,-0.0,-0.0,-0.0,-0.0,119328.5,119328.5,770588.5,47420.04296875,47420.04296875,113398.0703125
1213,12,FL,EITCs,0.0,-0.0,-0.0,-0.0,-0.0,119328.5,119328.5,770588.5,47420.04296875,47420.04296875,113398.0703125
1214,12,FL,CTCs,0.0,-0.0,-0.0,-0.0,-0.0,145687.484375,145687.484375,769688.3125,51858.8359375,51858.8359375,193143.1875
1214,12,FL,CTCs and EITCs,0.0,-0.0,-0.0,-0.0,-0.0,145687.484375,145687.484375,769688.3125,51858.8359375,51858.8359375,193143.1875
1214,12,FL,EITCs,0.0,-0.0,-0.0,-0.0,-0.0,145687.484375,145687.484375,769688.3125,51858.8359375,51858.8359375,193143.1875
1215,12,FL,CTCs,0.0,-0.0,-0.0,-0.0,-0.0,46416.453125,46416.453125,770513.5625,23136.12890625,23136.12890625,215187.921875
1215,12,FL,CTCs and EITCs,0.0,-0.0,-0.0,-0.0,-0.0,46416.453125,46416.453125,770513.5625,23136.12890625,23136.12890625,215187.921875
1215,12,FL,EITCs,0.0,-0.0,-0.0,-0.0,-0.0,46416.453125,46416.453125,770513.5625,23136.12890625,23136.12890625,215187.921875
1216,12,FL,CTCs,0.0,-0.0,-0.0,-0.0,-0.0,95933.421875,95933.421875,769247.5,11313.8388671875,11313.8388671875,157005.5
1216,12,FL,CTCs and EITCs,0.0,-0.0,-0.0,-0.0,-0.0,95933.421875,95933.421875,769247.5,11313.8388671875,11313.8388671875,157005.5
1216,12,FL,EITCs,0.0,-0.0,-0.0,-0.0,-0.0,95933.421875,95933.421875,769247.5,11313.8388671875,11313.8388671875,157005.5
1217,12,FL,CTCs,0.0,-0.0,-0.0,-0.0,-0.0,87369.7578125,87369.7578125,767986.1875,45281.24609375,45281.24609375,231803.3125
1217,12,FL,CTCs and EITCs,0.0,-0.0,-0.0,-0.0,-0.0,87369.7578125,87369.7578125,767986.1875,45281.24609375,45281.24609375,231803.3125
1217,12,FL,EITCs,0.0,-0.0,-0.0,-0.0,-0.0,87369.7578125,87369.7578125,767986.1875,45281.24609375,45281.24609375,231803.3125
1218,12,FL,CTCs,0.0,-0.0,-0.0,-0.0,-0.0,33573.77734375,33573.77734375,771712.6875,9452.26171875,9452.26171875,155209.9375
1218,12,FL,CTCs and EITCs,0.0,-0.0,-0.0,-0.0,-0.0,33573.77734375,33573.77734375,771712.6875,9452.26171875,9452.26171875,155209.9375
1218,12,FL,EITCs,0.0,-0.0,-0.0,-0.0,-0.0,33573.77734375,33573.77734375,771712.6875,9452.26171875,9452.26171875,155209.9375
1219,12,FL,CTCs,0.0,-0.0,-0.0,-0.0,-0.0,215680.09375,215680.09375,768463.5625,48457.796875,48457.796875,91848.328125
1219,12,FL,CTCs and EITCs,0.0,-0.0,-0.0,-0.0,-0.0,215680.09375,215680.09375,768463.5625,48457.796875,48457.796875,91848.328125
1219,12,FL,EITCs,0.0,-0.0,-0.0,-0.0,-0.0,215680.09375,215680.09375,768463.5625,48457.796875,48457.796875,91848.328125
1220,12,FL,CTCs,0.0,-0.0,-0.0,-0.0,-0.0,243984.203125,243984.203125,768844.6875,87629.8984375,87629.8984375,201464.53125
1220,12,FL,CTCs and EITCs,0.0,-0.0,-0.0,-0.0,-0.0,243984.203125,243984.203125,768844.6875,87629.8984375,87629.8984375,201464.53125
1220,12,FL,EITCs,0.0,-0.0,-0.0,-0.0,-0.0,243984.203125,243984.203125,768844.6875,87629.8984375,87629.8984375,201464.53125
1221,12,FL,CTCs,0.0,-0.0,-0.0,-0.0,-0.0,189210.03125,189210.03125,770045.6875,67445.8203125,67445.8203125,197666.015625
1221,12,FL,CTCs and EITCs,0.0,-0.0,-0.0,-0.0,-0.0,189210.03125,189210.03125,770045.6875,67445.8203125,67445.8203125,197666.015625
1221,12,FL,EITCs,0.0,-0.0,-0.0,-0.0,-0.0,189210.03125,189210.03125,770045.6875,67445.8203125,67445.8203125,197666.015625
1222,12,FL,CTCs,0.0,-0.0,-0.0,-0.0,-0.0,151184.75,151184.75,769825.875,56487.296875,56487.296875,218759.375
1222,12,FL,CTCs and EITCs,0.0,-0.0,-0.0,-0.0,-0.0,151184.75,151184.75,769825.875,56487.296875,56487.296875,218759.375
1222,12,FL,EITCs,0.0,-0.0,-0.0,-0.0,-0.0,151184.75,151184.75,769825.875,56487.296875,56487.296875,218759.375
1223,12,FL,CTCs,0.0,-0.0,-0.0,-0.0,-0.0,93707.1875,93707.1875,766929.3125,41043.44140625,41043.44140625,176072.546875
1223,12,FL,CTCs and EITCs,0.0,-0.0,-0.0,-0.0,-0.0,93707.1875,93707.1875,766929.3125,41043.44140625,41043.44140625,176072.546875
1223,12,FL,EITCs,0.0,-0.0,-0.0,-0.0,-0.0,93707.1875,93707.1875,766929.3125,41043.44140625,41043.44140625,176072.546875
1224,12,FL,CTCs,0.0,-0.0,-0.0,-0.0,-0.0,169040.15625,169040.15625,769139.5,88933.9453125,88933.9453125,264211.03125
1224,12,FL,CTCs and EITCs,0.0,-0.0,-0.0,-0.0,-0.0,169040.15625,169040.15625,769139.5,88933.9453125,88933.9453125,264211.03125
1224,12,FL,EITCs,0.0,-0.0,-0.0,-0.0,-0.0,169040.15625,169040.15625,769139.5,88933.9453125,88933.9453125,264211.03125
1225,12,FL,CTCs,0.0,-0.0,-0.0,-0.0,-0.0,110434.3515625,110434.3515625,771689.0,37083.796875,37083.796875,168449.5
1225,12,FL,CTCs and EITCs,0.0,-0.0,-0.0,-0.0,-0.0,110434.3515625,110434.3515625,771689.0,37083.796875,37083.796875,168449.5
1225,12,FL,EITCs,0.0,-0.0,-0.0,-0.0,-0.0,110434.3515625,110434.3515625,771689.0,37083.796875,37083.796875,168449.5
1226,12,FL,CTCs,0.0,-0.0,-0.0,-0.0,-0.0,154147.3125,154147.3125,771186.5625,8917.703125,8917.703125,115739.6796875
1226,12,FL,CTCs and EITCs,0.0,-0.0,-0.0,-0.0,-0.0,154147.3125,154147.3125,771186.5625,8917.703125,8917.703125,115739.6796875
1226,12,FL,EITCs,0.0,-0.0,-0.0,-0.0,-0.0,154147.3125,154147.3125,771186.5625,8917.703125,8917.703125,115739.6796875
1227,12,FL,CTCs,0.0,-0.0,-0.0,-0.0,-0.0,125807.7578125,125807.7578125,769896.3125,12753.53125,12753.53125,142711.453125
1227,12,FL,CTCs and EITCs,0.0,-0.0,-0.0,-0.0,-0.0,125807.7578125,125807.7578125,769896.3125,12753.53125,12753.53125,142711.453125
1227,12,FL,EITCs,0.0,-0.0,-0.0,-0.0,-0.0,125807.7578125,125807.7578125,769896.3125,12753.53125,12753.53125,142711.453125
1228,12,FL,CTCs,0.0,-0.0,-0.0,-0.0,-0.0,140668.546875,140668.546875,770708.375,26093.4453125,26093.4453125,236130.375
1228,12,FL,CTCs and EITCs,0.0,-0.0,-0.0,-0.0,-0.0,140668.546875,140668.546875,770708.375,26093.4453125,26093.4453125,236130.375
1228,12,FL,EITCs,0.0,-0.0,-0.0,-0.0,-0.0,140668.546875,140668.546875,770708.375,26093.4453125,26093.4453125,236130.375
1301,13,GA,CTCs,0.0,-0.0,-0.0,-0.0,-0.0,101297.7265625,101297.7265625,765545.3125,25451.88671875,25451.88671875,158776.453125
1301,13,GA,CTCs and EITCs,0.0,-0.0,-0.0,-0.0,-0.0,101297.7265625,101297.7265625,765545.3125,25451.88671875,25451.88671875,158776.453125
1301,13,GA,EITCs,0.0,-0.0,-0.0,-0.0,-0.0,101297.7265625,101297.7265625,765545.3125,25451.88671875,25451.88671875,158776.453125
1302,13,GA,CTCs,0.0,-0.0,-0.0,-0.0,-0.0,46633.60546875,46633.60546875,764721.875,13446.7080078125,13446.7080078125,133112.546875
1302,13,GA,CTCs and EITCs,0.0,-0.0,-0.0,-0.0,-0.0,46633.60546875,46633.60546875,764721.875,13446.7080078125,13446.7080078125,133112.546875
1302,13,GA,EITCs,0.0,-0.0,-0.0,-0.0,-0.0,46633.60546875,46633.60546875,764721.875,13446.7080078125,13446.7080078125,133112.546875
1303,13,GA,CTCs,0.0,-0.0,-0.0,-0.0,-0.0,16888.544921875,16888.544921875,764369.6875,4720.51953125,4720.51953125,246716.515625
1303,13,GA,CTCs and EITCs,0.0,-0.0,-0.0,-0.0,-0.0,16888.544921875,16888.544921875,764369.6875,4720.51953125,4720.51953125,246716.515625
1303,13,GA,EITCs,0.0,-0.0,-0.0,-0.0,-0.0,16888.544921875,16888.544921875,764369.6875,4720.51953125,4720.51953125,246716.515625
1304,13,GA,CTCs,0.0,-0.0,-0.0,-0.0,-0.0,97161.109375,97161.109375,765980.3125,18029.912109375,18029.912109375,158085.140625
1304,13,GA,CTCs and EITCs,0.0,-0.0,-0.0,-0.0,-0.0,97161.109375,97161.109375,765980.3125,18029.912109375,18029.912109375,158085.140625
1304,13,GA,EITCs,0.0,-0.0,-0.0,-0.0,-0.0,97161.109375,97161.109375,765980.3125,18029.912109375,18029.912109375,158085.140625
1305,13,GA,CTCs,0.0,-0.0,-0.0,-0.0,-0.0,214660.484375,214660.484375,766069.75,64814.296875,64814.296875,241897.59375
1305,13,GA,CTCs and EITCs,0.0,-0.0,-0.0,-0.0,-0.0,214660.484375,214660.484375,766069.75,64814.296875,64814.296875,241897.59375
1305,13,GA,EITCs,0.0,-0.0,-0.0,-0.0,-0.0,214660.484375,214660.484375,766069.75,64814.296875,64814.296875,241897.59375
1306,13,GA,CTCs,0.0,-0.0,-0.0,-0.0,-0.0,93804.4375,93804.4375,763273.5625,46561.9765625,46561.9765625,183412.953125
1306,13,GA,CTCs and EITCs,0.0,-0.0,-0.0,-0.0,-0.0,93804.4375,93804.4375,763273.5625,46561.9765625,46561.9765625,183412.953125
1306,13,GA,EITCs,0.0,-0.0,-0.0,-0.0,-0.0,93804.4375,93804.4375,763273.5625,46561.9765625,46561.9765625,183412.953125
1307,13,GA,CTCs,0.0,-0.0,-0.0,-0.0,-0.0,75113.921875,75113.921875,766754.875,16755.271484375,16755.271484375,209722.1875
1307,13,GA,CTCs and EITCs,0.0,-0.0,-0.0,-0.0,-0.0,75113.921875,75113.921875,766754.875,16755.271484375,16755.271484375,209722.1875
1307,13,GA,EITCs,0.0,-0.0,-0.0,-0.0,-0.0,75113.921875,75113.921875,766754.875,16755.271484375,16755.271484375,209722.1875
1308,13,GA,CTCs,0.0,-0.0,-0.0,-0.0,-0.0,78727.359375,78727.359375,764978.875,34101.421875,34101.421875,200619.71875
1308,13,GA,CTCs and EITCs,0.0,-0.0,-0.0,-0.0,-0.0,78727.359375,78727.359375,764978.875,34101.421875,34101.421875,200619.71875
1308,13,GA,EITCs,0.0,-0.0,-0.0,-0.0,-0.0,78727.359375,78727.359375,764978.875,34101.421875,34101.421875,200619.71875
1309,13,GA,CTCs,0.0,-0.0,-0.0,-0.0,-0.0,112796.3046875,112796.3046875,764534.0,14340.0234375,14340.0234375,217063.421875
1309,13,GA,CTCs and EITCs,0.0,-0.0,-0.0,-0.0,-0.0,112796.3046875,112796.3046875,764534.0,14340.0234375,14340.0234375,217063.421875
1309,13,GA,EITCs,0.0,-0.0,-0.0,-0.0,-0.0,112796.3046875,112796.3046875,764534.0,14340.0234375,14340.0234375,217063.421875
1310,13,GA,CTCs,0.0,-0.0,-0.0,-0.0,-0.0,85794.46875,85794.46875,764525.3125,46428.88671875,46428.88671875,216588.84375
1310,13,GA,CTCs and EITCs,0.0,-0.0,-0.0,-0.0,-0.0,85794.46875,85794.46875,764525.3125,46428.88671875,46428.88671875,216588.84375
1310,13,GA,EITCs,0.0,-0.0,-0.0,-0.0,-0.0,85794.46875,85794.46875,764525.3125,46428.88671875,46428.88671875,216588.84375
1311,13,GA,CTCs,0.0,-0.0,-0.0,-0.0,-0.0,84552.609375,84552.609375,764821.8125,13584.4384765625,13584.4384765625,127251.328125
1311,13,GA,CTCs and EITCs,0.0,-0.0,-0.0,-0.0,-0.0,84552.609375,84552.609375,764821.8125,13584.4384765625,13584.4384765625,127251.328125
1311,13,GA,EITCs,0.0,-0.0,-0.0,-0.0,-0.0,84552.609375,84552.609375,764821.8125,13584.4384765625,13584.4384765625,127251.328125
1312,13,GA,CTCs,0.0,-0.0,-0.0,-0.0,-0.0,71519.65625,71519.65625,762845.9375,22733.505859375,22733.505859375,237413.125
1312,13,GA,CTCs and EITCs,0.0,-0.0,-0.0,-0.0,-0.0,71519.65625,71519.65625,762845.9375,22733.505859375,22733.505859375,237413.125
1312,13,GA,EITCs,0.0,-0.0,-0.0,-0.0,-0.0,71519.65625,71519.65625,762845.9375,22733.505859375,22733.505859375,237413.125
1313,13,GA,CTCs,0.0,-0.0,-0.0,-0.0,-0.0,61951.9609375,61951.9609375,764596.75,20739.30859375,20739.30859375,198817.625
1313,13,GA,CTCs and EITCs,0.0,-0.0,-0.0,-0.0,-0.0,61951.9609375,61951.9609375,764596.75,20739.30859375,20739.30859375,198817.625
1313,13,GA,EITCs,0.0,-0.0,-0.0,-0.0,-0.0,61951.9609375,61951.9609375,764596.75,20739.30859375,20739.30859375,198817.625
1314,13,GA,CTCs,0.0,-0.0,-0.0,-0.0,-0.0,89267.609375,89267.609375,765715.375,21274.07421875,21274.07421875,183494.78125
1314,13,GA,CTCs and EITCs,0.0,-0.0,-0.0,-0.0,-0.0,89267.609375,89267.609375,765715.375,21274.07421875,21274.07421875,183494.78125
1314,13,GA,EITCs,0.0,-0.0,-0.0,-0.0,-0.0,89267.609375,89267.609375,765715.375,21274.07421875,21274.07421875,183494.78125
1501,15,HI,CTCs,0.0,-0.0,-0.0,-0.0,-0.0,68357.46875,68357.46875,725979.25,16340.0654296875,16340.0654296875,161360.34375
1501,15,HI,CTCs and EITCs,40310784.0,0.050931476056575775,0.09206686168909073,0.007618045672253467,0.0027843152904838075,68357.46875,72025.8515625,725979.25,16340.0654296875,17996.9921875,161360.34375
1501,15,HI,EITCs,40310784.0,0.050931476056575775,0.09206686168909073,0.007618045672253467,0.0027843152904838075,68357.46875,72025.8515625,725979.25,16340.0654296875,17996.9921875,161360.34375
1502,15,HI,CTCs,0.0,-0.0,-0.0,-0.0,-0.0,55081.4296875,55081.4296875,727828.125,7889.2109375,7889.2109375,161141.015625
1502,15,HI,CTCs and EITCs,42883072.0,0.013645360246300697,0.05050882324576378,0.015735856695446707,0.003851829983350404,55081.4296875,55843.4296875,727828.125,7889.2109375,8308.8828125,161141.015625
1502,15,HI,EITCs,42883072.0,0.013645360246300697,0.05050882324576378,0.015735856695446707,0.003851829983350404,55081.4296875,55843.4296875,727828.125,7889.2109375,8308.8828125,161141.015625
1601,16,ID,CTCs,37523456.0,0.03147881105542183,0.06781583279371262,0.0006370077499550114,0.0017945196065546599,52558.4140625,54266.6640625,919993.0,15654.20703125,16793.041015625,233958.265625
1601,16,ID,CTCs and EITCs,37523456.0,0.03147881105542183,0.06781583279371262,0.0006370077499550114,0.0017945196065546599,52558.4140625,54266.6640625,919993.0,15654.20703125,16793.041015625,233958.265625
1601,16,ID,EITCs,0.0,-0.0,-0.0,-0.0,-0.0,52558.4140625,52558.4140625,919993.0,15654.20703125,15654.20703125,233958.265625
1602,16,ID,CTCs,38526976.0,-0.0,-0.0,0.00558724516184968,0.0011173985817482148,67288.5625,67288.5625,918825.75,19232.357421875,19232.357421875,274839.6875
1602,16,ID,CTCs and EITCs,38526976.0,-0.0,-0.0,0.00558724516184968,0.0011173985817482148,67288.5625,67288.5625,918825.75,19232.357421875,19232.357421875,274839.6875
1602,16,ID,EITCs,0.0,-0.0,-0.0,-0.0,-0.0,67288.5625,67288.5625,918825.75,19232.357421875,19232.357421875,274839.6875
1701,17,IL,CTCs,6117376.0,0.0038877311162650585,0.00593474181368947,0.0003050137135886693,0.0006978739627296962,64618.625,64870.82421875,754261.625,14081.1806640625,14165.248046875,189183.6875
1701,17,IL,CTCs and EITCs,49520640.0,0.01423817127943039,0.021395307034254074,0.003760844025151315,0.005447391312112606,64618.625,65551.9609375,754261.625,14081.1806640625,14389.0390625,189183.6875
1701,17,IL,EITCs,49520640.0,0.01423817127943039,0.021395307034254074,0.003760844025151315,0.005447391312112606,64618.625,65551.9609375,754261.625,14081.1806640625,14389.0390625,189183.6875
1702,17,IL,CTCs,6475776.0,-0.0,-0.0,0.0015152364064921979,0.0005723098475045712,20247.96875,20247.96875,752091.75,6624.0751953125,6624.0751953125,196533.15625
1702,17,IL,CTCs and EITCs,47042560.0,0.04596415162086487,0.07504545897245407,0.016652702058217176,0.004000834916446103,20247.96875,21223.48828125,752091.75,6624.0751953125,7161.5146484375,196533.15625
1702,17,IL,EITCs,47042560.0,0.04596415162086487,0.07504545897245407,0.016652702058217176,0.004000834916446103,20247.96875,21223.48828125,752091.75,6624.0751953125,7161.5146484375,196533.15625
1703,17,IL,CTCs,974848.0,-0.0,-0.0,0.0003344295338495788,6.873204226949352e-05,57706.0,57706.0,751609.75,5145.49609375,5145.49609375,143206.9375
1703,17,IL,CTCs and EITCs,22151168.0,0.0347164086997509,0.17395292222499847,0.004744991598799406,0.0012413446474486291,57706.0,59781.390625,751609.75,5145.49609375,6229.0595703125,143206.9375
1703,17,IL,EITCs,22151168.0,0.0347164086997509,0.17395292222499847,0.004744991598799406,0.0012413446474486291,57706.0,59781.390625,751609.75,5145.49609375,6229.0595703125,143206.9375
1704,17,IL,CTCs,3516416.0,-0.0,-0.0,0.0030641768221718003,0.0004973277798819427,146514.109375,146514.109375,753866.125,39098.3671875,39098.3671875,209634.578125
1704,17,IL,CTCs and EITCs,36116480.0,0.007441773544996977,0.00955579336732626,0.02170259730300695,0.004415487356929736,146514.109375,147612.609375,753866.125,39098.3671875,39475.5859375,209634.578125
1704,17,IL,EITCs,36116480.0,0.007441773544996977,0.00955579336732626,0.02170259730300695,0.004415487356929736,146514.109375,147612.609375,753866.125,39098.3671875,39475.5859375,209634.578125
1705,17,IL,CTCs,10096640.0,-0.0,-0.0,0.014915676098698684,0.0007198661708368198,278867.84375,278867.84375,752378.125,141300.1875,141300.1875,212838.71875
1705,17,IL,CTCs and EITCs,62406656.0,0.005016637500375509,0.004843227565288544,0.08542831606117436,0.004414916204863576,278867.84375,280273.875,752378.125,141300.1875,141987.875,212838.71875
1705,17,IL,EITCs,62406656.0,0.005016637500375509,0.004843227565288544,0.08542831606117436,0.004414916204863576,278867.84375,280273.875,752378.125,141300.1875,141987.875,212838.71875
1706,17,IL,CTCs,2379776.0,0.012952866964042187,0.024651771411299706,0.0002787825509737099,0.0002150159592272285,105804.4140625,107192.8671875,753541.25,14695.2529296875,15066.673828125,182702.75
1706,17,IL,CTCs and EITCs,22089728.0,0.02139349840581417,0.047294631600379944,0.004869228935336252,0.0019259355197206462,105804.4140625,108117.4296875,753541.25,14695.2529296875,15424.76171875,182702.75
1706,17,IL,EITCs,22089728.0,0.02139349840581417,0.047294631600379944,0.004869228935336252,0.0019259355197206462,105804.4140625,108117.4296875,753541.25,14695.2529296875,15424.76171875,182702.75
1707,17,IL,CTCs,8683520.0,0.003200789447873831,0.0030404715798795223,0.0097375645569223,0.0011732827320801544,133689.90625,134119.1875,753372.9375,60324.92578125,60508.90234375,236276.515625
1707,17,IL,CTCs and EITCs,65019904.0,0.009693168103694916,0.010650783777236938,0.05738804442673578,0.008257366396392013,133689.90625,134998.46875,753372.9375,60324.92578125,60974.34765625,236276.515625
1707,17,IL,EITCs,65019904.0,0.009693168103694916,0.010650783777236938,0.05738804442673578,0.008257366396392013,133689.90625,134998.46875,753372.9375,60324.92578125,60974.34765625,236276.515625
1708,17,IL,CTCs,1601536.0,-0.0,-0.0,0.0011640253220013307,0.0001485385288046688,50451.40625,50451.40625,753434.625,5395.287109375,5395.287109375,121287.3984375
1708,17,IL,CTCs and EITCs,13778944.0,0.13288447260856628,0.4405902326107025,0.014433349068880216,0.001165294326786795,50451.40625,58183.03125,753434.625,5395.287109375,9644.607421875,121287.3984375
1708,17,IL,EITCs,13778944.0,0.13288447260856628,0.4405902326107025,0.014433349068880216,0.001165294326786795,50451.40625,58183.03125,753434.625,5395.287109375,9644.607421875,121287.3984375
1709,17,IL,CTCs,612352.0,0.0007286331965588033,0.0004888810799457133,0.00017108995408975534,3.711799011952161e-05,174985.609375,175113.203125,755216.1875,86949.75,86992.28125,132451.5
1709,17,IL,CTCs and EITCs,9910272.0,0.002865399466827512,0.002628438640385866,0.004237921876561688,0.0007429611572200992,174985.609375,175488.453125,755216.1875,86949.75,87178.890625,132451.5
1709,17,IL,EITCs,9910272.0,0.002865399466827512,0.002628438640385866,0.004237921876561688,0.0007429611572200992,174985.609375,175488.453125,755216.1875,86949.75,87178.890625,132451.5
1710,17,IL,CTCs,5083136.0,0.010187900625169277,0.010742360725998878,0.008226980256534525,0.0005100209799935606,51326.98046875,51855.2734375,752086.75,24325.3125,24589.4609375,207517.0625
1710,17,IL,CTCs and EITCs,39723008.0,0.010187900625169277,0.010742360725998878,0.049657000803320965,0.0037654408193871915,51326.98046875,51855.2734375,752086.75,24325.3125,24589.4609375,207517.0625
1710,17,IL,EITCs,39723008.0,0.010187900625169277,0.010742360725998878,0.049657000803320965,0.0037654408193871915,51326.98046875,51855.2734375,752086.75,24325.3125,24589.4609375,207517.0625
1711,17,IL,CTCs,8306688.0,-0.0,-0.0,0.005726196705840331,0.0006220838715354934,133571.0625,133571.0625,753204.25,25402.646484375,25402.646484375,168541.75
1711,17,IL,CTCs and EITCs,52948992.0,0.009106543846428394,0.025155963376164436,0.03600084707256219,0.003957792475045062,133571.0625,134798.609375,753204.25,25402.646484375,26058.1640625,168541.75
1711,17,IL,EITCs,52948992.0,0.009106543846428394,0.025155963376164436,0.03600084707256219,0.003957792475045062,133571.0625,134798.609375,753204.25,25402.646484375,26058.1640625,168541.75
1712,17,IL,CTCs,6756352.0,-0.0,-0.0,0.0003882711725547558,0.0007820565593345213,27428.23828125,27428.23828125,753010.875,5700.1123046875,5700.1123046875,243965.890625
1712,17,IL,CTCs and EITCs,48480256.0,0.026943013072013855,0.06245727092027664,0.004586573450414595,0.005199936801386774,27428.23828125,28187.69921875,753010.875,5700.1123046875,6079.8427734375,243965.890625
1712,17,IL,EITCs,48480256.0,0.026943013072013855,0.06245727092027664,0.004586573450414595,0.005199936801386774,27428.23828125,28187.69921875,753010.875,5700.1123046875,6079.8427734375,243965.890625
1713,17,IL,CTCs,7075840.0,0.0022457572631537914,0.004415831062942743,0.011169426139975389,0.0007138733682923892,52271.36328125,52389.015625,753536.875,19894.24609375,19982.486328125,139421.234375
1713,17,IL,CTCs and EITCs,44281856.0,0.006742009427398443,0.01009906455874443,0.065891511649103,0.004420548678850591,52271.36328125,52626.16796875,753536.875,19894.24609375,20097.2109375,139421.234375
1713,17,IL,EITCs,44281856.0,0.006742009427398443,0.01009906455874443,0.065891511649103,0.004420548678850591,52271.36328125,52626.16796875,753536.875,19894.24609375,20097.2109375,139421.234375
1714,17,IL,CTCs,925696.0,-0.0,-0.0,0.0005734933562578247,7.770635805698909e-05,68822.8984375,68822.8984375,752140.1875,25884.3984375,25884.3984375,172667.640625
1714,17,IL,CTCs and EITCs,16859136.0,0.0062719653360545635,0.01082776952534914,0.03585719730895854,0.0011450470740373337,68822.8984375,69257.28125,752140.1875,25884.3984375,26167.736328125,172667.640625
1714,17,IL,EITCs,16859136.0,0.0062719653360545635,0.01082776952534914,0.03585719730895854,0.0011450470740373337,68822.8984375,69257.28125,752140.1875,25884.3984375,26167.736328125,172667.640625
1715,17,IL,CTCs,856064.0,-0.0,-0.0,7.905252921427e-05,3.8967640548107145e-05,95090.3203125,95090.3203125,752633.4375,29084.748046875,29084.748046875,122037.84375
1715,17,IL,CTCs and EITCs,11939840.0,0.00025586795527487993,7.833690324332565e-05,0.0010240427051706692,0.0005416334497870207,95090.3203125,95114.65625,752633.4375,29084.748046875,29087.025390625,122037.84375
1715,17,IL,EITCs,11939840.0,0.00025586795527487993,7.833690324332565e-05,0.0010240427051706692,0.0005416334497870207,95090.3203125,95114.65625,752633.4375,29084.748046875,29087.025390625,122037.84375
1716,17,IL,CTCs,1716224.0,6.846416766848051e-08,2.207934528541955e-07,0.00024869191986685624,0.00015757407696471163,20498.48046875,20498.482421875,753450.8125,2331.918212890625,2331.918701171875,184280.015625
1716,17,IL,CTCs and EITCs,17420288.0,0.011346563696861267,0.05843287333846092,0.0027172038841994845,0.0015251362092867096,20498.48046875,20733.73828125,753450.8125,2331.918212890625,2476.63525390625,184280.015625
1716,17,IL,EITCs,17420288.0,0.011346563696861267,0.05843287333846092,0.0027172038841994845,0.0015251362092867096,20498.48046875,20733.73828125,753450.8125,2331.918212890625,2476.63525390625,184280.015625
1717,17,IL,CTCs,2322432.0,-0.0,-0.0,0.0012783363231352943,0.00023502850079804014,121505.703125,121505.703125,754530.0,47833.87890625,47833.87890625,196114.40625
1717,17,IL,CTCs and EITCs,17426432.0,0.0008310017874464393,0.0012659603962674737,0.00861023199830593,0.0016916575282538752,121505.703125,121606.7578125,754530.0,47833.87890625,47894.51171875,196114.40625
1717,17,IL,EITCs,17426432.0,0.0008310017874464393,0.0012659603962674737,0.00861023199830593,0.0016916575282538752,121505.703125,121606.7578125,754530.0,47833.87890625,47894.51171875,196114.40625
1801,18,IN,CTCs,0.0,-0.0,-0.0,-0.0,-0.0,67813.8125,67813.8125,755600.125,12126.3779296875,12126.3779296875,192457.125
1801,18,IN,CTCs and EITCs,13707264.0,0.001257857889868319,0.0035089447628706694,0.0017147070786492176,0.0013982911255067533,67813.8125,67899.21875,755600.125,12126.3779296875,12169.078125,192457.125
1801,18,IN,EITCs,13707264.0,0.001257857889868319,0.0035089447628706694,0.0017147070786492176,0.0013982911255067533,67813.8125,67899.21875,755600.125,12126.3779296875,12169.078125,192457.125
1802,18,IN,CTCs,0.0,-0.0,-0.0,-0.0,-0.0,104657.59375,104657.59375,755170.8125,42831.90625,42831.90625,206952.234375
1802,18,IN,CTCs and EITCs,17817600.0,-0.0,-0.0,0.010567689910684798,0.0017938654442893848,104657.59375,104657.59375,755170.8125,42831.90625,42831.90625,206952.234375
1802,18,IN,EITCs,17817600.0,-0.0,-0.0,0.010567689910684798,0.0017938654442893848,104657.59375,104657.59375,755170.8125,42831.90625,42831.90625,206952.234375
1803,18,IN,CTCs,0.0,-0.0,-0.0,-0.0,-0.0,28060.65234375,28060.65234375,754934.375,10983.224609375,10983.224609375,218187.984375
1803,18,IN,CTCs and EITCs,10039296.0,0.0051538762636482716,0.009541680105030537,0.0020372606800154744,0.0012500516479409158,28060.65234375,28206.021484375,754934.375,10983.224609375,11089.033203125,218187.984375
1803,18,IN,EITCs,10039296.0,0.0051538762636482716,0.009541680105030537,0.0020372606800154744,0.0012500516479409158,28060.65234375,28206.021484375,754934.375,10983.224609375,11089.033203125,218187.984375
1804,18,IN,CTCs,0.0,-0.0,-0.0,-0.0,-0.0,29384.1640625,29384.1640625,751508.875,6121.7998046875,6121.7998046875,166465.125
1804,18,IN,CTCs and EITCs,5849088.0,0.02674766816198826,0.06275811791419983,0.003099853416314667,0.0005864602842486301,29384.1640625,30191.72265625,751508.875,6121.7998046875,6531.71826171875,166465.125
1804,18,IN,EITCs,5849088.0,0.02674766816198826,0.06275811791419983,0.003099853416314667,0.0005864602842486301,29384.1640625,30191.72265625,751508.875,6121.7998046875,6531.71826171875,166465.125
1805,18,IN,CTCs,0.0,-0.0,-0.0,-0.0,-0.0,27250.96875,27250.96875,753394.8125,7472.6337890625,7472.6337890625,201672.671875
1805,18,IN,CTCs and EITCs,16355328.0,0.007810049690306187,0.01121704000979662,0.004714668015201324,0.0019357189855928893,27250.96875,27465.474609375,753394.8125,7472.6337890625,7557.4052734375,201672.671875
1805,18,IN,EITCs,16355328.0,0.007810049690306187,0.01121704000979662,0.004714668015201324,0.0019357189855928893,27250.96875,27465.474609375,753394.8125,7472.6337890625,7557.4052734375,201672.671875
1806,18,IN,CTCs,0.0,-0.0,-0.0,-0.0,-0.0,99591.9453125,99591.9453125,754408.25,22036.041015625,22036.041015625,174177.09375
1806,18,IN,CTCs and EITCs,16494592.0,0.00025142490630969405,-0.0,0.0022883952955402866,0.0014690758412062876,99591.9453125,99617.0,754408.25,22036.041015625,22036.041015625,174177.09375
1806,18,IN,EITCs,16494592.0,0.00025142490630969405,-0.0,0.0022883952955402866,0.0014690758412062876,99591.9453125,99617.0,754408.25,22036.041015625,22036.041015625,174177.09375
1807,18,IN,CTCs,0.0,-0.0,-0.0,-0.0,-0.0,99833.9375,99833.9375,752207.625,37605.0859375,37605.0859375,211013.90625
1807,18,IN,CTCs and EITCs,12632064.0,0.00030394591158255935,0.00040286232251673937,0.011032896999034869,0.0011703536715747742,99833.9375,99864.2890625,752207.625,37605.0859375,37620.2421875,211013.90625
1807,18,IN,EITCs,12632064.0,0.00030394591158255935,0.00040286232251673937,0.011032896999034869,0.0011703536715747742,99833.9375,99864.2890625,752207.625,37605.0859375,37620.2421875,211013.90625
1808,18,IN,CTCs,0.0,-0.0,-0.0,-0.0,-0.0,23945.18359375,23945.18359375,753962.875,6456.7939453125,6456.7939453125,240068.453125
1808,18,IN,CTCs and EITCs,23945216.0,0.0023132727947086096,0.003700583940371871,0.0023367606790031855,0.0019587935422504805,23945.18359375,24000.703125,753962.875,6456.7939453125,6480.7763671875,240068.453125
1808,18,IN,EITCs,23945216.0,0.0023132727947086096,0.003700583940371871,0.0023367606790031855,0.0019587935422504805,23945.18359375,24000.703125,753962.875,6456.7939453125,6480.7763671875,240068.453125
1809,18,IN,CTCs,0.0,-0.0,-0.0,-0.0,-0.0,107159.765625,107159.765625,754044.625,40082.84765625,40082.84765625,164908.59375
1809,18,IN,CTCs and EITCs,12888064.0,0.0020360967610031366,0.0020298901945352554,0.011787731314039153,0.0012380645466343037,107159.765625,107378.3984375,754044.625,40082.84765625,40164.37890625,164908.59375
1809,18,IN,EITCs,12888064.0,0.0020360967610031366,0.0020298901945352554,0.011787731314039153,0.0012380645466343037,107159.765625,107378.3984375,754044.625,40082.84765625,40164.37890625,164908.59375
1901,19,IA,CTCs,0.0,-0.0,-0.0,-0.0,-0.0,70194.1171875,70194.1171875,795816.875,31186.55859375,31186.55859375,232784.296875
1901,19,IA,CTCs and EITCs,25907200.0,0.0005607352359220386,0.00042070215567946434,0.01896630750765779,0.0030716024548034107,70194.1171875,70233.5,795816.875,31186.55859375,31199.68359375,232784.296875
1901,19,IA,EITCs,25907200.0,0.0005607352359220386,0.00042070215567946434,0.01896630750765779,0.0030716024548034107,70194.1171875,70233.5,795816.875,31186.55859375,31199.68359375,232784.296875
1902,19,IA,CTCs,0.0,-0.0,-0.0,-0.0,-0.0,23335.771484375,23335.771484375,797441.5,3344.281982421875,3344.281982421875,161799.484375
1902,19,IA,CTCs and EITCs,18171904.0,0.0653744637966156,0.2808149755001068,0.0033672734571548028,0.0021729505304088873,23335.771484375,24968.044921875,797441.5,3344.281982421875,4650.099609375,161799.484375
1902,19,IA,EITCs,18171904.0,0.0653744637966156,0.2808149755001068,0.0033672734571548028,0.0021729505304088873,23335.771484375,24968.044921875,797441.5,3344.281982421875,4650.099609375,161799.484375
1903,19,IA,CTCs,0.0,-0.0,-0.0,-0.0,-0.0,69833.6015625,69833.6015625,796117.625,14143.306640625,14143.306640625,208874.75
1903,19,IA,CTCs and EITCs,10977280.0,0.000507502700202167,0.0016681818524375558,0.0010078181715892313,0.0009234175852883677,69833.6015625,69869.0546875,796117.625,14143.306640625,14166.939453125,208874.75
1903,19,IA,EITCs,10977280.0,0.000507502700202167,0.0016681818524375558,0.0010078181715892313,0.0009234175852883677,69833.6015625,69869.0546875,796117.625,14143.306640625,14166.939453125,208874.75
1904,19,IA,CTCs,0.0,-0.0,-0.0,-0.0,-0.0,60371.359375,60371.359375,794813.625,8396.20703125,8396.20703125,189301.09375
1904,19,IA,CTCs and EITCs,15060992.0,0.012582431547343731,0.0521099828183651,0.004622924178171244,0.0013994357608158661,60371.359375,61140.65625,794813.625,8396.20703125,8857.7861328125,189301.09375
1904,19,IA,EITCs,15060992.0,0.012582431547343731,0.0521099828183651,0.004622924178171244,0.0013994357608158661,60371.359375,61140.65625,794813.625,8396.20703125,8857.7861328125,189301.09375
2001,20,KS,CTCs,0.0,-0.0,-0.0,-0.0,-0.0,47637.62109375,47637.62109375,733793.1875,6133.275390625,6133.275390625,171814.90625
2001,20,KS,CTCs and EITCs,18348032.0,0.001556670875288546,0.008006888441741467,0.004295861573634129,0.0018574795031927522,47637.62109375,47711.890625,733793.1875,6133.275390625,6182.7802734375,171814.90625
2001,20,KS,EITCs,18348032.0,0.001556670875288546,0.008006888441741467,0.004295861573634129,0.0018574795031927522,47637.62109375,47711.890625,733793.1875,6133.275390625,6182.7802734375,171814.90625
2002,20,KS,CTCs,0.0,-0.0,-0.0,-0.0,-0.0,55534.42578125,55534.42578125,734508.875,32156.109375,32156.109375,193791.875
2002,20,KS,CTCs and EITCs,15659008.0,0.012669471092522144,0.005509885959327221,0.011269394649050218,0.00236931189618372,55534.42578125,56247.04296875,734508.875,32156.109375,32334.265625,193791.875
2002,20,KS,EITCs,15659008.0,0.012669471092522144,0.005509885959327221,0.011269394649050218,0.00236931189618372,55534.42578125,56247.04296875,734508.875,32156.109375,32334.265625,193791.875
2003,20,KS,CTCs,0.0,-0.0,-0.0,-0.0,-0.0,60140.5,60140.5,735509.5625,13910.4931640625,13910.4931640625,190709.75
2003,20,KS,CTCs and EITCs,14903296.0,0.002561352914199233,0.005520468577742577,0.0086353357133871,0.0013662098340819855,60140.5,60294.9375,735509.5625,13910.4931640625,13987.7109375,190709.75
2003,20,KS,EITCs,14903296.0,0.002561352914199233,0.005520468577742577,0.0086353357133871,0.0013662098340819855,60140.5,60294.9375,735509.5625,13910.4931640625,13987.7109375,190709.75
2004,20,KS,CTCs,0.0,-0.0,-0.0,-0.0,-0.0,49111.8046875,49111.8046875,735293.9375,17031.41015625,17031.41015625,214705.5
2004,20,KS,CTCs and EITCs,31016960.0,0.0035502221435308456,0.005110710393637419,0.009738843226986224,0.0023280491091372665,49111.8046875,49286.78125,735293.9375,17031.41015625,17118.8984375,214705.5
2004,20,KS,EITCs,31016960.0,0.0035502221435308456,0.005110710393637419,0.009738843226986224,0.0023280491091372665,49111.8046875,49286.78125,735293.9375,17031.41015625,17118.8984375,214705.5
2101,21,KY,CTCs,0.0,-0.0,-0.0,-0.0,-0.0,87585.671875,87585.671875,749856.5,21065.248046875,21065.248046875,180711.25
2101,21,KY,CTCs and EITCs,0.0,-0.0,-0.0,-0.0,-0.0,87585.671875,87585.671875,749856.5,21065.248046875,21065.248046875,180711.25
2101,21,KY,EITCs,0.0,-0.0,-0.0,-0.0,-0.0,87585.671875,87585.671875,749856.5,21065.248046875,21065.248046875,180711.25
2102,21,KY,CTCs,0.0,-0.0,-0.0,-0.0,-0.0,35085.57421875,35085.57421875,752244.5625,14430.0791015625,14430.0791015625,211158.0
2102,21,KY,CTCs and EITCs,0.0,-0.0,-0.0,-0.0,-0.0,35085.57421875,35085.57421875,752244.5625,14430.0791015625,14430.0791015625,211158.0
2102,21,KY,EITCs,0.0,-0.0,-0.0,-0.0,-0.0,35085.57421875,35085.57421875,752244.5625,14430.0791015625,14430.0791015625,211158.0
2103,21,KY,CTCs,0.0,-0.0,-0.0,-0.0,-0.0,86698.6015625,86698.6015625,750117.625,28613.681640625,28613.681640625,251624.0
2103,21,KY,CTCs and EITCs,0.0,-0.0,-0.0,-0.0,-0.0,86698.6015625,86698.6015625,750117.625,28613.681640625,28613.681640625,251624.0
2103,21,KY,EITCs,0.0,-0.0,-0.0,-0.0,-0.0,86698.6015625,86698.6015625,750117.625,28613.681640625,28613.681640625,251624.0
2104,21,KY,CTCs,0.0,-0.0,-0.0,-0.0,-0.0,87192.984375,87192.984375,748422.8125,11686.3056640625,11686.3056640625,161468.75
2104,21,KY,CTCs and EITCs,0.0,-0.0,-0.0,-0.0,-0.0,87192.984375,87192.984375,748422.8125,11686.3056640625,11686.3056640625,161468.75
2104,21,KY,EITCs,0.0,-0.0,-0.0,-0.0,-0.0,87192.984375,87192.984375,748422.8125,11686.3056640625,11686.3056640625,161468.75
2105,21,KY,CTCs,0.0,-0.0,-0.0,-0.0,-0.0,86574.890625,86574.890625,746551.625,35885.29296875,35885.29296875,138695.59375
2105,21,KY,CTCs and EITCs,0.0,-0.0,-0.0,-0.0,-0.0,86574.890625,86574.890625,746551.625,35885.29296875,35885.29296875,138695.59375
2105,21,KY,EITCs,0.0,-0.0,-0.0,-0.0,-0.0,86574.890625,86574.890625,746551.625,35885.29296875,35885.29296875,138695.59375
2106,21,KY,CTCs,0.0,-0.0,-0.0,-0.0,-0.0,43079.60546875,43079.60546875,751735.9375,11641.68359375,11641.68359375,196572.9375
2106,21,KY,CTCs and EITCs,0.0,-0.0,-0.0,-0.0,-0.0,43079.60546875,43079.60546875,751735.9375,11641.68359375,11641.68359375,196572.9375
2106,21,KY,EITCs,0.0,-0.0,-0.0,-0.0,-0.0,43079.60546875,43079.60546875,751735.9375,11641.68359375,11641.68359375,196572.9375
2201,22,LA,CTCs,0.0,-0.0,-0.0,-0.0,-0.0,73324.8125,73324.8125,775661.0,17505.955078125,17505.955078125,211167.484375
2201,22,LA,CTCs and EITCs,12890112.0,0.00277007557451725,0.005063049029558897,0.004015473113562442,0.0010676861970423588,73324.8125,73528.4921875,775661.0,17505.955078125,17595.0390625,211167.484375
2201,22,LA,EITCs,12890112.0,0.00277007557451725,0.005063049029558897,0.004015473113562442,0.0010676861970423588,73324.8125,73528.4921875,775661.0,17505.955078125,17595.0390625,211167.484375
2202,22,LA,CTCs,0.0,-0.0,-0.0,-0.0,-0.0,84324.734375,84324.734375,775182.375,19158.935546875,19158.935546875,193159.46875
2202,22,LA,CTCs and EITCs,10194944.0,0.017077621072530746,0.03662841394543648,0.005339677337875812,0.0009144207939447693,84324.734375,85789.8203125,775182.375,19158.935546875,19887.37890625,193159.46875
2202,22,LA,EITCs,10194944.0,0.017077621072530746,0.03662841394543648,0.005339677337875812,0.0009144207939447693,84324.734375,85789.8203125,775182.375,19158.935546875,19887.37890625,193159.46875
2203,22,LA,CTCs,0.0,-0.0,-0.0,-0.0,-0.0,153009.234375,153009.234375,776369.875,50558.1640625,50558.1640625,210472.9375
2203,22,LA,CTCs and EITCs,17545216.0,0.05540010705590248,0.08151405304670334,0.001216570336322968,0.0015481088023032057,153009.234375,161983.109375,776369.875,50558.1640625,55045.11328125,210472.9375
2203,22,LA,EITCs,17545216.0,0.05540010705590248,0.08151405304670334,0.001216570336322968,0.0015481088023032057,153009.234375,161983.109375,776369.875,50558.1640625,55045.11328125,210472.9375
2204,22,LA,CTCs,0.0,-0.0,-0.0,-0.0,-0.0,106878.7734375,106878.7734375,776823.5,24350.21875,24350.21875,205397.109375
2204,22,LA,CTCs and EITCs,12300288.0,0.010349222458899021,0.019730251282453537,0.0013592982972976061,0.00108222045929138,106878.7734375,107996.453125,776823.5,24350.21875,24840.32421875,205397.109375
2204,22,LA,EITCs,12300288.0,0.010349222458899021,0.019730251282453537,0.0013592982972976061,0.00108222045929138,106878.7734375,107996.453125,776823.5,24350.21875,24840.32421875,205397.109375
2205,22,LA,CTCs,0.0,-0.0,-0.0,-0.0,-0.0,92164.015625,92164.015625,776443.1875,18325.25390625,18325.25390625,165206.546875
2205,22,LA,CTCs and EITCs,13447168.0,-0.0,-0.0,0.0027765734638594826,0.0010537725407684317,92164.015625,92164.015625,776443.1875,18325.25390625,18325.25390625,165206.546875
2205,22,LA,EITCs,13447168.0,-0.0,-0.0,0.0027765734638594826,0.0010537725407684317,92164.015625,92164.015625,776443.1875,18325.25390625,18325.25390625,165206.546875
2206,22,LA,CTCs,0.0,-0.0,-0.0,-0.0,-0.0,90500.328125,90500.328125,774854.75,26904.236328125,26904.236328125,227585.21875
2206,22,LA,CTCs and EITCs,11765760.0,0.0138585539534688,0.030036672949790955,0.0032149971888048574,0.0008647952587176132,90500.328125,91772.15625,774854.75,26904.236328125,27737.375,227585.21875
2206,22,LA,EITCs,11765760.0,0.0138585539534688,0.030036672949790955,0.0032149971888048574,0.0008647952587176132,90500.328125,91772.15625,774854.75,26904.236328125,27737.375,227585.21875
2301,23,ME,CTCs,47745024.0,1.1708573310897918e-07,1.8881132746173535e-07,0.005140444610135053,0.002941754211934833,43312.96484375,43312.96875,680662.5,5047.86474609375,5047.86572265625,127922.140625
2301,23,ME,CTCs and EITCs,78503936.0,0.0064943283796310425,0.01835278980433941,0.017533733319938065,0.006267297875832818,43312.96484375,43596.08984375,680662.5,5047.86474609375,5142.2392578125,127922.140625
2301,23,ME,EITCs,30756864.0,-0.0,-0.0,0.012463794321117569,0.0033301129977763256,43312.96484375,43312.96484375,680662.5,5047.86474609375,5047.86474609375,127922.140625
2302,23,ME,CTCs,45424640.0,0.010872677899897099,0.017928916960954666,0.014671107804892418,0.003983387757193931,60462.703125,61127.3203125,681088.125,22080.232421875,22483.333984375,142567.234375
2302,23,ME,CTCs and EITCs,68790272.0,0.017108982428908348,0.023772651329636574,0.02503411662515116,0.005728148155975048,60462.703125,61515.1640625,681088.125,22080.232421875,22617.919921875,142567.234375
2302,23,ME,EITCs,23363584.0,0.0067759291268885136,0.007336422335356474,0.010573600567517208,0.0017477283728593459,60462.703125,60875.1875,681088.125,22080.232421875,22243.41796875,142567.234375
2401,24,MD,CTCs,794624.0,0.004972441121935844,0.005285637453198433,0.0016724974473727847,2.728519487510506e-05,28758.416015625,28902.12890625,774191.625,13522.943359375,13594.80078125,210055.9375
2401,24,MD,CTCs and EITCs,75620352.0,0.052552010864019394,0.06004994735121727,0.020878010742486654,0.004607713614338974,28758.416015625,30353.556640625,774191.625,13522.943359375,14386.875,210055.9375
2401,24,MD,EITCs,74821632.0,0.052552010864019394,0.06004994735121727,0.019076552854225468,0.004580100446393114,28758.416015625,30353.556640625,774191.625,13522.943359375,14386.875,210055.9375
2402,24,MD,CTCs,591872.0,-0.0,-0.0,0.0007047622382722835,4.310406405380704e-05,75301.8359375,75301.8359375,769900.875,20916.5625,20916.5625,175139.96875
2402,24,MD,CTCs and EITCs,56563712.0,0.028645342215895653,0.0515863262116909,0.06225915272542467,0.004750797385726241,75301.8359375,77522.4921875,769900.875,20916.5625,22054.26171875,175139.96875
2402,24,MD,EITCs,55969792.0,0.028645342215895653,0.0515863262116909,0.06163856698514958,0.004707276161458732,75301.8359375,77522.4921875,769900.875,20916.5625,22054.26171875,175139.96875
2403,24,MD,CTCs,7532544.0,-0.0,-0.0,0.00407370665363268,0.0004516141988590269,151865.28125,151865.28125,770333.75,57407.41015625,57407.41015625,230881.46875
2403,24,MD,CTCs and EITCs,30232576.0,0.01263956818729639,0.020842893049120903,0.01018658453355564,0.00200243980536779,151865.28125,153809.359375,770333.75,57407.41015625,58629.41796875,230881.46875
2403,24,MD,EITCs,22700032.0,0.01263956818729639,0.020842893049120903,0.00616283325733534,0.0015526842192811086,151865.28125,153809.359375,770333.75,57407.41015625,58629.41796875,230881.46875
2404,24,MD,CTCs,2426880.0,-0.0,-0.0,0.0022092219237227536,0.0002425580693367377,92794.7421875,92794.7421875,770832.75,26147.271484375,26147.271484375,132021.515625
2404,24,MD,CTCs and EITCs,54491136.0,0.03437040373682976,0.04587956517934799,0.045951771147178355,0.005682583195490386,92794.7421875,96097.65625,770832.75,26147.271484375,27404.58203125,132021.515625
2404,24,MD,EITCs,52062208.0,0.03437040373682976,0.04587956517934799,0.04393220129368134,0.0054403122689452,92794.7421875,96097.65625,770832.75,26147.271484375,27404.58203125,132021.515625
2405,24,MD,CTCs,483328.0,-0.0,-0.0,0.0008518058168361212,3.1237573717941365e-05,42213.4296875,42213.4296875,774786.375,13642.61328125,13642.61328125,233472.390625
2405,24,MD,CTCs and EITCs,72208384.0,0.05028368905186653,0.05994793027639389,0.04586218575283579,0.00477150745809393,42213.4296875,44448.46484375,774786.375,13642.61328125,14512.6142578125,233472.390625
2405,24,MD,EITCs,71720960.0,0.05028368905186653,0.05994793027639389,0.04508542689310584,0.0047399063090107245,42213.4296875,44448.46484375,774786.375,13642.61328125,14512.6142578125,233472.390625
2406,24,MD,CTCs,540672.0,-0.0,-0.0,0.0011478880875112013,4.4293302538121214e-05,19929.9296875,19929.9296875,777036.5625,6002.28125,6002.28125,213989.8125
2406,24,MD,CTCs and EITCs,28864512.0,0.08698876947164536,0.10518331825733185,0.021493877038232172,0.0027369260827057903,19929.9296875,21828.7890625,777036.5625,6002.28125,6707.8330078125,213989.8125
2406,24,MD,EITCs,28327936.0,0.08698876947164536,0.10518331825733185,0.02039230198135921,0.002691757259794815,19929.9296875,21828.7890625,777036.5625,6002.28125,6707.8330078125,213989.8125
2407,24,MD,CTCs,10203136.0,0.007446097210049629,0.011157071217894554,0.002966696255400381,0.0007030074660173471,71512.875,72049.359375,768703.625,23774.1796875,24042.421875,198055.734375
2407,24,MD,CTCs and EITCs,113561600.0,0.057998787611722946,0.10242348909378052,0.05418559516718928,0.010522514451628053,71512.875,75915.90625,768703.625,23774.1796875,26487.078125,198055.734375
2407,24,MD,EITCs,103360512.0,0.057998787611722946,0.10242348909378052,0.051344048650571225,0.00982940600533061,71512.875,75915.90625,768703.625,23774.1796875,26487.078125,198055.734375
2408,24,MD,CTCs,360448.0,-0.0,-0.0,0.00041828935119824623,1.847207602872738e-05,100267.15625,100267.15625,772249.75,5524.46484375,5524.46484375,127395.8515625
2408,24,MD,CTCs and EITCs,104517632.0,0.4240221083164215,0.8986122608184814,0.09710219783092033,0.007748809566404368,100267.15625,174081.609375,772249.75,5524.46484375,54488.47265625,127395.8515625
2408,24,MD,EITCs,104165376.0,0.4240221083164215,0.8986122608184814,0.09676092648936481,0.007730398408694217,100267.15625,174081.609375,772249.75,5524.46484375,54488.47265625,127395.8515625
2501,25,MA,CTCs,52150272.0,-0.0,-0.0,0.0018499414436246385,0.0011314772880528443,114893.1875,114893.1875,781568.5625,22432.86328125,22432.86328125,171822.984375
2501,25,MA,CTCs and EITCs,104820736.0,0.007932835258543491,0.020680440589785576,0.0021570812031213647,0.0024803468505555084,114893.1875,115811.8984375,781568.5625,22432.86328125,22906.580078125,171822.984375
2501,25,MA,EITCs,52670464.0,0.006666609086096287,0.015924181789159775,0.0002829074251285968,0.0013320484335418712,114893.1875,115664.28125,781568.5625,22432.86328125,22795.869140625,171822.984375
2502,25,MA,CTCs,61591552.0,0.003250788664445281,0.009011557325720787,0.008036512099590576,0.0021593474829451507,118523.578125,118910.125,780111.4375,32416.30859375,32711.0859375,176228.75
2502,25,MA,CTCs and EITCs,108118016.0,0.012168994173407555,0.023043693974614143,0.028786902402195825,0.005393874776323365,118523.578125,119983.6640625,780111.4375,32416.30859375,33180.91796875,176228.75
2502,25,MA,EITCs,46534656.0,0.012168994173407555,0.023043693974614143,0.02088351568759929,0.003230477091377571,118523.578125,119983.6640625,780111.4375,32416.30859375,33180.91796875,176228.75
2503,25,MA,CTCs,64434176.0,0.00020654760010074824,0.0004098624922335148,0.0432233345412512,0.0028970266040234133,150951.515625,150982.703125,781769.75,38035.1171875,38050.7109375,186892.90625
2503,25,MA,CTCs and EITCs,99815424.0,0.013559693470597267,0.02242104522883892,0.0668009892160169,0.005547283360742051,150951.515625,153026.515625,781769.75,38035.1171875,38907.4609375,186892.90625
2503,25,MA,EITCs,35381248.0,0.011792207136750221,0.018970565870404243,0.0249600538438987,0.0026567777891973944,150951.515625,152752.8125,781769.75,38035.1171875,38770.6171875,186892.90625
2504,25,MA,CTCs,47685632.0,0.007717536762356758,0.030314991250634193,0.003532875704843187,0.001855032644853052,19889.07421875,20043.763671875,781103.875,2968.853515625,3061.66796875,145576.90625
2504,25,MA,CTCs and EITCs,84946944.0,0.04260693117976189,0.13665826618671417,0.008370215690978393,0.004542273485906019,19889.07421875,20774.19921875,781103.875,2968.853515625,3438.79296875,145576.90625
2504,25,MA,EITCs,37265408.0,0.030781641602516174,0.10362355411052704,0.0046686979405675495,0.002691752363498589,19889.07421875,20520.736328125,781103.875,2968.853515625,3312.06103515625,145576.90625
2505,25,MA,CTCs,55189504.0,0.0071221510879695415,0.01981871947646141,0.016285492162047763,0.0020572871560872903,187074.5,188416.4375,780369.5,39109.0703125,39899.8359375,165455.125
2505,25,MA,CTCs and EITCs,86556672.0,0.014240705408155918,0.034956783056259155,0.02747288442658956,0.00396903573818754,187074.5,189777.0625,780369.5,39109.0703125,40525.71875,165455.125
2505,25,MA,EITCs,31371264.0,0.011652913875877857,0.029003547504544258,0.011221338337125209,0.0019138361908163722,187074.5,189280.171875,780369.5,39109.0703125,40277.25390625,165455.125
2506,25,MA,CTCs,56184832.0,0.05466229468584061,0.21442972123622894,0.014264858395862159,0.0016222285957896959,130813.875,138377.9375,780048.75,13855.5810546875,17637.607421875,166006.703125
2506,25,MA,CTCs and EITCs,83501056.0,0.0640806257724762,0.2512529492378235,0.04682483062222509,0.0031721551932253652,130813.875,139770.453125,780048.75,13855.5810546875,18505.021484375,166006.703125
2506,25,MA,EITCs,27316224.0,0.0574469119310379,0.22759902477264404,0.030830814402925184,0.0015501048858379614,130813.875,138786.75,780048.75,13855.5810546875,17938.326171875,166006.703125
2507,25,MA,CTCs,37855232.0,0.0037320528645068407,0.007408448029309511,0.012844883166078668,0.0015537035322831245,220758.5,221585.46875,781118.8125,69635.6015625,70155.34375,173658.5
2507,25,MA,CTCs and EITCs,72302592.0,0.009660281240940094,0.01752150058746338,0.03448958971280343,0.004771220151664209,220758.5,222911.90625,781118.8125,69635.6015625,70877.484375,173658.5
2507,25,MA,EITCs,34443264.0,0.00865916721522808,0.015958603471517563,0.021988618802756727,0.003218401172028382,220758.5,222686.78125,781118.8125,69635.6015625,70764.9140625,173658.5
2508,25,MA,CTCs,64733184.0,0.010948865674436092,0.012546539306640625,0.021321282566748156,0.0021632947317317525,130475.78125,131920.15625,783459.875,51082.08984375,51731.13671875,222126.515625
2508,25,MA,CTCs and EITCs,108642304.0,0.1214831992983818,0.18216821551322937,0.043748360991487094,0.004985217743945547,130475.78125,148518.25,783459.875,51082.08984375,62460.38671875,222126.515625
2508,25,MA,EITCs,43909120.0,0.01808321103453636,0.02050308883190155,0.021676475440563465,0.0028191660181502206,130475.78125,132878.65625,783459.875,51082.08984375,52151.3515625,222126.515625
2509,25,MA,CTCs,49897472.0,-0.0,-0.0,0.0058880495792746354,0.0013142820297876994,90501.4296875,90501.4296875,783269.0625,10324.919921875,10324.919921875,143126.28125
2509,25,MA,CTCs and EITCs,61882368.0,0.006037056911736727,0.02932320535182953,0.010403065298454865,0.0019844031035176845,90501.4296875,91051.109375,783269.0625,10324.919921875,10636.826171875,143126.28125
2509,25,MA,EITCs,11984896.0,0.003229936584830284,0.013468901626765728,0.004384855897469009,0.0006700760930728606,90501.4296875,90794.6875,783269.0625,10324.919921875,10465.8837890625,143126.28125
2601,26,MI,CTCs,0.0,-0.0,-0.0,-0.0,-0.0,82971.2734375,82971.2734375,775896.625,13054.4697265625,13054.4697265625,144625.125
2601,26,MI,CTCs and EITCs,47302656.0,0.011894342489540577,0.019136985763907433,0.032066578034712336,0.005282317671658065,82971.2734375,83970.046875,775896.625,13054.4697265625,13309.1669921875,144625.125
2601,26,MI,EITCs,47302656.0,0.011894342489540577,0.019136985763907433,0.032066578034712336,0.005282317671658065,82971.2734375,83970.046875,775896.625,13054.4697265625,13309.1669921875,144625.125
2602,26,MI,CTCs,0.0,-0.0,-0.0,-0.0,-0.0,20546.1953125,20546.1953125,776940.625,10137.77734375,10137.77734375,155135.53125
2602,26,MI,CTCs and EITCs,34918400.0,0.4651769697666168,0.46926823258399963,0.0961861921594962,0.0017716157080487965,20546.1953125,38416.8125,776940.625,10137.77734375,19101.5078125,155135.53125
2602,26,MI,EITCs,34918400.0,0.4651769697666168,0.46926823258399963,0.0961861921594962,0.0017716157080487965,20546.1953125,38416.8125,776940.625,10137.77734375,19101.5078125,155135.53125
2603,26,MI,CTCs,0.0,-0.0,-0.0,-0.0,-0.0,23052.72265625,23052.72265625,775362.9375,6766.49609375,6766.49609375,127004.2265625
2603,26,MI,CTCs and EITCs,25329664.0,0.020522164180874825,0.004918412771075964,0.017378225234732765,0.002700390869770682,23052.72265625,23535.7265625,775362.9375,6766.49609375,6799.94091796875,127004.2265625
2603,26,MI,EITCs,25329664.0,0.020522164180874825,0.004918412771075964,0.017378225234732765,0.002700390869770682,23052.72265625,23535.7265625,775362.9375,6766.49609375,6799.94091796875,127004.2265625
2604,26,MI,CTCs,0.0,-0.0,-0.0,-0.0,-0.0,15967.859375,15967.859375,774642.875,3587.235595703125,3587.235595703125,214686.78125
2604,26,MI,CTCs and EITCs,66709504.0,0.030504455789923668,0.038913626223802567,0.008550524108496904,0.0071251914844774646,15967.859375,16470.275390625,774642.875,3587.235595703125,3732.47998046875,214686.78125
2604,26,MI,EITCs,66709504.0,0.030504455789923668,0.038913626223802567,0.008550524108496904,0.0071251914844774646,15967.859375,16470.275390625,774642.875,3587.235595703125,3732.47998046875,214686.78125
2605,26,MI,CTCs,0.0,-0.0,-0.0,-0.0,-0.0,17162.43359375,17162.43359375,775059.125,4972.81689453125,4972.81689453125,224302.15625
2605,26,MI,CTCs and EITCs,54306816.0,0.08113431185483932,0.12956523895263672,0.010608175316361837,0.007638490123298232,17162.43359375,18677.84765625,775059.125,4972.81689453125,5713.0263671875,224302.15625
2605,26,MI,EITCs,54306816.0,0.08113431185483932,0.12956523895263672,0.010608175316361837,0.007638490123298232,17162.43359375,18677.84765625,775059.125,4972.81689453125,5713.0263671875,224302.15625
2606,26,MI,CTCs,0.0,-0.0,-0.0,-0.0,-0.0,72385.2109375,72385.2109375,772875.625,18964.365234375,18964.365234375,195158.875
2606,26,MI,CTCs and EITCs,16289792.0,0.020190633833408356,0.05144292488694191,0.014911296746670131,0.0017896716752777684,72385.2109375,73876.828125,772875.625,18964.365234375,19992.85546875,195158.875
2606,26,MI,EITCs,16289792.0,0.020190633833408356,0.05144292488694191,0.014911296746670131,0.0017896716752777684,72385.2109375,73876.828125,772875.625,18964.365234375,19992.85546875,195158.875
2607,26,MI,CTCs,0.0,-0.0,-0.0,-0.0,-0.0,17501.1015625,17501.1015625,774333.625,4472.4326171875,4472.4326171875,180353.015625
2607,26,MI,CTCs and EITCs,53043200.0,0.007836676202714443,0.01653500646352768,0.004128334281108647,0.0053352798909247715,17501.1015625,17639.3359375,774333.625,4472.4326171875,4547.6279296875,180353.015625
2607,26,MI,EITCs,53043200.0,0.007836676202714443,0.01653500646352768,0.004128334281108647,0.0053352798909247715,17501.1015625,17639.3359375,774333.625,4472.4326171875,4547.6279296875,180353.015625
2608,26,MI,CTCs,0.0,-0.0,-0.0,-0.0,-0.0,45582.89453125,45582.89453125,775592.0625,2978.4599609375,2978.4599609375,133950.984375
2608,26,MI,CTCs and EITCs,46393344.0,0.03701873496174812,0.243756964802742,0.004186703139882762,0.00433237860511511,45582.89453125,47335.18359375,775592.0625,2978.4599609375,3938.49560546875,133950.984375
2608,26,MI,EITCs,46393344.0,0.03701873496174812,0.243756964802742,0.004186703139882762,0.00433237860511511,45582.89453125,47335.18359375,775592.0625,2978.4599609375,3938.49560546875,133950.984375
2609,26,MI,CTCs,0.0,-0.0,-0.0,-0.0,-0.0,73921.03125,73921.03125,773998.875,5585.49462890625,5585.49462890625,151872.5625
2609,26,MI,CTCs and EITCs,22714368.0,0.007572282571345568,0.049840327352285385,0.002508111332005788,0.0026649458049431427,73921.03125,74485.0546875,773998.875,5585.49462890625,5878.48046875,151872.5625
2609,26,MI,EITCs,22714368.0,0.007572282571345568,0.049840327352285385,0.002508111332005788,0.0026649458049431427,73921.03125,74485.0546875,773998.875,5585.49462890625,5878.48046875,151872.5625
2610,26,MI,CTCs,0.0,-0.0,-0.0,-0.0,-0.0,34126.34375,34126.34375,775133.0625,8602.201171875,8602.201171875,142640.78125
2610,26,MI,CTCs and EITCs,62087168.0,0.6307229399681091,0.787451982498169,0.09183917114514333,0.006028389656526842,34126.34375,92413.9375,775133.0625,8602.201171875,40471.80078125,142640.78125
2610,26,MI,EITCs,62087168.0,0.6307229399681091,0.787451982498169,0.09183917114514333,0.006028389656526842,34126.34375,92413.9375,775133.0625,8602.201171875,40471.80078125,142640.78125
2611,26,MI,CTCs,0.0,-0.0,-0.0,-0.0,-0.0,54708.77734375,54708.77734375,776306.9375,34923.390625,34923.390625,192593.8125
2611,26,MI,CTCs and EITCs,34074624.0,0.014792779460549355,0.01145621482282877,0.026660230011053974,0.0037124973038026986,54708.77734375,55530.22265625,776306.9375,34923.390625,35328.1171875,192593.8125
2611,26,MI,EITCs,34074624.0,0.014792779460549355,0.01145621482282877,0.026660230011053974,0.0037124973038026986,54708.77734375,55530.22265625,776306.9375,34923.390625,35328.1171875,192593.8125
2612,26,MI,CTCs,0.0,-0.0,-0.0,-0.0,-0.0,20800.35546875,20800.35546875,773757.25,6475.193359375,6475.193359375,134790.75
2612,26,MI,CTCs and EITCs,42348544.0,-0.0,-0.0,0.01471241111435529,0.005210685327560554,20800.35546875,20800.35546875,773757.25,6475.193359375,6475.193359375,134790.75
2612,26,MI,EITCs,42348544.0,-0.0,-0.0,0.01471241111435529,0.005210685327560554,20800.35546875,20800.35546875,773757.25,6475.193359375,6475.193359375,134790.75
2613,26,MI,CTCs,0.0,-0.0,-0.0,-0.0,-0.0,71911.65625,71911.65625,776566.75,31355.21875,31355.21875,218915.8125
2613,26,MI,CTCs and EITCs,88176640.0,0.0338287279009819,0.028666246682405472,0.12365582037521725,0.007668041206930611,71911.65625,74429.515625,776566.75,31355.21875,32280.58203125,218915.8125
2613,26,MI,EITCs,88176640.0,0.0338287279009819,0.028666246682405472,0.12365582037521725,0.007668041206930611,71911.65625,74429.515625,776566.75,31355.21875,32280.58203125,218915.8125
2701,27,MN,CTCs,62564352.0,0.5479491949081421,0.9557192325592041,0.0870989225591949,0.009230239876070976,14985.39453125,33149.8046875,714061.1875,559.7724609375,12641.451171875,136562.15625
2701,27,MN,CTCs and EITCs,84334592.0,0.5481963157653809,0.9557192325592041,0.10290272383448085,0.01202557654329904,14985.39453125,33167.93359375,714061.1875,559.7724609375,12641.451171875,136562.15625
2701,27,MN,EITCs,35215360.0,0.0012084586778655648,-0.0,0.004493646234305794,0.00486961963314013,14985.39453125,15003.525390625,714061.1875,559.7724609375,559.7724609375,136562.15625
2702,27,MN,CTCs,49975296.0,0.03457734361290932,0.051274221390485764,0.041019358084463775,0.005835982872567417,42490.56640625,44012.3984375,711738.375,10392.3486328125,10954.0078125,155046.390625
2702,27,MN,CTCs and EITCs,74776576.0,0.04729316383600235,0.07698934525251389,0.05566176430393316,0.007995437923459983,42490.56640625,44599.8359375,711738.375,10392.3486328125,11259.1865234375,155046.390625
2702,27,MN,EITCs,26132480.0,0.008541978895664215,0.010985375382006168,0.01581732322473366,0.002328149979618284,42490.56640625,42856.6484375,711738.375,10392.3486328125,10507.78125,155046.390625
2703,27,MN,CTCs,68798464.0,2.359909814231287e-07,8.055990292632487e-07,0.017305916971090452,0.00893133754759938,22609.09375,22609.09765625,716124.5,4551.58837890625,4551.591796875,196857.578125
2703,27,MN,CTCs and EITCs,77475840.0,0.01918429136276245,8.055990292632487e-07,0.022558034206648328,0.009466999851504888,22609.09375,23051.31640625,716124.5,4551.58837890625,4551.591796875,196857.578125
2703,27,MN,EITCs,15319040.0,0.019184177741408348,-0.0,0.005965270457565784,0.0013661522227665468,22609.09375,23051.3125,716124.5,4551.58837890625,4551.58837890625,196857.578125
2704,27,MN,CTCs,80078848.0,0.11501570791006088,0.2331511527299881,0.016135577533805096,0.009764342844804076,19589.01953125,22134.87890625,713049.125,3755.68798828125,4897.5595703125,199329.625
2704,27,MN,CTCs and EITCs,114098176.0,0.18463937938213348,0.36889880895614624,0.020527678627681453,0.011169954008197824,19589.01953125,24024.9765625,713049.125,3755.68798828125,5951.00732421875,199329.625
2704,27,MN,EITCs,39045120.0,0.013303691521286964,-0.0,0.004209614088917504,0.0018875280615187466,19589.01953125,19853.140625,713049.125,3755.68798828125,3755.68798828125,199329.625
2705,27,MN,CTCs,98369536.0,0.044038619846105576,0.09697102755308151,0.02438665384654235,0.007873781485554907,56249.7265625,58841.00390625,714217.3125,11915.59765625,13195.14453125,117856.0625
2705,27,MN,CTCs and EITCs,130920448.0,0.04595042020082474,0.09697102755308151,0.03060725607195185,0.009746511357235935,56249.7265625,58958.9140625,714217.3125,11915.59765625,13195.14453125,117856.0625
2705,27,MN,EITCs,33968128.0,0.022158177569508553,0.03737922012805939,0.006501442492515668,0.001956544355700171,56249.7265625,57524.36328125,714217.3125,11915.59765625,12378.2890625,117856.0625
2706,27,MN,CTCs,44527616.0,0.06624872237443924,0.19846782088279724,0.01190189818198415,0.0030235400950832116,24594.140625,26339.068359375,712958.625,4525.38671875,5645.919921875,139619.734375
2706,27,MN,CTCs and EITCs,66125824.0,0.06624872237443924,0.19846782088279724,0.025097064491237216,0.00417287412141903,24594.140625,26339.068359375,712958.625,4525.38671875,5645.919921875,139619.734375
2706,27,MN,EITCs,25382912.0,-0.0,-0.0,0.013470148184226262,0.001332449713699474,24594.140625,24594.140625,712958.625,4525.38671875,4525.38671875,139619.734375
2707,27,MN,CTCs,143036416.0,0.017833856865763664,0.026090649887919426,0.028512711290176723,0.019922080218251335,65028.3671875,66209.1328125,711506.25,27270.81640625,28001.390625,242184.25
2707,27,MN,CTCs and EITCs,166801408.0,0.01940552517771721,0.026090649887919426,0.037236138236124525,0.022133380744382442,65028.3671875,66315.25,711506.25,27270.81640625,28001.390625,242184.25
2707,27,MN,EITCs,33390592.0,0.0016291342908516526,-0.0,0.01172840426962323,0.0036097909309551358,65028.3671875,65134.48046875,711506.25,27270.81640625,27270.81640625,242184.25
2708,27,MN,CTCs,92590080.0,0.2829277813434601,0.7456167340278625,0.005772681850321604,0.006812623206148389,43383.7265625,60501.19921875,713569.0625,2917.15478515625,11467.55859375,157060.765625
2708,27,MN,CTCs and EITCs,132591616.0,0.28533995151519775,0.7460306286811829,0.013264412775921124,0.008384311691208467,43383.7265625,60705.40234375,713569.0625,2917.15478515625,11486.24609375,157060.765625
2708,27,MN,EITCs,45289472.0,0.0036457618698477745,-0.0,0.0054200686686368795,0.001966592660469877,43383.7265625,43542.47265625,713569.0625,2917.15478515625,2917.15478515625,157060.765625
2801,28,MS,CTCs,0.0,-0.0,-0.0,-0.0,-0.0,67325.5234375,67325.5234375,739781.6875,15357.65625,15357.65625,173557.328125
2801,28,MS,CTCs and EITCs,0.0,-0.0,-0.0,-0.0,-0.0,67325.5234375,67325.5234375,739781.6875,15357.65625,15357.65625,173557.328125
2801,28,MS,EITCs,0.0,-0.0,-0.0,-0.0,-0.0,67325.5234375,67325.5234375,739781.6875,15357.65625,15357.65625,173557.328125
2802,28,MS,CTCs,0.0,-0.0,-0.0,-0.0,-0.0,97107.96875,97107.96875,742575.125,31034.326171875,31034.326171875,205442.75
2802,28,MS,CTCs and EITCs,0.0,-0.0,-0.0,-0.0,-0.0,97107.96875,97107.96875,742575.125,31034.326171875,31034.326171875,205442.75
2802,28,MS,EITCs,0.0,-0.0,-0.0,-0.0,-0.0,97107.96875,97107.96875,742575.125,31034.326171875,31034.326171875,205442.75
2803,28,MS,CTCs,0.0,-0.0,-0.0,-0.0,-0.0,95956.21875,95956.21875,741028.5625,34393.34375,34393.34375,192595.6875
2803,28,MS,CTCs and EITCs,0.0,-0.0,-0.0,-0.0,-0.0,95956.21875,95956.21875,741028.5625,34393.34375,34393.34375,192595.6875
2803,28,MS,EITCs,0.0,-0.0,-0.0,-0.0,-0.0,95956.21875,95956.21875,741028.5625,34393.34375,34393.34375,192595.6875
2804,28,MS,CTCs,0.0,-0.0,-0.0,-0.0,-0.0,58521.47265625,58521.47265625,740213.8125,14062.2421875,14062.2421875,226085.03125
2804,28,MS,CTCs and EITCs,0.0,-0.0,-0.0,-0.0,-0.0,58521.47265625,58521.47265625,740213.8125,14062.2421875,14062.2421875,226085.03125
2804,28,MS,EITCs,0.0,-0.0,-0.0,-0.0,-0.0,58521.47265625,58521.47265625,740213.8125,14062.2421875,14062.2421875,226085.03125
2901,29,MO,CTCs,0.0,-0.0,-0.0,-0.0,-0.0,99217.90625,99217.90625,768318.375,25747.59765625,25747.59765625,152854.796875
2901,29,MO,CTCs and EITCs,10797056.0,-0.0,-0.0,0.00522207944883892,0.0005174059088328726,99217.90625,99217.90625,768318.375,25747.59765625,25747.59765625,152854.796875
2901,29,MO,EITCs,10797056.0,-0.0,-0.0,0.00522207944883892,0.0005174059088328726,99217.90625,99217.90625,768318.375,25747.59765625,25747.59765625,152854.796875
2902,29,MO,CTCs,0.0,-0.0,-0.0,-0.0,-0.0,59650.9921875,59650.9921875,768813.4375,18716.474609375,18716.474609375,212254.046875
2902,29,MO,CTCs and EITCs,5013504.0,0.0006835328531451523,0.0007261987775564194,5.194642094963349e-05,0.0005497595769474944,59650.9921875,59691.796875,768813.4375,18716.474609375,18730.076171875,212254.046875
2902,29,MO,EITCs,5013504.0,0.0006835328531451523,0.0007261987775564194,5.194642094963349e-05,0.0005497595769474944,59650.9921875,59691.796875,768813.4375,18716.474609375,18730.076171875,212254.046875
2903,29,MO,CTCs,0.0,-0.0,-0.0,-0.0,-0.0,60728.3984375,60728.3984375,768889.8125,30247.09765625,30247.09765625,227190.0625
2903,29,MO,CTCs and EITCs,5765120.0,-0.0,-0.0,0.00011420334133999643,0.0005511048033569026,60728.3984375,60728.3984375,768889.8125,30247.09765625,30247.09765625,227190.0625
2903,29,MO,EITCs,5765120.0,-0.0,-0.0,0.00011420334133999643,0.0005511048033569026,60728.3984375,60728.3984375,768889.8125,30247.09765625,30247.09765625,227190.0625
2904,29,MO,CTCs,0.0,-0.0,-0.0,-0.0,-0.0,85623.8671875,85623.8671875,766907.25,5430.68359375,5430.68359375,126412.328125
2904,29,MO,CTCs and EITCs,1650688.0,-0.0,-0.0,1.36177057283055e-05,0.00016379405498254194,85623.8671875,85623.8671875,766907.25,5430.68359375,5430.68359375,126412.328125
2904,29,MO,EITCs,1650688.0,-0.0,-0.0,1.36177057283055e-05,0.00016379405498254194,85623.8671875,85623.8671875,766907.25,5430.68359375,5430.68359375,126412.328125
2905,29,MO,CTCs,0.0,-0.0,-0.0,-0.0,-0.0,71074.28125,71074.28125,770764.25,24928.9375,24928.9375,161312.25
2905,29,MO,CTCs and EITCs,5537792.0,-0.0,-0.0,0.00016234643842661568,0.00035971346345668785,71074.28125,71074.28125,770764.25,24928.9375,24928.9375,161312.25
2905,29,MO,EITCs,5537792.0,-0.0,-0.0,0.00016234643842661568,0.00035971346345668785,71074.28125,71074.28125,770764.25,24928.9375,24928.9375,161312.25
2906,29,MO,CTCs,0.0,-0.0,-0.0,-0.0,-0.0,25470.4296875,25470.4296875,769507.8125,10686.4990234375,10686.4990234375,186773.890625
2906,29,MO,CTCs and EITCs,7147520.0,-0.0,-0.0,6.10581741646531e-05,0.001032809752598318,25470.4296875,25470.4296875,769507.8125,10686.4990234375,10686.4990234375,186773.890625
2906,29,MO,EITCs,7147520.0,-0.0,-0.0,6.10581741646531e-05,0.001032809752598318,25470.4296875,25470.4296875,769507.8125,10686.4990234375,10686.4990234375,186773.890625
2907,29,MO,CTCs,0.0,-0.0,-0.0,-0.0,-0.0,73642.2578125,73642.2578125,768269.375,16108.251953125,16108.251953125,159508.875
2907,29,MO,CTCs and EITCs,4392960.0,-0.0,-0.0,0.00020383316838773615,0.00037783352534629457,73642.2578125,73642.2578125,768269.375,16108.251953125,16108.251953125,159508.875
2907,29,MO,EITCs,4392960.0,-0.0,-0.0,0.00020383316838773615,0.00037783352534629457,73642.2578125,73642.2578125,768269.375,16108.251953125,16108.251953125,159508.875
2908,29,MO,CTCs,0.0,-0.0,-0.0,-0.0,-0.0,122842.3203125,122842.3203125,768780.8125,51371.60546875,51371.60546875,246529.9375
2908,29,MO,CTCs and EITCs,2902016.0,-0.0,-0.0,0.00016471253365005784,0.0003215903875578301,122842.3203125,122842.3203125,768780.8125,51371.60546875,51371.60546875,246529.9375
2908,29,MO,EITCs,2902016.0,-0.0,-0.0,0.00016471253365005784,0.0003215903875578301,122842.3203125,122842.3203125,768780.8125,51371.60546875,51371.60546875,246529.9375
3001,30,MT,CTCs,0.0,-0.0,-0.0,-0.0,-0.0,42783.6015625,42783.6015625,542008.625,6882.80078125,6882.80078125,121975.53125
3001,30,MT,CTCs and EITCs,10555392.0,-0.0,-0.0,0.0011398871856566682,0.0011592502055682162,42783.6015625,42783.6015625,542008.625,6882.80078125,6882.80078125,121975.53125
3001,30,MT,EITCs,10555392.0,-0.0,-0.0,0.0011398871856566682,0.0011592502055682162,42783.6015625,42783.6015625,542008.625,6882.80078125,6882.80078125,121975.53125
3002,30,MT,CTCs,0.0,-0.0,-0.0,-0.0,-0.0,25974.52734375,25974.52734375,541823.25,4966.203125,4966.203125,135045.046875
3002,30,MT,CTCs and EITCs,5609472.0,0.007065210025757551,0.021841498091816902,0.0023656037376207357,0.0007665243296212754,25974.52734375,26159.34765625,541823.25,4966.203125,5077.0947265625,135045.046875
3002,30,MT,EITCs,5609472.0,0.007065210025757551,0.021841498091816902,0.0023656037376207357,0.0007665243296212754,25974.52734375,26159.34765625,541823.25,4966.203125,5077.0947265625,135045.046875
3101,31,NE,CTCs,68849664.0,0.0013925902312621474,0.0005744417430832982,0.00842199286187029,0.005701732201294452,33624.1953125,33671.0859375,653459.9375,16315.7490234375,16325.1259765625,161368.15625
3101,31,NE,CTCs and EITCs,79970304.0,0.003152380231767893,0.002899252576753497,0.009950048579283584,0.006703126224495106,33624.1953125,33730.52734375,653459.9375,16315.7490234375,16363.189453125,161368.15625
3101,31,NE,EITCs,11120640.0,0.001764769316650927,0.0023275543935596943,0.0015523237922553897,0.0009977985013954007,33624.1953125,33683.640625,653459.9375,16315.7490234375,16353.8125,161368.15625
3102,31,NE,CTCs,42629120.0,0.0032436975743621588,0.0050122058019042015,0.009567361942306818,0.005125734313781766,75317.015625,75562.1171875,655707.625,32494.59765625,32658.287109375,203566.390625
3102,31,NE,CTCs and EITCs,50759680.0,0.0032436975743621588,0.0050122058019042015,0.019796813288279123,0.006216488096331895,75317.015625,75562.1171875,655707.625,32494.59765625,32658.287109375,203566.390625
3102,31,NE,EITCs,8132608.0,-0.0,-0.0,0.010312653746404363,0.0010924222342489972,75317.015625,75317.015625,655707.625,32494.59765625,32494.59765625,203566.390625
3103,31,NE,CTCs,34357248.0,0.0072232517413794994,0.015365318395197392,0.002517143470808063,0.0027664363959710686,22790.06640625,22955.8828125,654389.625,5312.9521484375,5395.861328125,162456.65625
3103,31,NE,CTCs and EITCs,45199360.0,0.009790818206965923,0.023444809019565582,0.003183559896324958,0.003533926921774972,22790.06640625,23015.40625,654389.625,5312.9521484375,5440.50390625,162456.65625
3103,31,NE,EITCs,10842112.0,-0.0,-0.0,0.0006478671533887523,0.0007654996960791781,22790.06640625,22790.06640625,654389.625,5312.9521484375,5312.9521484375,162456.65625
3201,32,NV,CTCs,0.0,-0.0,-0.0,-0.0,-0.0,118100.28125,118100.28125,774402.9375,21147.45703125,21147.45703125,211684.78125
3201,32,NV,CTCs and EITCs,0.0,-0.0,-0.0,-0.0,-0.0,118100.28125,118100.28125,774402.9375,21147.45703125,21147.45703125,211684.78125
3201,32,NV,EITCs,0.0,-0.0,-0.0,-0.0,-0.0,118100.28125,118100.28125,774402.9375,21147.45703125,21147.45703125,211684.78125
3202,32,NV,CTCs,0.0,-0.0,-0.0,-0.0,-0.0,84406.125,84406.125,777394.25,14816.4404296875,14816.4404296875,146232.40625
3202,32,NV,CTCs and EITCs,0.0,-0.0,-0.0,-0.0,-0.0,84406.125,84406.125,777394.25,14816.4404296875,14816.4404296875,146232.40625
3202,32,NV,EITCs,0.0,-0.0,-0.0,-0.0,-0.0,84406.125,84406.125,777394.25,14816.4404296875,14816.4404296875,146232.40625
3203,32,NV,CTCs,0.0,-0.0,-0.0,-0.0,-0.0,50399.96875,50399.96875,774436.625,9511.802734375,9511.802734375,147318.921875
3203,32,NV,CTCs and EITCs,0.0,-0.0,-0.0,-0.0,-0.0,50399.96875,50399.96875,774436.625,9511.802734375,9511.802734375,147318.921875
3203,32,NV,EITCs,0.0,-0.0,-0.0,-0.0,-0.0,50399.96875,50399.96875,774436.625,9511.802734375,9511.802734375,147318.921875
3204,32,NV,CTCs,0.0,-0.0,-0.0,-0.0,-0.0,107671.1015625,107671.1015625,778593.5,55298.3828125,55298.3828125,234514.296875
3204,32,NV,CTCs and EITCs,0.0,-0.0,-0.0,-0.0,-0.0,107671.1015625,107671.1015625,778593.5,55298.3828125,55298.3828125,234514.296875
3204,32,NV,EITCs,0.0,-0.0,-0.0,-0.0,-0.0,107671.1015625,107671.1015625,778593.5,55298.3828125,55298.3828125,234514.296875
3301,33,NH,CTCs,0.0,-0.0,-0.0,-0.0,-0.0,37737.734375,37737.734375,688529.9375,13758.4443359375,13758.4443359375,162162.515625
3301,33,NH,CTCs and EITCs,0.0,-0.0,-0.0,-0.0,-0.0,37737.734375,37737.734375,688529.9375,13758.4443359375,13758.4443359375,162162.515625
3301,33,NH,EITCs,0.0,-0.0,-0.0,-0.0,-0.0,37737.734375,37737.734375,688529.9375,13758.4443359375,13758.4443359375,162162.515625
3302,33,NH,CTCs,0.0,-0.0,-0.0,-0.0,-0.0,24980.1796875,24980.1796875,688853.25,7361.205078125,7361.205078125,113320.3359375
3302,33,NH,CTCs and EITCs,0.0,-0.0,-0.0,-0.0,-0.0,24980.1796875,24980.1796875,688853.25,7361.205078125,7361.205078125,113320.3359375
3302,33,NH,EITCs,0.0,-0.0,-0.0,-0.0,-0.0,24980.1796875,24980.1796875,688853.25,7361.205078125,7361.205078125,113320.3359375
3401,34,NJ,CTCs,32425984.0,0.006577422376722097,0.007805954664945602,0.06745318302901987,0.0038556911114883273,44300.453125,44593.765625,772596.875,22369.47265625,22545.4609375,120141.71875
3401,34,NJ,CTCs and EITCs,95721472.0,0.02888799086213112,0.028790419921278954,0.09631306241784476,0.010793562478844403,44300.453125,45618.2734375,772596.875,22369.47265625,23032.58984375,120141.71875
3401,34,NJ,EITCs,63293440.0,0.02888786979019642,0.028790419921278954,0.03298488070172039,0.006955268891597596,44300.453125,45618.26953125,772596.875,22369.47265625,23032.58984375,120141.71875
3402,34,NJ,CTCs,7628800.0,0.008419634774327278,0.013479151763021946,0.007731934064482127,0.000642524980503807,60057.484375,60567.44140625,778315.875,16559.513671875,16785.771484375,154544.453125
3402,34,NJ,CTCs and EITCs,48971776.0,0.03013933263719082,0.038122184574604034,0.038500644139828975,0.004479250193315229,60057.484375,61923.828125,778315.875,16559.513671875,17215.818359375,154544.453125
3402,34,NJ,EITCs,41345024.0,0.02964218333363533,0.03753040358424187,0.030710994859999705,0.003836797010952311,60057.484375,61892.1015625,778315.875,16559.513671875,17205.232421875,154544.453125
3403,34,NJ,CTCs,4423680.0,-0.0,-0.0,0.003298356840587086,0.0003932371166529772,21134.2109375,21134.2109375,778226.8125,3743.60107421875,3743.60107421875,187199.46875
3403,34,NJ,CTCs and EITCs,53194752.0,0.4197525084018707,0.66457200050354,0.06548840517403763,0.0056077044548355545,21134.2109375,36422.75390625,778226.8125,3743.60107421875,11160.6689453125,187199.46875
3403,34,NJ,EITCs,48769024.0,0.4158521592617035,0.6589990854263306,0.06251309969396694,0.005214159758865762,21134.2109375,36179.55859375,778226.8125,3743.60107421875,10978.2734375,187199.46875
3404,34,NJ,CTCs,18356224.0,0.0211124736815691,0.03716344013810158,0.008349801197841684,0.0023484516550109622,98355.4765625,100476.78125,772837.25,30045.87109375,31205.580078125,244573.90625
3404,34,NJ,CTCs and EITCs,51529728.0,0.05552646517753601,0.08834952861070633,0.013995624918179798,0.006002642307257773,98355.4765625,104137.875,772837.25,30045.87109375,32957.66796875,244573.90625
3404,34,NJ,EITCs,33173504.0,0.045410044491291046,0.07603874802589417,0.004895554086224257,0.003647019867915209,98355.4765625,103034.265625,772837.25,30045.87109375,32518.541015625,244573.90625
3405,34,NJ,CTCs,9207808.0,-0.0,-0.0,0.006421613125422858,0.0003927396277890924,25893.31640625,25893.31640625,774136.8125,6831.634765625,6831.634765625,144022.90625
3405,34,NJ,CTCs and EITCs,52932608.0,0.08358897268772125,0.15630479156970978,0.025048628990628957,0.0020374522952027823,25893.31640625,28255.134765625,774136.8125,6831.634765625,8097.2783203125,144022.90625
3405,34,NJ,EITCs,43724800.0,0.06899242103099823,0.13257695734500885,0.018016775685027624,0.0016467824840145403,25893.31640625,27812.14453125,774136.8125,6831.634765625,7875.7822265625,144022.90625
3406,34,NJ,CTCs,56680448.0,0.014952528290450573,0.021718483418226242,0.00819901981570542,0.003941735022482003,35982.79296875,36528.99609375,773204.4375,12348.9609375,12623.1162109375,230103.671875
3406,34,NJ,CTCs and EITCs,146214912.0,0.04143444076180458,0.0520121268928051,0.04076578055477614,0.009988753149481683,35982.79296875,37538.16796875,773204.4375,12348.9609375,13026.4970703125,230103.671875
3406,34,NJ,EITCs,89530368.0,0.04116523265838623,0.051551710814237595,0.03288885976921403,0.006062190552573953,35982.79296875,37527.62890625,773204.4375,12348.9609375,13020.173828125,230103.671875
3407,34,NJ,CTCs,15646720.0,0.003014654153957963,0.009085750207304955,0.0020316470301272563,0.0010011777426179533,84759.609375,85015.90625,774842.625,13976.1953125,14104.3447265625,187580.375
3407,34,NJ,CTCs and EITCs,40136704.0,0.007540446240454912,0.020824937149882317,0.020486848739257192,0.002902172421227808,84759.609375,85403.59375,774842.625,13976.1953125,14273.439453125,187580.375
3407,34,NJ,EITCs,24489984.0,0.006556911859661341,0.018887583166360855,0.01846258581418342,0.0018997608216807403,84759.609375,85319.0390625,774842.625,13976.1953125,14245.25390625,187580.375
3408,34,NJ,CTCs,34824192.0,0.04629967361688614,0.06580766290426254,0.021829224523386488,0.0013730099584030628,28112.759765625,29477.5625,772244.125,10343.138671875,11071.7451171875,177126.3125
3408,34,NJ,CTCs and EITCs,90247168.0,0.5249547362327576,0.6001898646354675,0.1905852151786449,0.003629295725288707,28112.759765625,59179.1171875,772244.125,10343.138671875,25870.12890625,177126.3125
3408,34,NJ,EITCs,55418880.0,0.516945481300354,0.5898913741111755,0.17326282026299894,0.0022560095258253783,28112.759765625,58197.8984375,772244.125,10343.138671875,25220.48828125,177126.3125
3409,34,NJ,CTCs,12128256.0,0.01688886247575283,0.020445842295885086,0.007504982777792565,0.0008178144560309255,31240.328125,31777.005859375,771414.875,9540.8818359375,9740.025390625,184593.71875
3409,34,NJ,CTCs and EITCs,55848960.0,0.06382519006729126,0.08052416145801544,0.032537014515958126,0.004239145846913083,31240.328125,33370.1875,771414.875,9540.8818359375,10376.435546875,184593.71875
3409,34,NJ,EITCs,43720704.0,0.058473724871873856,0.07203982770442963,0.02472917945262814,0.003422951345557839,31240.328125,33180.515625,771414.875,9540.8818359375,10281.564453125,184593.71875
3410,34,NJ,CTCs,42520576.0,0.011763835325837135,0.02141987346112728,0.01756074897573767,0.0025627486343683787,128592.0390625,130122.78125,773839.5,38929.15234375,39781.26171875,189871.296875
3410,34,NJ,CTCs and EITCs,149786624.0,0.029038509353995323,0.05470379814505577,0.062120791903287384,0.009188635589008655,128592.0390625,132437.828125,773839.5,38929.15234375,41181.9609375,189871.296875
3410,34,NJ,EITCs,107266048.0,0.017264697700738907,0.02795257233083248,0.04587894641143999,0.006633828717402786,128592.0390625,130851.140625,773839.5,38929.15234375,40048.61328125,189871.296875
3411,34,NJ,CTCs,18092032.0,0.6246936917304993,0.81121426820755,0.0036304120054917494,0.0015784143828864916,24841.466796875,66189.84375,773908.25,5747.615234375,30445.181640625,133808.921875
3411,34,NJ,CTCs and EITCs,46821376.0,0.6308687329292297,0.8147777318954468,0.05899848727469144,0.00399788464035172,24841.466796875,67297.109375,773908.25,5747.615234375,31030.90234375,133808.921875
3411,34,NJ,EITCs,28729344.0,0.6263701915740967,0.812042236328125,0.026588493878175797,0.0024189573423939437,24841.466796875,66486.84375,773908.25,5747.615234375,30579.298828125,133808.921875
3412,34,NJ,CTCs,23986176.0,0.016518695279955864,0.01391738560050726,0.017417690384292066,0.002125872247713049,96900.4609375,98528.015625,775543.75,28907.986328125,29315.98828125,149585.3125
3412,34,NJ,CTCs and EITCs,70635520.0,0.33220601081848145,0.4849851727485657,0.0464777778312794,0.006555117716839969,96900.4609375,145105.3125,775543.75,28907.986328125,56130.3984375,149585.3125
3412,34,NJ,EITCs,46649344.0,0.3275984525680542,0.47898203134536743,0.02976475611912896,0.004437902840889359,96900.4609375,144111.0,775543.75,28907.986328125,55483.6640625,149585.3125
3501,35,NM,CTCs,63920128.0,0.0027700839564204216,0.00357418367639184,0.033820870624515206,0.007150858250668931,95301.7578125,95566.4765625,705289.625,26554.431640625,26649.68359375,178060.03125
3501,35,NM,CTCs and EITCs,113213440.0,0.0043974099680781364,0.005517113953828812,0.045687543696972935,0.01243522209374011,95301.7578125,95722.6875,705289.625,26554.431640625,26701.75,178060.03125
3501,35,NM,EITCs,49291264.0,0.0027700839564204216,0.00357418367639184,0.012596534462566344,0.005271353448320426,95301.7578125,95566.4765625,705289.625,26554.431640625,26649.68359375,178060.03125
3502,35,NM,CTCs,62935040.0,0.005418275482952595,0.008721319027245045,0.07365440324226478,0.007738642088446692,96607.25,97133.546875,704607.3125,25824.6015625,26051.80859375,164098.546875
3502,35,NM,CTCs and EITCs,119717888.0,0.008493662811815739,0.01133060920983553,0.11511137927389088,0.014612044912200774,96607.25,97434.828125,704607.3125,25824.6015625,26120.564453125,164098.546875
3502,35,NM,EITCs,56782848.0,0.008493662811815739,0.01133060920983553,0.04790827890667327,0.00686806922920198,96607.25,97434.828125,704607.3125,25824.6015625,26120.564453125,164098.546875
3503,35,NM,CTCs,52031488.0,0.13967397809028625,0.18611446022987366,0.040710130798671564,0.004743412978965448,63619.6796875,73948.34375,704658.0,21439.49609375,26342.15234375,179716.875
3503,35,NM,CTCs and EITCs,86337536.0,0.2844995856285095,0.3163430094718933,0.05635687458786223,0.008076257122498664,63619.6796875,88916.34375,704658.0,21439.49609375,31360.01953125,179716.875
3503,35,NM,EITCs,34304000.0,0.0027800544630736113,0.0030396408401429653,0.012803529972205912,0.0033380081412171243,63619.6796875,63797.0390625,704658.0,21439.49609375,21504.86328125,179716.875
3601,36,NY,CTCs,18337792.0,0.005145376082509756,0.006032126490026712,0.025129786161803287,0.0013173905968368574,92731.859375,93211.46875,779047.375,47416.53515625,47704.296875,92897.375
3601,36,NY,CTCs and EITCs,75173888.0,0.021347466856241226,0.027656832709908485,0.07416582125272558,0.004654521156487215,92731.859375,94754.6328125,779047.375,47416.53515625,48765.23046875,92897.375
3601,36,NY,EITCs,56832000.0,0.0059339990839362144,0.006801980081945658,0.0509845444731433,0.0033423405548139266,92731.859375,93285.4140625,779047.375,47416.53515625,47741.26953125,92897.375
3602,36,NY,CTCs,31479808.0,0.011522753164172173,0.026421573013067245,0.021184281966337676,0.0011842663556023484,88225.625,89254.078125,776913.6875,24903.03125,25578.865234375,127172.921875
3602,36,NY,CTCs and EITCs,60309504.0,0.019728409126400948,0.03586598113179207,0.07710940877720573,0.0027787595202298206,88225.625,90001.203125,776913.6875,24903.03125,25829.427734375,127172.921875
3602,36,NY,EITCs,28827648.0,0.01635006070137024,0.030571799725294113,0.0578530227535618,0.0015945482971752149,88225.625,89692.09375,776913.6875,24903.03125,25688.37109375,127172.921875
3603,36,NY,CTCs,16093184.0,0.005205784924328327,0.004433376714587212,0.007283235055689313,0.0013615590754561557,34919.46875,35102.203125,779265.5,6839.08740234375,6869.54296875,139769.78125
3603,36,NY,CTCs and EITCs,43757568.0,0.04227669909596443,0.0878213420510292,0.026177026955034436,0.0036453835833738916,34919.46875,36460.9140625,779265.5,6839.08740234375,7497.53076171875,139769.78125
3603,36,NY,EITCs,27660288.0,0.017875881865620613,0.0362006314098835,0.018577277967703892,0.0022881436833687373,34919.46875,35555.046875,779265.5,6839.08740234375,7095.9658203125,139769.78125
3604,36,NY,CTCs,20987904.0,0.0007324862526729703,0.0014838011702522635,0.017960940054147216,0.000509917283643923,134093.921875,134192.21875,776046.5625,33074.62890625,33123.77734375,257702.953125
3604,36,NY,CTCs and EITCs,74612736.0,0.0021220308262854815,0.004315202124416828,0.056024952008275085,0.0017399780903720706,134093.921875,134379.078125,776046.5625,33074.62890625,33217.96875,257702.953125
3604,36,NY,EITCs,53633024.0,0.0006254379404708743,0.001290214597247541,0.03936140597195493,0.0012273272386064452,134093.921875,134177.84375,776046.5625,33074.62890625,33117.35546875,257702.953125
3605,36,NY,CTCs,12173312.0,0.004933082964271307,0.012373662553727627,0.006119070754143081,0.00040623259668722044,65194.80078125,65518.0078125,776972.75,8385.5087890625,8490.568359375,132670.0625
3605,36,NY,CTCs and EITCs,38600704.0,0.28143176436424255,0.6018635630607605,0.06054841831867345,0.001278675083942603,65194.80078125,90728.7578125,776972.75,8385.5087890625,21061.896484375,132670.0625
3605,36,NY,EITCs,26419200.0,0.273296058177948,0.5926934480667114,0.041927747279759925,0.0008695097068047813,65194.80078125,89713.015625,776972.75,8385.5087890625,20587.708984375,132670.0625
3606,36,NY,CTCs,41363456.0,0.007303842343389988,0.01710715889930725,0.006537414654967743,0.002998605342000205,241310.34375,243085.796875,773233.75,42928.08984375,43675.25,207009.53125
3606,36,NY,CTCs and EITCs,84668416.0,0.024471569806337357,0.061339281499385834,0.01671022437525592,0.0068455310748894585,241310.34375,247363.71875,773233.75,42928.08984375,45733.33984375,207009.53125
3606,36,NY,EITCs,43307008.0,0.016479499638080597,0.04175161197781563,0.009686357308632638,0.003827735698779411,241310.34375,245353.65625,773233.75,42928.08984375,44798.5,207009.53125
3607,36,NY,CTCs,37535744.0,0.0016672585625201464,0.0029193044174462557,0.0405627294565704,0.002521474998270863,204673.03125,205014.84375,777371.125,84738.1796875,84986.28125,241875.828125
3607,36,NY,CTCs and EITCs,115499008.0,0.012681856751441956,0.015824005007743835,0.13712134732529854,0.008040845195224007,204673.03125,207302.015625,777371.125,84738.1796875,86100.640625,241875.828125
3607,36,NY,EITCs,77959168.0,0.00537980766966939,0.0073998901061713696,0.10407080971144031,0.005527094370407113,204673.03125,205780.09375,777371.125,84738.1796875,85369.90625,241875.828125
3608,36,NY,CTCs,29052928.0,0.0050567504949867725,0.009267539717257023,0.03611127095598363,0.0021705745577477215,121906.734375,122526.328125,775609.5,35667.23046875,36000.8671875,211180.171875
3608,36,NY,CTCs and EITCs,81612800.0,0.03456614911556244,0.07004927843809128,0.1046083180357497,0.005916891580782678,121906.734375,126271.4609375,775609.5,35667.23046875,38353.890625,211180.171875
3608,36,NY,EITCs,52559872.0,0.03389357402920723,0.06844773888587952,0.07167243031438113,0.0037506038872959562,121906.734375,126183.546875,775609.5,35667.23046875,38287.953125,211180.171875
3609,36,NY,CTCs,37093376.0,0.011849303729832172,0.048329345881938934,0.005859259303162693,0.002448938972856987,142847.21875,144560.15625,778078.1875,21773.259765625,22878.986328125,187085.609375
3609,36,NY,CTCs and EITCs,117776384.0,0.03473707661032677,0.12698689103126526,0.019202736679853307,0.0077599801844577005,142847.21875,147987.890625,778078.1875,21773.259765625,24940.359375,187085.609375
3609,36,NY,EITCs,80683008.0,0.015289484523236752,0.05830981954932213,0.012920449237747824,0.005286656779261052,142847.21875,145065.1875,778078.1875,21773.259765625,23121.46875,187085.609375
3610,36,NY,CTCs,68065280.0,0.012070606462657452,0.024862365797162056,0.013937127098833997,0.0037952861112756668,139204.609375,140905.421875,775674.25,41019.7734375,42065.625,271340.96875
3610,36,NY,CTCs and EITCs,114132992.0,0.016204573214054108,0.0316166989505291,0.025324809931621714,0.006668735346870226,139204.609375,141497.515625,775674.25,41019.7734375,42359.02734375,271340.96875
3610,36,NY,EITCs,46069760.0,0.013927941210567951,0.027928784489631653,0.011438258918682479,0.0029041345056364577,139204.609375,141170.828125,775674.25,41019.7734375,42198.32421875,271340.96875
3611,36,NY,CTCs,31395840.0,0.010274090804159641,0.012653307989239693,0.006652659881905079,0.0013144463770394545,58720.34375,59329.90234375,778586.5,13479.537109375,13652.283203125,210663.71875
3611,36,NY,CTCs and EITCs,67145728.0,0.04690916836261749,0.09411247819662094,0.02147310481298271,0.0029856484436296712,58720.34375,61610.4375,778586.5,13479.537109375,14879.923828125,210663.71875
3611,36,NY,EITCs,35749888.0,0.04108714684844017,0.07812680304050446,0.0138736077200998,0.0016703641039258308,58720.34375,61236.37109375,778586.5,13479.537109375,14621.8994140625,210663.71875
3612,36,NY,CTCs,29868032.0,-0.0,-0.0,0.008833012358674421,0.0014380067894060819,383990.0625,383990.0625,773495.4375,96634.859375,96634.859375,178490.390625
3612,36,NY,CTCs and EITCs,82468864.0,-0.0,-0.0,0.024191412034207636,0.004295750740721284,383990.0625,383990.0625,773495.4375,96634.859375,96634.859375,178490.390625
3612,36,NY,EITCs,52604928.0,-0.0,-0.0,0.01563120064090659,0.00285916042722315,383990.0625,383990.0625,773495.4375,96634.859375,96634.859375,178490.390625
3613,36,NY,CTCs,32288768.0,0.002757372334599495,0.004503385629504919,0.010822161402626273,0.002175981437489655,343797.1875,344747.78125,776909.0,77137.8671875,77486.8203125,154951.640625
3613,36,NY,CTCs and EITCs,72048640.0,0.01663493923842907,0.03321852162480354,0.020656430357524968,0.004482838284644277,343797.1875,349612.96875,776909.0,77137.8671875,79788.3125,154951.640625
3613,36,NY,EITCs,39757824.0,0.0067141614854335785,0.012482809834182262,0.009649389438534411,0.0023007539413676544,343797.1875,346121.09375,776909.0,77137.8671875,78112.9375,154951.640625
3614,36,NY,CTCs,38907904.0,0.0013978158822283149,0.0026102950796484947,0.008866687056113017,0.0027509303570678345,232373.5625,232698.84375,779756.6875,56038.65234375,56185.3125,172512.84375
3614,36,NY,CTCs and EITCs,84842496.0,0.018793819472193718,0.03916704282164574,0.020139368149899126,0.006886056556123711,232373.5625,236824.390625,779756.6875,56038.65234375,58322.9921875,172512.84375
3614,36,NY,EITCs,45932544.0,0.01393850427120924,0.028017917647957802,0.011167272018636733,0.0041315561864472645,232373.5625,235658.28125,779756.6875,56038.65234375,57653.99609375,172512.84375
3615,36,NY,CTCs,38504448.0,0.0013183546252548695,0.004470346495509148,0.004383182798937016,0.0014323629800846271,239231.6875,239547.5,778030.625,35167.36328125,35325.27734375,180022.75
3615,36,NY,CTCs and EITCs,90271744.0,0.017214259132742882,0.05180734768509865,0.018725400976641444,0.005450900975796761,239231.6875,243422.015625,778030.625,35167.36328125,37088.8359375,180022.75
3615,36,NY,EITCs,51765248.0,0.014513741247355938,0.043403174728155136,0.014204059463500283,0.0038867075477443625,239231.6875,242754.984375,778030.625,35167.36328125,36762.9921875,180022.75
3616,36,NY,CTCs,12443648.0,0.0015044076135382056,0.004933308344334364,0.007604631544026082,0.0007365468065869881,114710.1640625,114882.984375,777169.75,21987.47265625,22096.48046875,146643.421875
3616,36,NY,CTCs and EITCs,30781440.0,0.014469947665929794,0.03009987436234951,0.030083949224610607,0.0018781580479432336,114710.1640625,116394.375,777169.75,21987.47265625,22669.83203125,146643.421875
3616,36,NY,EITCs,18337792.0,0.0010744344908744097,0.004190593026578426,0.02256469007852797,0.0011407899997300812,114710.1640625,114833.5390625,777169.75,21987.47265625,22080.0,146643.421875
3617,36,NY,CTCs,27701248.0,0.030050186440348625,0.06662916392087936,0.010268541530461237,0.002837856681927847,67832.484375,69934.015625,777820.5,20061.7265625,21493.84375,217914.328125
3617,36,NY,CTCs and EITCs,40456192.0,0.042650576680898666,0.08523508906364441,0.028630400643915307,0.003872952525417742,67832.484375,70854.46875,777820.5,20061.7265625,21931.01953125,217914.328125
3617,36,NY,EITCs,12759040.0,0.028210094198584557,0.055313896387815475,0.01828385140214373,0.001041857053616264,67832.484375,69801.59375,777820.5,20061.7265625,21236.39453125,217914.328125
3618,36,NY,CTCs,31174656.0,0.0010419866302981973,0.006531286519020796,0.0019984152929104285,0.002134947983121756,193029.75,193231.09375,776773.875,11535.615234375,11611.453125,168967.4375
3618,36,NY,CTCs and EITCs,60547072.0,0.0038852631114423275,0.02542193979024887,0.01087733648106697,0.004931940649152617,193029.75,193782.640625,776773.875,11535.615234375,11836.5224609375,168967.4375
3618,36,NY,EITCs,29370368.0,0.001618024311028421,0.007511674426496029,0.008898165372229476,0.0027692295540386906,193029.75,193342.578125,776773.875,11535.615234375,11622.9228515625,168967.4375
3619,36,NY,CTCs,24209408.0,0.0019011344993487,0.011778713203966618,0.005182040806239797,0.0022962003838503265,113959.015625,114176.078125,779563.5,13605.8828125,13768.052734375,151922.453125
3619,36,NY,CTCs and EITCs,69359616.0,0.007165580987930298,0.025751806795597076,0.023637903570180176,0.007255017017910523,113959.015625,114781.484375,779563.5,13605.8828125,13965.5205078125,151922.453125
3619,36,NY,EITCs,45144064.0,0.006894816178828478,0.024440597742795944,0.01851534628833342,0.004961418221571309,113959.015625,114750.1953125,779563.5,13605.8828125,13946.75,151922.453125
3620,36,NY,CTCs,13144064.0,0.0831104964017868,0.1986447125673294,0.0031568147861269816,0.001302076624771467,13247.580078125,14448.39453125,775959.25,2115.1171875,2639.425048828125,145964.84375
3620,36,NY,CTCs and EITCs,27021312.0,0.10193001478910446,0.22787919640541077,0.011031153554349951,0.0026814067005787763,13247.580078125,14751.16796875,775959.25,2115.1171875,2739.3603515625,145964.84375
3620,36,NY,EITCs,13881344.0,0.10193001478910446,0.22787919640541077,0.00693851410730081,0.0013806118402723106,13247.580078125,14751.16796875,775959.25,2115.1171875,2739.3603515625,145964.84375
3621,36,NY,CTCs,51060736.0,0.00032019196078181267,0.0013898363104090095,0.008816558561045549,0.0029169964049498127,41647.55859375,41660.8984375,777418.6875,5750.63427734375,5758.6376953125,208982.09375
3621,36,NY,CTCs and EITCs,137723904.0,0.008265035226941109,0.030795516446232796,0.050083627625359825,0.00840853429542063,41647.55859375,41994.64453125,777418.6875,5750.63427734375,5933.35498046875,208982.09375
3621,36,NY,EITCs,86667264.0,0.008265035226941109,0.030795516446232796,0.041576289843009706,0.005476776314035349,41647.55859375,41994.64453125,777418.6875,5750.63427734375,5933.35498046875,208982.09375
3622,36,NY,CTCs,46327808.0,0.005433039739727974,0.00809667631983757,0.013170794882076725,0.003062433787179965,95505.3046875,96027.0234375,778544.9375,25059.4140625,25263.96875,207989.3125
3622,36,NY,CTCs and EITCs,101738496.0,0.012634790502488613,0.021342352032661438,0.05664350797001072,0.009911619623511411,95505.3046875,96727.4375,778544.9375,25059.4140625,25605.904296875,207989.3125
3622,36,NY,EITCs,55408640.0,0.010548773221671581,0.018471024930477142,0.04441562854642535,0.006840823704851663,95505.3046875,96523.5078125,778544.9375,25059.4140625,25530.998046875,207989.3125
3623,36,NY,CTCs,31881216.0,0.0005614350084215403,0.0009432280785404146,0.007783983005853306,0.002436191257116699,51939.125,51968.3046875,776685.25,19371.958984375,19390.248046875,174791.03125
3623,36,NY,CTCs and EITCs,53141504.0,0.0035291356034576893,0.005126704927533865,0.023003917439439487,0.004958841972767621,51939.125,52123.078125,776685.25,19371.958984375,19471.78515625,174791.03125
3623,36,NY,EITCs,21258240.0,0.00013490438868757337,0.0001809390087146312,0.015426252936509269,0.0025206637472704615,51939.125,51946.1328125,776685.25,19371.958984375,19375.46484375,174791.03125
3624,36,NY,CTCs,28057600.0,-0.0,-0.0,0.0017686555353200316,0.0025659913224601837,15514.7919921875,15514.7919921875,777074.6875,3056.864990234375,3056.864990234375,150510.609375
3624,36,NY,CTCs and EITCs,60264448.0,0.0051010181196033955,0.010743724182248116,0.005700889602993003,0.005253939350223494,15514.7919921875,15594.337890625,777074.6875,3056.864990234375,3090.06396484375,150510.609375
3624,36,NY,EITCs,32210944.0,0.0051010181196033955,0.010743724182248116,0.003914672980710906,0.0026720975994138202,15514.7919921875,15594.337890625,777074.6875,3056.864990234375,3090.06396484375,150510.609375
3625,36,NY,CTCs,24408064.0,0.0003362287243362516,0.0004861184861510992,0.017364381572431337,0.0020610799432741354,125497.1328125,125539.34375,777562.625,43404.48046875,43425.5859375,157477.421875
3625,36,NY,CTCs and EITCs,56856576.0,0.0003362287243362516,0.0004861184861510992,0.06533675157574041,0.005113930840661942,125497.1328125,125539.34375,777562.625,43404.48046875,43425.5859375,157477.421875
3625,36,NY,EITCs,32440320.0,0.00024552555987611413,0.00035485473927110434,0.049627181440804864,0.003057148656916829,125497.1328125,125527.9453125,777562.625,43404.48046875,43419.88671875,157477.421875
3626,36,NY,CTCs,42512384.0,0.006232080049812794,0.00747400987893343,0.020752959924776444,0.003374663959855177,57283.87109375,57643.109375,776361.0,23852.49609375,24032.11328125,204044.765625
3626,36,NY,CTCs and EITCs,101906432.0,0.467113733291626,0.41322559118270874,0.1031818094899808,0.009953678614035856,57283.87109375,107497.3671875,776361.0,23852.49609375,40650.19921875,204044.765625
3626,36,NY,EITCs,59394048.0,0.467113733291626,0.41322559118270874,0.07676271713635888,0.006586232790799615,57283.87109375,107497.3671875,776361.0,23852.49609375,40650.19921875,204044.765625
3701,37,NC,CTCs,0.0,-0.0,-0.0,-0.0,-0.0,23664.62109375,23664.62109375,744935.9375,5501.8662109375,5501.8662109375,182689.0625
3701,37,NC,CTCs and EITCs,0.0,-0.0,-0.0,-0.0,-0.0,23664.62109375,23664.62109375,744935.9375,5501.8662109375,5501.8662109375,182689.0625
3701,37,NC,EITCs,0.0,-0.0,-0.0,-0.0,-0.0,23664.62109375,23664.62109375,744935.9375,5501.8662109375,5501.8662109375,182689.0625
3702,37,NC,CTCs,0.0,-0.0,-0.0,-0.0,-0.0,50514.234375,50514.234375,746515.1875,15670.89453125,15670.89453125,175383.5625
3702,37,NC,CTCs and EITCs,0.0,-0.0,-0.0,-0.0,-0.0,50514.234375,50514.234375,746515.1875,15670.89453125,15670.89453125,175383.5625
3702,37,NC,EITCs,0.0,-0.0,-0.0,-0.0,-0.0,50514.234375,50514.234375,746515.1875,15670.89453125,15670.89453125,175383.5625
3703,37,NC,CTCs,0.0,-0.0,-0.0,-0.0,-0.0,24279.337890625,24279.337890625,746494.375,3640.0146484375,3640.0146484375,123333.546875
3703,37,NC,CTCs and EITCs,0.0,-0.0,-0.0,-0.0,-0.0,24279.337890625,24279.337890625,746494.375,3640.0146484375,3640.0146484375,123333.546875
3703,37,NC,EITCs,0.0,-0.0,-0.0,-0.0,-0.0,24279.337890625,24279.337890625,746494.375,3640.0146484375,3640.0146484375,123333.546875
3704,37,NC,CTCs,0.0,-0.0,-0.0,-0.0,-0.0,58887.0,58887.0,747298.1875,6952.630859375,6952.630859375,150773.21875
3704,37,NC,CTCs and EITCs,0.0,-0.0,-0.0,-0.0,-0.0,58887.0,58887.0,747298.1875,6952.630859375,6952.630859375,150773.21875
3704,37,NC,EITCs,0.0,-0.0,-0.0,-0.0,-0.0,58887.0,58887.0,747298.1875,6952.630859375,6952.630859375,150773.21875
3705,37,NC,CTCs,0.0,-0.0,-0.0,-0.0,-0.0,40344.30859375,40344.30859375,746824.125,13931.521484375,13931.521484375,212182.09375
3705,37,NC,CTCs and EITCs,0.0,-0.0,-0.0,-0.0,-0.0,40344.30859375,40344.30859375,746824.125,13931.521484375,13931.521484375,212182.09375
3705,37,NC,EITCs,0.0,-0.0,-0.0,-0.0,-0.0,40344.30859375,40344.30859375,746824.125,13931.521484375,13931.521484375,212182.09375
3706,37,NC,CTCs,0.0,-0.0,-0.0,-0.0,-0.0,83726.5,83726.5,745031.0,39151.953125,39151.953125,233960.53125
3706,37,NC,CTCs and EITCs,0.0,-0.0,-0.0,-0.0,-0.0,83726.5,83726.5,745031.0,39151.953125,39151.953125,233960.53125
3706,37,NC,EITCs,0.0,-0.0,-0.0,-0.0,-0.0,83726.5,83726.5,745031.0,39151.953125,39151.953125,233960.53125
3707,37,NC,CTCs,0.0,-0.0,-0.0,-0.0,-0.0,24108.28515625,24108.28515625,745408.3125,6387.8662109375,6387.8662109375,205378.875
3707,37,NC,CTCs and EITCs,0.0,-0.0,-0.0,-0.0,-0.0,24108.28515625,24108.28515625,745408.3125,6387.8662109375,6387.8662109375,205378.875
3707,37,NC,EITCs,0.0,-0.0,-0.0,-0.0,-0.0,24108.28515625,24108.28515625,745408.3125,6387.8662109375,6387.8662109375,205378.875
3708,37,NC,CTCs,0.0,-0.0,-0.0,-0.0,-0.0,20567.234375,20567.234375,744954.5,5379.6162109375,5379.6162109375,166033.46875
3708,37,NC,CTCs and EITCs,0.0,-0.0,-0.0,-0.0,-0.0,20567.234375,20567.234375,744954.5,5379.6162109375,5379.6162109375,166033.46875
3708,37,NC,EITCs,0.0,-0.0,-0.0,-0.0,-0.0,20567.234375,20567.234375,744954.5,5379.6162109375,5379.6162109375,166033.46875
3709,37,NC,CTCs,0.0,-0.0,-0.0,-0.0,-0.0,36303.04296875,36303.04296875,746357.125,8032.08837890625,8032.08837890625,248238.75
3709,37,NC,CTCs and EITCs,0.0,-0.0,-0.0,-0.0,-0.0,36303.04296875,36303.04296875,746357.125,8032.08837890625,8032.08837890625,248238.75
3709,37,NC,EITCs,0.0,-0.0,-0.0,-0.0,-0.0,36303.04296875,36303.04296875,746357.125,8032.08837890625,8032.08837890625,248238.75
3710,37,NC,CTCs,0.0,-0.0,-0.0,-0.0,-0.0,34741.703125,34741.703125,745274.875,10450.2490234375,10450.2490234375,134723.28125
3710,37,NC,CTCs and EITCs,0.0,-0.0,-0.0,-0.0,-0.0,34741.703125,34741.703125,745274.875,10450.2490234375,10450.2490234375,134723.28125
3710,37,NC,EITCs,0.0,-0.0,-0.0,-0.0,-0.0,34741.703125,34741.703125,745274.875,10450.2490234375,10450.2490234375,134723.28125
3711,37,NC,CTCs,0.0,-0.0,-0.0,-0.0,-0.0,44080.015625,44080.015625,746752.5,18245.23828125,18245.23828125,177739.296875
3711,37,NC,CTCs and EITCs,0.0,-0.0,-0.0,-0.0,-0.0,44080.015625,44080.015625,746752.5,18245.23828125,18245.23828125,177739.296875
3711,37,NC,EITCs,0.0,-0.0,-0.0,-0.0,-0.0,44080.015625,44080.015625,746752.5,18245.23828125,18245.23828125,177739.296875
3712,37,NC,CTCs,0.0,-0.0,-0.0,-0.0,-0.0,55549.6796875,55549.6796875,744828.125,23753.931640625,23753.931640625,188231.90625
3712,37,NC,CTCs and EITCs,0.0,-0.0,-0.0,-0.0,-0.0,55549.6796875,55549.6796875,744828.125,23753.931640625,23753.931640625,188231.90625
3712,37,NC,EITCs,0.0,-0.0,-0.0,-0.0,-0.0,55549.6796875,55549.6796875,744828.125,23753.931640625,23753.931640625,188231.90625
3713,37,NC,CTCs,0.0,-0.0,-0.0,-0.0,-0.0,73830.84375,73830.84375,744948.125,21750.810546875,21750.810546875,149252.53125
3713,37,NC,CTCs and EITCs,0.0,-0.0,-0.0,-0.0,-0.0,73830.84375,73830.84375,744948.125,21750.810546875,21750.810546875,149252.53125
3713,37,NC,EITCs,0.0,-0.0,-0.0,-0.0,-0.0,73830.84375,73830.84375,744948.125,21750.810546875,21750.810546875,149252.53125
3714,37,NC,CTCs,0.0,-0.0,-0.0,-0.0,-0.0,171786.8125,171786.8125,747790.875,75301.3203125,75301.3203125,189326.234375
3714,37,NC,CTCs and EITCs,0.0,-0.0,-0.0,-0.0,-0.0,171786.8125,171786.8125,747790.875,75301.3203125,75301.3203125,189326.234375
3714,37,NC,EITCs,0.0,-0.0,-0.0,-0.0,-0.0,171786.8125,171786.8125,747790.875,75301.3203125,75301.3203125,189326.234375
3800,38,ND,CTCs,0.0,-0.0,-0.0,-0.0,-0.0,52310.98828125,52310.98828125,778163.0625,20555.95703125,20555.95703125,200843.03125
3800,38,ND,CTCs and EITCs,0.0,-0.0,-0.0,-0.0,-0.0,52310.98828125,52310.98828125,778163.0625,20555.95703125,20555.95703125,200843.03125
3800,38,ND,EITCs,0.0,-0.0,-0.0,-0.0,-0.0,52310.98828125,52310.98828125,778163.0625,20555.95703125,20555.95703125,200843.03125
3901,39,OH,CTCs,0.0,-0.0,-0.0,-0.0,-0.0,31679.8515625,31679.8515625,787039.875,11386.4140625,11386.4140625,176435.5625
3901,39,OH,CTCs and EITCs,1781760.0,-0.0,-0.0,2.8779459701648303e-05,0.00018609595177273438,31679.8515625,31679.8515625,787039.875,11386.4140625,11386.4140625,176435.5625
3901,39,OH,EITCs,1781760.0,-0.0,-0.0,2.8779459701648303e-05,0.00018609595177273438,31679.8515625,31679.8515625,787039.875,11386.4140625,11386.4140625,176435.5625
3902,39,OH,CTCs,0.0,-0.0,-0.0,-0.0,-0.0,92023.9375,92023.9375,785237.625,59627.03515625,59627.03515625,207372.3125
3902,39,OH,CTCs and EITCs,2191360.0,-0.0,-0.0,0.00035066490211697735,0.00017052551647712787,92023.9375,92023.9375,785237.625,59627.03515625,59627.03515625,207372.3125
3902,39,OH,EITCs,2191360.0,-0.0,-0.0,0.00035066490211697735,0.00017052551647712787,92023.9375,92023.9375,785237.625,59627.03515625,59627.03515625,207372.3125
3903,39,OH,CTCs,0.0,-0.0,-0.0,-0.0,-0.0,46088.48828125,46088.48828125,788595.9375,11806.0859375,11806.0859375,148217.578125
3903,39,OH,CTCs and EITCs,4804608.0,0.01588139869272709,0.030537191778421402,0.00037553442315578717,0.0004432785321240827,46088.48828125,46832.25,788595.9375,11806.0859375,12177.966796875,148217.578125
3903,39,OH,EITCs,4804608.0,0.01588139869272709,0.030537191778421402,0.00037553442315578717,0.0004432785321240827,46088.48828125,46832.25,788595.9375,11806.0859375,12177.966796875,148217.578125
3904,39,OH,CTCs,0.0,-0.0,-0.0,-0.0,-0.0,14730.96875,14730.96875,784258.9375,4750.0712890625,4750.0712890625,173634.90625
3904,39,OH,CTCs and EITCs,1855488.0,-0.0,-0.0,0.00044698914463806776,0.00021590826286500928,14730.96875,14730.96875,784258.9375,4750.0712890625,4750.0712890625,173634.90625
3904,39,OH,EITCs,1855488.0,-0.0,-0.0,0.00044698914463806776,0.00021590826286500928,14730.96875,14730.96875,784258.9375,4750.0712890625,4750.0712890625,173634.90625
3905,39,OH,CTCs,0.0,-0.0,-0.0,-0.0,-0.0,31015.443359375,31015.443359375,787305.375,3566.062744140625,3566.062744140625,233235.3125
3905,39,OH,CTCs and EITCs,1605632.0,-0.0,-0.0,9.729610977084107e-05,0.0002508663831184157,31015.443359375,31015.443359375,787305.375,3566.062744140625,3566.062744140625,233235.3125
3905,39,OH,EITCs,1605632.0,-0.0,-0.0,9.729610977084107e-05,0.0002508663831184157,31015.443359375,31015.443359375,787305.375,3566.062744140625,3566.062744140625,233235.3125
3906,39,OH,CTCs,0.0,-0.0,-0.0,-0.0,-0.0,78880.53125,78880.53125,785084.9375,12402.564453125,12402.564453125,230822.546875
3906,39,OH,CTCs and EITCs,9316352.0,-0.0,-0.0,0.00014855507781211304,0.0005624742101675895,78880.53125,78880.53125,785084.9375,12402.564453125,12402.564453125,230822.546875
3906,39,OH,EITCs,9316352.0,-0.0,-0.0,0.00014855507781211304,0.0005624742101675895,78880.53125,78880.53125,785084.9375,12402.564453125,12402.564453125,230822.546875
3907,39,OH,CTCs,0.0,-0.0,-0.0,-0.0,-0.0,16837.181640625,16837.181640625,787259.75,6150.63330078125,6150.63330078125,201504.078125
3907,39,OH,CTCs and EITCs,2586624.0,-0.0,-0.0,6.381393211503528e-05,0.0002233631719159149,16837.181640625,16837.181640625,787259.75,6150.63330078125,6150.63330078125,201504.078125
3907,39,OH,EITCs,2586624.0,-0.0,-0.0,6.381393211503528e-05,0.0002233631719159149,16837.181640625,16837.181640625,787259.75,6150.63330078125,6150.63330078125,201504.078125
3908,39,OH,CTCs,0.0,-0.0,-0.0,-0.0,-0.0,15509.751953125,15509.751953125,785179.75,5318.830078125,5318.830078125,213575.625
3908,39,OH,CTCs and EITCs,3932160.0,-0.0,-0.0,0.0002604855738777748,5.5570200037182746e-05,15509.751953125,15509.751953125,785179.75,5318.830078125,5318.830078125,213575.625
3908,39,OH,EITCs,3932160.0,-0.0,-0.0,0.0002604855738777748,5.5570200037182746e-05,15509.751953125,15509.751953125,785179.75,5318.830078125,5318.830078125,213575.625
3909,39,OH,CTCs,0.0,-0.0,-0.0,-0.0,-0.0,57232.6796875,57232.6796875,785678.5625,11856.271484375,11856.271484375,203809.28125
3909,39,OH,CTCs and EITCs,19417088.0,-0.0,-0.0,6.180551015583352e-05,0.0010067821430261256,57232.6796875,57232.6796875,785678.5625,11856.271484375,11856.271484375,203809.28125
3909,39,OH,EITCs,19417088.0,-0.0,-0.0,6.180551015583352e-05,0.0010067821430261256,57232.6796875,57232.6796875,785678.5625,11856.271484375,11856.271484375,203809.28125
3910,39,OH,CTCs,0.0,-0.0,-0.0,-0.0,-0.0,114545.265625,114545.265625,786221.5,24939.185546875,24939.185546875,157357.21875
3910,39,OH,CTCs and EITCs,8069120.0,0.0022805258631706238,0.005221685394644737,4.6114188996468364e-05,0.000651549288992192,114545.265625,114807.078125,786221.5,24939.185546875,25070.09375,157357.21875
3910,39,OH,EITCs,8069120.0,0.0022805258631706238,0.005221685394644737,4.6114188996468364e-05,0.000651549288992192,114545.265625,114807.078125,786221.5,24939.185546875,25070.09375,157357.21875
3911,39,OH,CTCs,0.0,-0.0,-0.0,-0.0,-0.0,39213.2734375,39213.2734375,788762.25,12654.875,12654.875,149733.859375
3911,39,OH,CTCs and EITCs,4538368.0,-0.0,-0.0,-0.0,0.00039036625955376965,39213.2734375,39213.2734375,788762.25,12654.875,12654.875,149733.859375
3911,39,OH,EITCs,4538368.0,-0.0,-0.0,-0.0,0.00039036625955376965,39213.2734375,39213.2734375,788762.25,12654.875,12654.875,149733.859375
3912,39,OH,CTCs,0.0,-0.0,-0.0,-0.0,-0.0,24375.828125,24375.828125,790391.75,8233.521484375,8233.521484375,187027.1875
3912,39,OH,CTCs and EITCs,3579904.0,-0.0,-0.0,-0.0,0.0005057687742524448,24375.828125,24375.828125,790391.75,8233.521484375,8233.521484375,187027.1875
3912,39,OH,EITCs,3579904.0,-0.0,-0.0,-0.0,0.0005057687742524448,24375.828125,24375.828125,790391.75,8233.521484375,8233.521484375,187027.1875
3913,39,OH,CTCs,0.0,-0.0,-0.0,-0.0,-0.0,36524.26171875,36524.26171875,788028.5,11357.775390625,11357.775390625,126666.4375
3913,39,OH,CTCs and EITCs,5810176.0,-0.0,-0.0,7.717583968781234e-05,0.0006144049410664932,36524.26171875,36524.26171875,788028.5,11357.775390625,11357.775390625,126666.4375
3913,39,OH,EITCs,5810176.0,-0.0,-0.0,7.717583968781234e-05,0.0006144049410664932,36524.26171875,36524.26171875,788028.5,11357.775390625,11357.775390625,126666.4375
3914,39,OH,CTCs,0.0,-0.0,-0.0,-0.0,-0.0,111417.4921875,111417.4921875,786695.4375,24719.322265625,24719.322265625,167438.96875
3914,39,OH,CTCs and EITCs,5793792.0,-0.0,-0.0,-0.0,0.0003062281545926471,111417.4921875,111417.4921875,786695.4375,24719.322265625,24719.322265625,167438.96875
3914,39,OH,EITCs,5793792.0,-0.0,-0.0,-0.0,0.0003062281545926471,111417.4921875,111417.4921875,786695.4375,24719.322265625,24719.322265625,167438.96875
3915,39,OH,CTCs,0.0,-0.0,-0.0,-0.0,-0.0,44289.5390625,44289.5390625,786265.0,23398.3984375,23398.3984375,173465.953125
3915,39,OH,CTCs and EITCs,16097280.0,0.005192690994590521,0.004915866535156965,0.0008953668801823725,0.0011157212826375306,44289.5390625,44520.72265625,786265.0,23398.3984375,23513.9921875,173465.953125
3915,39,OH,EITCs,16097280.0,0.005192690994590521,0.004915866535156965,0.0008953668801823725,0.0011157212826375306,44289.5390625,44520.72265625,786265.0,23398.3984375,23513.9921875,173465.953125
4001,40,OK,CTCs,0.0,-0.0,-0.0,-0.0,-0.0,69395.0234375,69395.0234375,791910.75,17743.455078125,17743.455078125,177353.265625
4001,40,OK,CTCs and EITCs,6230016.0,-0.0,-0.0,0.004168857475538878,0.0007270098997029197,69395.0234375,69395.0234375,791910.75,17743.455078125,17743.455078125,177353.265625
4001,40,OK,EITCs,6230016.0,-0.0,-0.0,0.004168857475538878,0.0007270098997029197,69395.0234375,69395.0234375,791910.75,17743.455078125,17743.455078125,177353.265625
4002,40,OK,CTCs,0.0,-0.0,-0.0,-0.0,-0.0,135398.625,135398.625,791981.25,20141.365234375,20141.365234375,236503.546875
4002,40,OK,CTCs and EITCs,8353792.0,0.0016966632101684809,0.005679524037986994,0.0014928661780061242,0.0006554461568177734,135398.625,135628.734375,791981.25,20141.365234375,20256.412109375,236503.546875
4002,40,OK,EITCs,8353792.0,0.0016966632101684809,0.005679524037986994,0.0014928661780061242,0.0006554461568177734,135398.625,135628.734375,791981.25,20141.365234375,20256.412109375,236503.546875
4003,40,OK,CTCs,0.0,-0.0,-0.0,-0.0,-0.0,97134.609375,97134.609375,793310.5,39102.03125,39102.03125,211058.890625
4003,40,OK,CTCs and EITCs,11046912.0,-0.0,-0.0,0.0029276723753576036,0.0011828632268789834,97134.609375,97134.609375,793310.5,39102.03125,39102.03125,211058.890625
4003,40,OK,EITCs,11046912.0,-0.0,-0.0,0.0029276723753576036,0.0011828632268789834,97134.609375,97134.609375,793310.5,39102.03125,39102.03125,211058.890625
4004,40,OK,CTCs,0.0,-0.0,-0.0,-0.0,-0.0,35357.9453125,35357.9453125,791138.375,10377.6875,10377.6875,160275.109375
4004,40,OK,CTCs and EITCs,4976640.0,0.001108126831240952,-0.0,0.001846720457594308,0.0004916578688931184,35357.9453125,35397.16796875,791138.375,10377.6875,10377.6875,160275.109375
4004,40,OK,EITCs,4976640.0,0.001108126831240952,-0.0,0.001846720457594308,0.0004916578688931184,35357.9453125,35397.16796875,791138.375,10377.6875,10377.6875,160275.109375
4005,40,OK,CTCs,0.0,-0.0,-0.0,-0.0,-0.0,51473.5625,51473.5625,791907.8125,19593.61328125,19593.61328125,204240.125
4005,40,OK,CTCs and EITCs,4786176.0,-0.0,-0.0,0.003069832479656224,0.00040930896631498006,51473.5625,51473.5625,791907.8125,19593.61328125,19593.61328125,204240.125
4005,40,OK,EITCs,4786176.0,-0.0,-0.0,0.003069832479656224,0.00040930896631498006,51473.5625,51473.5625,791907.8125,19593.61328125,19593.61328125,204240.125
4101,41,OR,CTCs,1634304.0,-0.0,-0.0,0.0008894069036827271,0.00010845556866934449,151253.84375,151253.84375,706450.4375,25847.693359375,25847.693359375,113136.9140625
4101,41,OR,CTCs and EITCs,6127616.0,0.0012647301191464067,0.0043305144645273685,0.0037692323061022485,0.0004626733125120661,151253.84375,151445.375,706450.4375,25847.693359375,25960.11328125,113136.9140625
4101,41,OR,EITCs,4493312.0,0.0012647301191464067,0.0043305144645273685,0.0028849473805691553,0.00035399298294811426,151253.84375,151445.375,706450.4375,25847.693359375,25960.11328125,113136.9140625
4102,41,OR,CTCs,9484288.0,0.0022088109981268644,0.008707033470273018,0.0034650411000729034,0.0006915618350373606,46918.03125,47021.890625,705867.9375,7094.46142578125,7156.77587890625,147053.75
4102,41,OR,CTCs and EITCs,16865280.0,0.0057403696700930595,0.02239624597132206,0.005211006357229895,0.001387317921149898,46918.03125,47188.9140625,705867.9375,7094.46142578125,7256.9912109375,147053.75
4102,41,OR,EITCs,7385088.0,-0.0,-0.0,0.0017342366154538343,0.0006934492284710462,46918.03125,46918.03125,705867.9375,7094.46142578125,7094.46142578125,147053.75
4103,41,OR,CTCs,1564672.0,0.0005937694804742932,0.0019120177021250129,0.0007925809823769966,0.00010137014579169768,102268.5390625,102329.296875,705700.1875,23787.939453125,23833.51171875,179775.28125
4103,41,OR,CTCs and EITCs,12775424.0,0.002620189916342497,0.0048056915402412415,0.005978210130194069,0.0011248102294925811,102268.5390625,102537.203125,705700.1875,23787.939453125,23902.810546875,179775.28125
4103,41,OR,EITCs,11216896.0,0.002620189916342497,0.0048056915402412415,0.0051839100831251655,0.0010230370897458103,102268.5390625,102537.203125,705700.1875,23787.939453125,23902.810546875,179775.28125
4104,41,OR,CTCs,22820864.0,0.0021653168369084597,0.004524175077676773,0.0126282371692919,0.002442401977315191,122582.140625,122848.140625,705557.25,27566.88671875,27692.169921875,148322.875
4104,41,OR,CTCs and EITCs,37058560.0,0.004020525608211756,0.006572026293724775,0.01591240455854781,0.0037674936748253868,122582.140625,123076.96875,705557.25,27566.88671875,27749.255859375,148322.875
4104,41,OR,EITCs,14239744.0,0.0018632618011906743,0.0020665680058300495,0.0033372263092058927,0.0013253720550884904,122582.140625,122810.96875,705557.25,27566.88671875,27623.97265625,148322.875
4105,41,OR,CTCs,2254848.0,0.0009520663879811764,0.008085177280008793,0.000987716404897461,0.00011728667905403945,105920.171875,106021.1171875,705689.25,6192.33837890625,6242.8125,142573.84375
4105,41,OR,CTCs and EITCs,6576128.0,0.0032609528861939907,0.029393691569566727,0.002211208260641492,0.0003268199192099674,105920.171875,106266.7109375,705689.25,6192.33837890625,6379.8662109375,142573.84375
4105,41,OR,EITCs,4323328.0,0.0023132842034101486,0.021653514355421066,0.0011994466017645436,0.00020861152099109208,105920.171875,106165.765625,705689.25,6192.33837890625,6329.39208984375,142573.84375
4106,41,OR,CTCs,7225344.0,0.1073291152715683,0.462495356798172,0.011768074695239557,0.00035701585465810413,84566.6484375,94734.40625,706409.625,6041.3388671875,11239.6025390625,161779.78125
4106,41,OR,CTCs and EITCs,18554880.0,0.10745714604854584,0.463015079498291,0.018502489403716467,0.001400403674167593,84566.6484375,94748.0,706409.625,6041.3388671875,11250.48046875,161779.78125
4106,41,OR,EITCs,11327488.0,0.09798134863376617,0.43264544010162354,0.00584720392237107,0.0010322914022616186,84566.6484375,93752.65625,706409.625,6041.3388671875,10648.259765625,161779.78125
4201,42,PA,CTCs,0.0,-0.0,-0.0,-0.0,-0.0,17015.943359375,17015.943359375,763385.8125,4061.931640625,4061.931640625,130967.46875
4201,42,PA,CTCs and EITCs,0.0,-0.0,-0.0,-0.0,-0.0,17015.943359375,17015.943359375,763385.8125,4061.931640625,4061.931640625,130967.46875
4201,42,PA,EITCs,0.0,-0.0,-0.0,-0.0,-0.0,17015.943359375,17015.943359375,763385.8125,4061.931640625,4061.931640625,130967.46875
4202,42,PA,CTCs,0.0,-0.0,-0.0,-0.0,-0.0,187228.40625,187228.40625,763988.5,80874.5703125,80874.5703125,146081.53125
4202,42,PA,CTCs and EITCs,0.0,-0.0,-0.0,-0.0,-0.0,187228.40625,187228.40625,763988.5,80874.5703125,80874.5703125,146081.53125
4202,42,PA,EITCs,0.0,-0.0,-0.0,-0.0,-0.0,187228.40625,187228.40625,763988.5,80874.5703125,80874.5703125,146081.53125
4203,42,PA,CTCs,0.0,-0.0,-0.0,-0.0,-0.0,179272.65625,179272.65625,764146.3125,55636.69921875,55636.69921875,227981.65625
4203,42,PA,CTCs and EITCs,0.0,-0.0,-0.0,-0.0,-0.0,179272.65625,179272.65625,764146.3125,55636.69921875,55636.69921875,227981.65625
4203,42,PA,EITCs,0.0,-0.0,-0.0,-0.0,-0.0,179272.65625,179272.65625,764146.3125,55636.69921875,55636.69921875,227981.65625
4204,42,PA,CTCs,0.0,-0.0,-0.0,-0.0,-0.0,99728.4140625,99728.4140625,764663.625,36647.83203125,36647.83203125,192165.46875
4204,42,PA,CTCs and EITCs,0.0,-0.0,-0.0,-0.0,-0.0,99728.4140625,99728.4140625,764663.625,36647.83203125,36647.83203125,192165.46875
4204,42,PA,EITCs,0.0,-0.0,-0.0,-0.0,-0.0,99728.4140625,99728.4140625,764663.625,36647.83203125,36647.83203125,192165.46875
4205,42,PA,CTCs,0.0,-0.0,-0.0,-0.0,-0.0,64622.8515625,64622.8515625,763716.375,13152.208984375,13152.208984375,201132.875
4205,42,PA,CTCs and EITCs,0.0,-0.0,-0.0,-0.0,-0.0,64622.8515625,64622.8515625,763716.375,13152.208984375,13152.208984375,201132.875
4205,42,PA,EITCs,0.0,-0.0,-0.0,-0.0,-0.0,64622.8515625,64622.8515625,763716.375,13152.208984375,13152.208984375,201132.875
4206,42,PA,CTCs,0.0,-0.0,-0.0,-0.0,-0.0,19785.693359375,19785.693359375,764353.625,6001.236328125,6001.236328125,169422.75
4206,42,PA,CTCs and EITCs,0.0,-0.0,-0.0,-0.0,-0.0,19785.693359375,19785.693359375,764353.625,6001.236328125,6001.236328125,169422.75
4206,42,PA,EITCs,0.0,-0.0,-0.0,-0.0,-0.0,19785.693359375,19785.693359375,764353.625,6001.236328125,6001.236328125,169422.75
4207,42,PA,CTCs,0.0,-0.0,-0.0,-0.0,-0.0,25500.080078125,25500.080078125,767842.4375,5746.921875,5746.921875,173227.6875
4207,42,PA,CTCs and EITCs,0.0,-0.0,-0.0,-0.0,-0.0,25500.080078125,25500.080078125,767842.4375,5746.921875,5746.921875,173227.6875
4207,42,PA,EITCs,0.0,-0.0,-0.0,-0.0,-0.0,25500.080078125,25500.080078125,767842.4375,5746.921875,5746.921875,173227.6875
4208,42,PA,CTCs,0.0,-0.0,-0.0,-0.0,-0.0,63229.61328125,63229.61328125,765026.75,12940.4365234375,12940.4365234375,160459.09375
4208,42,PA,CTCs and EITCs,0.0,-0.0,-0.0,-0.0,-0.0,63229.61328125,63229.61328125,765026.75,12940.4365234375,12940.4365234375,160459.09375
4208,42,PA,EITCs,0.0,-0.0,-0.0,-0.0,-0.0,63229.61328125,63229.61328125,765026.75,12940.4365234375,12940.4365234375,160459.09375
4209,42,PA,CTCs,0.0,-0.0,-0.0,-0.0,-0.0,33095.90234375,33095.90234375,765770.125,8966.078125,8966.078125,145710.703125
4209,42,PA,CTCs and EITCs,0.0,-0.0,-0.0,-0.0,-0.0,33095.90234375,33095.90234375,765770.125,8966.078125,8966.078125,145710.703125
4209,42,PA,EITCs,0.0,-0.0,-0.0,-0.0,-0.0,33095.90234375,33095.90234375,765770.125,8966.078125,8966.078125,145710.703125
4210,42,PA,CTCs,0.0,-0.0,-0.0,-0.0,-0.0,88565.0390625,88565.0390625,765590.1875,13765.2568359375,13765.2568359375,143962.328125
4210,42,PA,CTCs and EITCs,0.0,-0.0,-0.0,-0.0,-0.0,88565.0390625,88565.0390625,765590.1875,13765.2568359375,13765.2568359375,143962.328125
4210,42,PA,EITCs,0.0,-0.0,-0.0,-0.0,-0.0,88565.0390625,88565.0390625,765590.1875,13765.2568359375,13765.2568359375,143962.328125
4211,42,PA,CTCs,0.0,-0.0,-0.0,-0.0,-0.0,44301.71484375,44301.71484375,762724.5,17689.595703125,17689.595703125,149784.0
4211,42,PA,CTCs and EITCs,0.0,-0.0,-0.0,-0.0,-0.0,44301.71484375,44301.71484375,762724.5,17689.595703125,17689.595703125,149784.0
4211,42,PA,EITCs,0.0,-0.0,-0.0,-0.0,-0.0,44301.71484375,44301.71484375,762724.5,17689.595703125,17689.595703125,149784.0
4212,42,PA,CTCs,0.0,-0.0,-0.0,-0.0,-0.0,39901.3515625,39901.3515625,764710.0,7678.91650390625,7678.91650390625,142119.625
4212,42,PA,CTCs and EITCs,0.0,-0.0,-0.0,-0.0,-0.0,39901.3515625,39901.3515625,764710.0,7678.91650390625,7678.91650390625,142119.625
4212,42,PA,EITCs,0.0,-0.0,-0.0,-0.0,-0.0,39901.3515625,39901.3515625,764710.0,7678.91650390625,7678.91650390625,142119.625
4213,42,PA,CTCs,0.0,-0.0,-0.0,-0.0,-0.0,49695.22265625,49695.22265625,766339.1875,9622.5146484375,9622.5146484375,165715.953125
4213,42,PA,CTCs and EITCs,0.0,-0.0,-0.0,-0.0,-0.0,49695.22265625,49695.22265625,766339.1875,9622.5146484375,9622.5146484375,165715.953125
4213,42,PA,EITCs,0.0,-0.0,-0.0,-0.0,-0.0,49695.22265625,49695.22265625,766339.1875,9622.5146484375,9622.5146484375,165715.953125
4214,42,PA,CTCs,0.0,-0.0,-0.0,-0.0,-0.0,40980.2109375,40980.2109375,764424.3125,4418.3388671875,4418.3388671875,202016.25
4214,42,PA,CTCs and EITCs,0.0,-0.0,-0.0,-0.0,-0.0,40980.2109375,40980.2109375,764424.3125,4418.3388671875,4418.3388671875,202016.25
4214,42,PA,EITCs,0.0,-0.0,-0.0,-0.0,-0.0,40980.2109375,40980.2109375,764424.3125,4418.3388671875,4418.3388671875,202016.25
4215,42,PA,CTCs,0.0,-0.0,-0.0,-0.0,-0.0,157440.734375,157440.734375,765317.6875,3517.86865234375,3517.86865234375,194400.921875
4215,42,PA,CTCs and EITCs,0.0,-0.0,-0.0,-0.0,-0.0,157440.734375,157440.734375,765317.6875,3517.86865234375,3517.86865234375,194400.921875
4215,42,PA,EITCs,0.0,-0.0,-0.0,-0.0,-0.0,157440.734375,157440.734375,765317.6875,3517.86865234375,3517.86865234375,194400.921875
4216,42,PA,CTCs,0.0,-0.0,-0.0,-0.0,-0.0,135580.859375,135580.859375,764399.0,46385.28515625,46385.28515625,179196.046875
4216,42,PA,CTCs and EITCs,0.0,-0.0,-0.0,-0.0,-0.0,135580.859375,135580.859375,764399.0,46385.28515625,46385.28515625,179196.046875
4216,42,PA,EITCs,0.0,-0.0,-0.0,-0.0,-0.0,135580.859375,135580.859375,764399.0,46385.28515625,46385.28515625,179196.046875
4217,42,PA,CTCs,0.0,-0.0,-0.0,-0.0,-0.0,52516.14453125,52516.14453125,763280.25,4268.5546875,4268.5546875,135021.15625
4217,42,PA,CTCs and EITCs,0.0,-0.0,-0.0,-0.0,-0.0,52516.14453125,52516.14453125,763280.25,4268.5546875,4268.5546875,135021.15625
4217,42,PA,EITCs,0.0,-0.0,-0.0,-0.0,-0.0,52516.14453125,52516.14453125,763280.25,4268.5546875,4268.5546875,135021.15625
4401,44,RI,CTCs,0.0,-0.0,-0.0,-0.0,-0.0,72241.703125,72241.703125,547241.5625,14986.794921875,14986.794921875,109742.0859375
4401,44,RI,CTCs and EITCs,14393344.0,0.006723696831613779,0.019616566598415375,0.012504079934363848,0.0016459270856663442,72241.703125,72730.71875,547241.5625,14986.794921875,15286.66796875,109742.0859375
4401,44,RI,EITCs,14393344.0,0.006723696831613779,0.019616566598415375,0.012504079934363848,0.0016459270856663442,72241.703125,72730.71875,547241.5625,14986.794921875,15286.66796875,109742.0859375
4402,44,RI,CTCs,0.0,-0.0,-0.0,-0.0,-0.0,60714.42578125,60714.42578125,549296.875,18748.92578125,18748.92578125,116586.8515625
4402,44,RI,CTCs and EITCs,14356480.0,0.0016237566014751792,-0.0,0.00891037226532121,0.0015209971244720991,60714.42578125,60813.171875,549296.875,18748.92578125,18748.92578125,116586.8515625
4402,44,RI,EITCs,14356480.0,0.0016237566014751792,-0.0,0.00891037226532121,0.0015209971244720991,60714.42578125,60813.171875,549296.875,18748.92578125,18748.92578125,116586.8515625
4501,45,SC,CTCs,0.0,-0.0,-0.0,-0.0,-0.0,78915.21875,78915.21875,729333.625,28842.107421875,28842.107421875,196931.40625
4501,45,SC,CTCs and EITCs,2398208.0,-0.0,-0.0,2.220010511324309e-05,0.00018089894641298723,78915.21875,78915.21875,729333.625,28842.107421875,28842.107421875,196931.40625
4501,45,SC,EITCs,2398208.0,-0.0,-0.0,2.220010511324309e-05,0.00018089894641298723,78915.21875,78915.21875,729333.625,28842.107421875,28842.107421875,196931.40625
4502,45,SC,CTCs,0.0,-0.0,-0.0,-0.0,-0.0,36329.3046875,36329.3046875,732511.875,16129.896484375,16129.896484375,205689.890625
4502,45,SC,CTCs and EITCs,4788224.0,-0.0,-0.0,7.37223364213943e-05,0.0002518783925525198,36329.3046875,36329.3046875,732511.875,16129.896484375,16129.896484375,205689.890625
4502,45,SC,EITCs,4788224.0,-0.0,-0.0,7.37223364213943e-05,0.0002518783925525198,36329.3046875,36329.3046875,732511.875,16129.896484375,16129.896484375,205689.890625
4503,45,SC,CTCs,0.0,-0.0,-0.0,-0.0,-0.0,39784.484375,39784.484375,730439.8125,8215.3984375,8215.3984375,204857.203125
4503,45,SC,CTCs and EITCs,3164160.0,-0.0,-0.0,8.367391319278049e-05,0.00024104387005852442,39784.484375,39784.484375,730439.8125,8215.3984375,8215.3984375,204857.203125
4503,45,SC,EITCs,3164160.0,-0.0,-0.0,8.367391319278049e-05,0.00024104387005852442,39784.484375,39784.484375,730439.8125,8215.3984375,8215.3984375,204857.203125
4504,45,SC,CTCs,0.0,-0.0,-0.0,-0.0,-0.0,59535.140625,59535.140625,733561.0,9309.857421875,9309.857421875,161411.515625
4504,45,SC,CTCs and EITCs,2764800.0,-0.0,-0.0,8.298919855663186e-05,0.00025921123991052555,59535.140625,59535.140625,733561.0,9309.857421875,9309.857421875,161411.515625
4504,45,SC,EITCs,2764800.0,-0.0,-0.0,8.298919855663186e-05,0.00025921123991052555,59535.140625,59535.140625,733561.0,9309.857421875,9309.857421875,161411.515625
4505,45,SC,CTCs,0.0,-0.0,-0.0,-0.0,-0.0,65733.1875,65733.1875,731200.5625,24030.080078125,24030.080078125,163562.578125
4505,45,SC,CTCs and EITCs,1705984.0,0.00027541228337213397,0.0005022115656174719,1.1220313217843498e-05,0.00018130766504505577,65733.1875,65751.296875,731200.5625,24030.080078125,24042.154296875,163562.578125
4505,45,SC,EITCs,1705984.0,0.00027541228337213397,0.0005022115656174719,1.1220313217843498e-05,0.00018130766504505577,65733.1875,65751.296875,731200.5625,24030.080078125,24042.154296875,163562.578125
4506,45,SC,CTCs,0.0,-0.0,-0.0,-0.0,-0.0,62642.265625,62642.265625,731416.75,26368.66796875,26368.66796875,210086.609375
4506,45,SC,CTCs and EITCs,389120.0,-0.0,-0.0,3.5323324135302017e-06,2.9639777092623e-05,62642.265625,62642.265625,731416.75,26368.66796875,26368.66796875,210086.609375
4506,45,SC,EITCs,389120.0,-0.0,-0.0,3.5323324135302017e-06,2.9639777092623e-05,62642.265625,62642.265625,731416.75,26368.66796875,26368.66796875,210086.609375
4507,45,SC,CTCs,0.0,-0.0,-0.0,-0.0,-0.0,59846.31640625,59846.31640625,730860.375,11831.7587890625,11831.7587890625,153613.3125
4507,45,SC,CTCs and EITCs,1638400.0,-0.0,-0.0,5.206118707415442e-05,0.00011059755779488862,59846.31640625,59846.31640625,730860.375,11831.7587890625,11831.7587890625,153613.3125
4507,45,SC,EITCs,1638400.0,-0.0,-0.0,5.206118707415442e-05,0.00011059755779488862,59846.31640625,59846.31640625,730860.375,11831.7587890625,11831.7587890625,153613.3125
4600,46,SD,CTCs,0.0,-0.0,-0.0,-0.0,-0.0,70014.5625,70014.5625,892321.75,22886.76953125,22886.76953125,252254.484375
4600,46,SD,CTCs and EITCs,0.0,-0.0,-0.0,-0.0,-0.0,70014.5625,70014.5625,892321.75,22886.76953125,22886.76953125,252254.484375
4600,46,SD,EITCs,0.0,-0.0,-0.0,-0.0,-0.0,70014.5625,70014.5625,892321.75,22886.76953125,22886.76953125,252254.484375
4701,47,TN,CTCs,0.0,-0.0,-0.0,-0.0,-0.0,42955.1953125,42955.1953125,769209.375,8213.798828125,8213.798828125,167166.078125
4701,47,TN,CTCs and EITCs,0.0,-0.0,-0.0,-0.0,-0.0,42955.1953125,42955.1953125,769209.375,8213.798828125,8213.798828125,167166.078125
4701,47,TN,EITCs,0.0,-0.0,-0.0,-0.0,-0.0,42955.1953125,42955.1953125,769209.375,8213.798828125,8213.798828125,167166.078125
4702,47,TN,CTCs,0.0,-0.0,-0.0,-0.0,-0.0,86788.1484375,86788.1484375,769131.875,24437.41015625,24437.41015625,196334.34375
4702,47,TN,CTCs and EITCs,0.0,-0.0,-0.0,-0.0,-0.0,86788.1484375,86788.1484375,769131.875,24437.41015625,24437.41015625,196334.34375
4702,47,TN,EITCs,0.0,-0.0,-0.0,-0.0,-0.0,86788.1484375,86788.1484375,769131.875,24437.41015625,24437.41015625,196334.34375
4703,47,TN,CTCs,0.0,-0.0,-0.0,-0.0,-0.0,58562.47265625,58562.47265625,766248.8125,8810.3125,8810.3125,156415.03125
4703,47,TN,CTCs and EITCs,0.0,-0.0,-0.0,-0.0,-0.0,58562.47265625,58562.47265625,766248.8125,8810.3125,8810.3125,156415.03125
4703,47,TN,EITCs,0.0,-0.0,-0.0,-0.0,-0.0,58562.47265625,58562.47265625,766248.8125,8810.3125,8810.3125,156415.03125
4704,47,TN,CTCs,0.0,-0.0,-0.0,-0.0,-0.0,111901.859375,111901.859375,769395.125,40091.1953125,40091.1953125,208193.96875
4704,47,TN,CTCs and EITCs,0.0,-0.0,-0.0,-0.0,-0.0,111901.859375,111901.859375,769395.125,40091.1953125,40091.1953125,208193.96875
4704,47,TN,EITCs,0.0,-0.0,-0.0,-0.0,-0.0,111901.859375,111901.859375,769395.125,40091.1953125,40091.1953125,208193.96875
4705,47,TN,CTCs,0.0,-0.0,-0.0,-0.0,-0.0,85879.9296875,85879.9296875,768197.8125,20890.908203125,20890.908203125,180761.90625
4705,47,TN,CTCs and EITCs,0.0,-0.0,-0.0,-0.0,-0.0,85879.9296875,85879.9296875,768197.8125,20890.908203125,20890.908203125,180761.90625
4705,47,TN,EITCs,0.0,-0.0,-0.0,-0.0,-0.0,85879.9296875,85879.9296875,768197.8125,20890.908203125,20890.908203125,180761.90625
4706,47,TN,CTCs,0.0,-0.0,-0.0,-0.0,-0.0,159965.6875,159965.6875,767083.875,78770.0859375,78770.0859375,211932.8125
4706,47,TN,CTCs and EITCs,0.0,-0.0,-0.0,-0.0,-0.0,159965.6875,159965.6875,767083.875,78770.0859375,78770.0859375,211932.8125
4706,47,TN,EITCs,0.0,-0.0,-0.0,-0.0,-0.0,159965.6875,159965.6875,767083.875,78770.0859375,78770.0859375,211932.8125
4707,47,TN,CTCs,0.0,-0.0,-0.0,-0.0,-0.0,34915.4453125,34915.4453125,769727.3125,8734.095703125,8734.095703125,217825.046875
4707,47,TN,CTCs and EITCs,0.0,-0.0,-0.0,-0.0,-0.0,34915.4453125,34915.4453125,769727.3125,8734.095703125,8734.095703125,217825.046875
4707,47,TN,EITCs,0.0,-0.0,-0.0,-0.0,-0.0,34915.4453125,34915.4453125,769727.3125,8734.095703125,8734.095703125,217825.046875
4708,47,TN,CTCs,0.0,-0.0,-0.0,-0.0,-0.0,72917.796875,72917.796875,767576.625,32679.10546875,32679.10546875,161883.625
4708,47,TN,CTCs and EITCs,0.0,-0.0,-0.0,-0.0,-0.0,72917.796875,72917.796875,767576.625,32679.10546875,32679.10546875,161883.625
4708,47,TN,EITCs,0.0,-0.0,-0.0,-0.0,-0.0,72917.796875,72917.796875,767576.625,32679.10546875,32679.10546875,161883.625
4709,47,TN,CTCs,0.0,-0.0,-0.0,-0.0,-0.0,164880.84375,164880.84375,767310.375,49686.83984375,49686.83984375,214181.65625
4709,47,TN,CTCs and EITCs,0.0,-0.0,-0.0,-0.0,-0.0,164880.84375,164880.84375,767310.375,49686.83984375,49686.83984375,214181.65625
4709,47,TN,EITCs,0.0,-0.0,-0.0,-0.0,-0.0,164880.84375,164880.84375,767310.375,49686.83984375,49686.83984375,214181.65625
4801,48,TX,CTCs,0.0,-0.0,-0.0,-0.0,-0.0,52515.671875,52515.671875,767582.125,16033.7216796875,16033.7216796875,148518.96875
4801,48,TX,CTCs and EITCs,0.0,-0.0,-0.0,-0.0,-0.0,52515.671875,52515.671875,767582.125,16033.7216796875,16033.7216796875,148518.96875
4801,48,TX,EITCs,0.0,-0.0,-0.0,-0.0,-0.0,52515.671875,52515.671875,767582.125,16033.7216796875,16033.7216796875,148518.96875
4802,48,TX,CTCs,0.0,-0.0,-0.0,-0.0,-0.0,144037.140625,144037.140625,768313.0,55353.73046875,55353.73046875,239276.328125
4802,48,TX,CTCs and EITCs,0.0,-0.0,-0.0,-0.0,-0.0,144037.140625,144037.140625,768313.0,55353.73046875,55353.73046875,239276.328125
4802,48,TX,EITCs,0.0,-0.0,-0.0,-0.0,-0.0,144037.140625,144037.140625,768313.0,55353.73046875,55353.73046875,239276.328125
4803,48,TX,CTCs,0.0,-0.0,-0.0,-0.0,-0.0,20670.265625,20670.265625,766154.6875,7895.611328125,7895.611328125,207822.03125
4803,48,TX,CTCs and EITCs,0.0,-0.0,-0.0,-0.0,-0.0,20670.265625,20670.265625,766154.6875,7895.611328125,7895.611328125,207822.03125
4803,48,TX,EITCs,0.0,-0.0,-0.0,-0.0,-0.0,20670.265625,20670.265625,766154.6875,7895.611328125,7895.611328125,207822.03125
4804,48,TX,CTCs,0.0,-0.0,-0.0,-0.0,-0.0,56421.3046875,56421.3046875,767738.625,11714.4033203125,11714.4033203125,196451.375
4804,48,TX,CTCs and EITCs,0.0,-0.0,-0.0,-0.0,-0.0,56421.3046875,56421.3046875,767738.625,11714.4033203125,11714.4033203125,196451.375
4804,48,TX,EITCs,0.0,-0.0,-0.0,-0.0,-0.0,56421.3046875,56421.3046875,767738.625,11714.4033203125,11714.4033203125,196451.375
4805,48,TX,CTCs,0.0,-0.0,-0.0,-0.0,-0.0,55283.109375,55283.109375,765094.75,18452.01953125,18452.01953125,181221.96875
4805,48,TX,CTCs and EITCs,0.0,-0.0,-0.0,-0.0,-0.0,55283.109375,55283.109375,765094.75,18452.01953125,18452.01953125,181221.96875
4805,48,TX,EITCs,0.0,-0.0,-0.0,-0.0,-0.0,55283.109375,55283.109375,765094.75,18452.01953125,18452.01953125,181221.96875
4806,48,TX,CTCs,0.0,-0.0,-0.0,-0.0,-0.0,42970.01171875,42970.01171875,768868.5,19871.353515625,19871.353515625,211250.234375
4806,48,TX,CTCs and EITCs,0.0,-0.0,-0.0,-0.0,-0.0,42970.01171875,42970.01171875,768868.5,19871.353515625,19871.353515625,211250.234375
4806,48,TX,EITCs,0.0,-0.0,-0.0,-0.0,-0.0,42970.01171875,42970.01171875,768868.5,19871.353515625,19871.353515625,211250.234375
4807,48,TX,CTCs,0.0,-0.0,-0.0,-0.0,-0.0,283848.78125,283848.78125,763980.0625,80987.4765625,80987.4765625,189516.4375
4807,48,TX,CTCs and EITCs,0.0,-0.0,-0.0,-0.0,-0.0,283848.78125,283848.78125,763980.0625,80987.4765625,80987.4765625,189516.4375
4807,48,TX,EITCs,0.0,-0.0,-0.0,-0.0,-0.0,283848.78125,283848.78125,763980.0625,80987.4765625,80987.4765625,189516.4375
4808,48,TX,CTCs,0.0,-0.0,-0.0,-0.0,-0.0,177858.375,177858.375,768328.125,66259.953125,66259.953125,327447.21875
4808,48,TX,CTCs and EITCs,0.0,-0.0,-0.0,-0.0,-0.0,177858.375,177858.375,768328.125,66259.953125,66259.953125,327447.21875
4808,48,TX,EITCs,0.0,-0.0,-0.0,-0.0,-0.0,177858.375,177858.375,768328.125,66259.953125,66259.953125,327447.21875
4809,48,TX,CTCs,0.0,-0.0,-0.0,-0.0,-0.0,150980.421875,150980.421875,765925.125,62767.71875,62767.71875,196059.1875
4809,48,TX,CTCs and EITCs,0.0,-0.0,-0.0,-0.0,-0.0,150980.421875,150980.421875,765925.125,62767.71875,62767.71875,196059.1875
4809,48,TX,EITCs,0.0,-0.0,-0.0,-0.0,-0.0,150980.421875,150980.421875,765925.125,62767.71875,62767.71875,196059.1875
4810,48,TX,CTCs,0.0,-0.0,-0.0,-0.0,-0.0,98133.2734375,98133.2734375,767265.875,42695.77734375,42695.77734375,259736.21875
4810,48,TX,CTCs and EITCs,0.0,-0.0,-0.0,-0.0,-0.0,98133.2734375,98133.2734375,767265.875,42695.77734375,42695.77734375,259736.21875
4810,48,TX,EITCs,0.0,-0.0,-0.0,-0.0,-0.0,98133.2734375,98133.2734375,767265.875,42695.77734375,42695.77734375,259736.21875
4811,48,TX,CTCs,0.0,-0.0,-0.0,-0.0,-0.0,43067.3125,43067.3125,769192.9375,11808.36328125,11808.36328125,217497.5625
4811,48,TX,CTCs and EITCs,0.0,-0.0,-0.0,-0.0,-0.0,43067.3125,43067.3125,769192.9375,11808.36328125,11808.36328125,217497.5625
4811,48,TX,EITCs,0.0,-0.0,-0.0,-0.0,-0.0,43067.3125,43067.3125,769192.9375,11808.36328125,11808.36328125,217497.5625
4812,48,TX,CTCs,0.0,-0.0,-0.0,-0.0,-0.0,118340.7265625,118340.7265625,767737.0,54178.5546875,54178.5546875,205727.4375
4812,48,TX,CTCs and EITCs,0.0,-0.0,-0.0,-0.0,-0.0,118340.7265625,118340.7265625,767737.0,54178.5546875,54178.5546875,205727.4375
4812,48,TX,EITCs,0.0,-0.0,-0.0,-0.0,-0.0,118340.7265625,118340.7265625,767737.0,54178.5546875,54178.5546875,205727.4375
4813,48,TX,CTCs,0.0,-0.0,-0.0,-0.0,-0.0,29574.75390625,29574.75390625,767202.875,8745.6171875,8745.6171875,225950.375
4813,48,TX,CTCs and EITCs,0.0,-0.0,-0.0,-0.0,-0.0,29574.75390625,29574.75390625,767202.875,8745.6171875,8745.6171875,225950.375
4813,48,TX,EITCs,0.0,-0.0,-0.0,-0.0,-0.0,29574.75390625,29574.75390625,767202.875,8745.6171875,8745.6171875,225950.375
4814,48,TX,CTCs,0.0,-0.0,-0.0,-0.0,-0.0,60391.9609375,60391.9609375,767862.25,17034.072265625,17034.072265625,228172.28125
4814,48,TX,CTCs and EITCs,0.0,-0.0,-0.0,-0.0,-0.0,60391.9609375,60391.9609375,767862.25,17034.072265625,17034.072265625,228172.28125
4814,48,TX,EITCs,0.0,-0.0,-0.0,-0.0,-0.0,60391.9609375,60391.9609375,767862.25,17034.072265625,17034.072265625,228172.28125
4815,48,TX,CTCs,0.0,-0.0,-0.0,-0.0,-0.0,93553.96875,93553.96875,767212.375,21194.189453125,21194.189453125,203399.296875
4815,48,TX,CTCs and EITCs,0.0,-0.0,-0.0,-0.0,-0.0,93553.96875,93553.96875,767212.375,21194.189453125,21194.189453125,203399.296875
4815,48,TX,EITCs,0.0,-0.0,-0.0,-0.0,-0.0,93553.96875,93553.96875,767212.375,21194.189453125,21194.189453125,203399.296875
4816,48,TX,CTCs,0.0,-0.0,-0.0,-0.0,-0.0,74138.5546875,74138.5546875,764171.25,10214.3076171875,10214.3076171875,275787.875
4816,48,TX,CTCs and EITCs,0.0,-0.0,-0.0,-0.0,-0.0,74138.5546875,74138.5546875,764171.25,10214.3076171875,10214.3076171875,275787.875
4816,48,TX,EITCs,0.0,-0.0,-0.0,-0.0,-0.0,74138.5546875,74138.5546875,764171.25,10214.3076171875,10214.3076171875,275787.875
4817,48,TX,CTCs,0.0,-0.0,-0.0,-0.0,-0.0,27322.22265625,27322.22265625,766915.5625,8427.880859375,8427.880859375,241843.484375
4817,48,TX,CTCs and EITCs,0.0,-0.0,-0.0,-0.0,-0.0,27322.22265625,27322.22265625,766915.5625,8427.880859375,8427.880859375,241843.484375
4817,48,TX,EITCs,0.0,-0.0,-0.0,-0.0,-0.0,27322.22265625,27322.22265625,766915.5625,8427.880859375,8427.880859375,241843.484375
4818,48,TX,CTCs,0.0,-0.0,-0.0,-0.0,-0.0,42968.83984375,42968.83984375,765078.5625,14712.8681640625,14712.8681640625,243850.84375
4818,48,TX,CTCs and EITCs,0.0,-0.0,-0.0,-0.0,-0.0,42968.83984375,42968.83984375,765078.5625,14712.8681640625,14712.8681640625,243850.84375
4818,48,TX,EITCs,0.0,-0.0,-0.0,-0.0,-0.0,42968.83984375,42968.83984375,765078.5625,14712.8681640625,14712.8681640625,243850.84375
4819,48,TX,CTCs,0.0,-0.0,-0.0,-0.0,-0.0,214216.515625,214216.515625,766478.125,52028.01953125,52028.01953125,241130.171875
4819,48,TX,CTCs and EITCs,0.0,-0.0,-0.0,-0.0,-0.0,214216.515625,214216.515625,766478.125,52028.01953125,52028.01953125,241130.171875
4819,48,TX,EITCs,0.0,-0.0,-0.0,-0.0,-0.0,214216.515625,214216.515625,766478.125,52028.01953125,52028.01953125,241130.171875
4820,48,TX,CTCs,0.0,-0.0,-0.0,-0.0,-0.0,78610.484375,78610.484375,767692.75,25364.103515625,25364.103515625,231375.40625
4820,48,TX,CTCs and EITCs,0.0,-0.0,-0.0,-0.0,-0.0,78610.484375,78610.484375,767692.75,25364.103515625,25364.103515625,231375.40625
4820,48,TX,EITCs,0.0,-0.0,-0.0,-0.0,-0.0,78610.484375,78610.484375,767692.75,25364.103515625,25364.103515625,231375.40625
4821,48,TX,CTCs,0.0,-0.0,-0.0,-0.0,-0.0,24710.357421875,24710.357421875,767345.5625,7147.95556640625,7147.95556640625,95776.2265625
4821,48,TX,CTCs and EITCs,0.0,-0.0,-0.0,-0.0,-0.0,24710.357421875,24710.357421875,767345.5625,7147.95556640625,7147.95556640625,95776.2265625
4821,48,TX,EITCs,0.0,-0.0,-0.0,-0.0,-0.0,24710.357421875,24710.357421875,767345.5625,7147.95556640625,7147.95556640625,95776.2265625
4822,48,TX,CTCs,0.0,-0.0,-0.0,-0.0,-0.0,116302.21875,116302.21875,761955.25,35419.0078125,35419.0078125,204604.21875
4822,48,TX,CTCs and EITCs,0.0,-0.0,-0.0,-0.0,-0.0,116302.21875,116302.21875,761955.25,35419.0078125,35419.0078125,204604.21875
4822,48,TX,EITCs,0.0,-0.0,-0.0,-0.0,-0.0,116302.21875,116302.21875,761955.25,35419.0078125,35419.0078125,204604.21875
4823,48,TX,CTCs,0.0,-0.0,-0.0,-0.0,-0.0,73097.484375,73097.484375,768538.1875,15570.30859375,15570.30859375,172441.46875
4823,48,TX,CTCs and EITCs,0.0,-0.0,-0.0,-0.0,-0.0,73097.484375,73097.484375,768538.1875,15570.30859375,15570.30859375,172441.46875
4823,48,TX,EITCs,0.0,-0.0,-0.0,-0.0,-0.0,73097.484375,73097.484375,768538.1875,15570.30859375,15570.30859375,172441.46875
4824,48,TX,CTCs,0.0,-0.0,-0.0,-0.0,-0.0,135323.53125,135323.53125,764912.9375,44941.22265625,44941.22265625,221975.09375
4824,48,TX,CTCs and EITCs,0.0,-0.0,-0.0,-0.0,-0.0,135323.53125,135323.53125,764912.9375,44941.22265625,44941.22265625,221975.09375
4824,48,TX,EITCs,0.0,-0.0,-0.0,-0.0,-0.0,135323.53125,135323.53125,764912.9375,44941.22265625,44941.22265625,221975.09375
4825,48,TX,CTCs,0.0,-0.0,-0.0,-0.0,-0.0,105836.1796875,105836.1796875,766363.875,43630.49609375,43630.49609375,179107.90625
4825,48,TX,CTCs and EITCs,0.0,-0.0,-0.0,-0.0,-0.0,105836.1796875,105836.1796875,766363.875,43630.49609375,43630.49609375,179107.90625
4825,48,TX,EITCs,0.0,-0.0,-0.0,-0.0,-0.0,105836.1796875,105836.1796875,766363.875,43630.49609375,43630.49609375,179107.90625
4826,48,TX,CTCs,0.0,-0.0,-0.0,-0.0,-0.0,23243.009765625,23243.009765625,767255.375,5660.1650390625,5660.1650390625,196021.28125
4826,48,TX,CTCs and EITCs,0.0,-0.0,-0.0,-0.0,-0.0,23243.009765625,23243.009765625,767255.375,5660.1650390625,5660.1650390625,196021.28125
4826,48,TX,EITCs,0.0,-0.0,-0.0,-0.0,-0.0,23243.009765625,23243.009765625,767255.375,5660.1650390625,5660.1650390625,196021.28125
4827,48,TX,CTCs,0.0,-0.0,-0.0,-0.0,-0.0,185068.546875,185068.546875,761928.625,46503.45703125,46503.45703125,196879.46875
4827,48,TX,CTCs and EITCs,0.0,-0.0,-0.0,-0.0,-0.0,185068.546875,185068.546875,761928.625,46503.45703125,46503.45703125,196879.46875
4827,48,TX,EITCs,0.0,-0.0,-0.0,-0.0,-0.0,185068.546875,185068.546875,761928.625,46503.45703125,46503.45703125,196879.46875
4828,48,TX,CTCs,0.0,-0.0,-0.0,-0.0,-0.0,130404.5859375,130404.5859375,767611.875,31503.46875,31503.46875,182057.109375
4828,48,TX,CTCs and EITCs,0.0,-0.0,-0.0,-0.0,-0.0,130404.5859375,130404.5859375,767611.875,31503.46875,31503.46875,182057.109375
4828,48,TX,EITCs,0.0,-0.0,-0.0,-0.0,-0.0,130404.5859375,130404.5859375,767611.875,31503.46875,31503.46875,182057.109375
4829,48,TX,CTCs,0.0,-0.0,-0.0,-0.0,-0.0,78264.90625,78264.90625,767256.375,34371.8515625,34371.8515625,232017.859375
4829,48,TX,CTCs and EITCs,0.0,-0.0,-0.0,-0.0,-0.0,78264.90625,78264.90625,767256.375,34371.8515625,34371.8515625,232017.859375
4829,48,TX,EITCs,0.0,-0.0,-0.0,-0.0,-0.0,78264.90625,78264.90625,767256.375,34371.8515625,34371.8515625,232017.859375
4830,48,TX,CTCs,0.0,-0.0,-0.0,-0.0,-0.0,70203.6875,70203.6875,766727.375,13297.453125,13297.453125,207448.59375
4830,48,TX,CTCs and EITCs,0.0,-0.0,-0.0,-0.0,-0.0,70203.6875,70203.6875,766727.375,13297.453125,13297.453125,207448.59375
4830,48,TX,EITCs,0.0,-0.0,-0.0,-0.0,-0.0,70203.6875,70203.6875,766727.375,13297.453125,13297.453125,207448.59375
4831,48,TX,CTCs,0.0,-0.0,-0.0,-0.0,-0.0,28846.37109375,28846.37109375,770486.875,7336.19921875,7336.19921875,216076.578125
4831,48,TX,CTCs and EITCs,0.0,-0.0,-0.0,-0.0,-0.0,28846.37109375,28846.37109375,770486.875,7336.19921875,7336.19921875,216076.578125
4831,48,TX,EITCs,0.0,-0.0,-0.0,-0.0,-0.0,28846.37109375,28846.37109375,770486.875,7336.19921875,7336.19921875,216076.578125
4832,48,TX,CTCs,0.0,-0.0,-0.0,-0.0,-0.0,96787.328125,96787.328125,768800.125,24680.5703125,24680.5703125,131476.015625
4832,48,TX,CTCs and EITCs,0.0,-0.0,-0.0,-0.0,-0.0,96787.328125,96787.328125,768800.125,24680.5703125,24680.5703125,131476.015625
4832,48,TX,EITCs,0.0,-0.0,-0.0,-0.0,-0.0,96787.328125,96787.328125,768800.125,24680.5703125,24680.5703125,131476.015625
4833,48,TX,CTCs,0.0,-0.0,-0.0,-0.0,-0.0,194933.75,194933.75,767641.25,78357.625,78357.625,263060.1875
4833,48,TX,CTCs and EITCs,0.0,-0.0,-0.0,-0.0,-0.0,194933.75,194933.75,767641.25,78357.625,78357.625,263060.1875
4833,48,TX,EITCs,0.0,-0.0,-0.0,-0.0,-0.0,194933.75,194933.75,767641.25,78357.625,78357.625,263060.1875
4834,48,TX,CTCs,0.0,-0.0,-0.0,-0.0,-0.0,72506.8125,72506.8125,767372.625,15608.0078125,15608.0078125,365724.8125
4834,48,TX,CTCs and EITCs,0.0,-0.0,-0.0,-0.0,-0.0,72506.8125,72506.8125,767372.625,15608.0078125,15608.0078125,365724.8125
4834,48,TX,EITCs,0.0,-0.0,-0.0,-0.0,-0.0,72506.8125,72506.8125,767372.625,15608.0078125,15608.0078125,365724.8125
4835,48,TX,CTCs,0.0,-0.0,-0.0,-0.0,-0.0,82854.296875,82854.296875,768118.375,23943.810546875,23943.810546875,201973.15625
4835,48,TX,CTCs and EITCs,0.0,-0.0,-0.0,-0.0,-0.0,82854.296875,82854.296875,768118.375,23943.810546875,23943.810546875,201973.15625
4835,48,TX,EITCs,0.0,-0.0,-0.0,-0.0,-0.0,82854.296875,82854.296875,768118.375,23943.810546875,23943.810546875,201973.15625
4836,48,TX,CTCs,0.0,-0.0,-0.0,-0.0,-0.0,103675.7578125,103675.7578125,768442.25,34634.5703125,34634.5703125,212974.25
4836,48,TX,CTCs and EITCs,0.0,-0.0,-0.0,-0.0,-0.0,103675.7578125,103675.7578125,768442.25,34634.5703125,34634.5703125,212974.25
4836,48,TX,EITCs,0.0,-0.0,-0.0,-0.0,-0.0,103675.7578125,103675.7578125,768442.25,34634.5703125,34634.5703125,212974.25
4837,48,TX,CTCs,0.0,-0.0,-0.0,-0.0,-0.0,105383.25,105383.25,765624.9375,38715.51171875,38715.51171875,140970.125
4837,48,TX,CTCs and EITCs,0.0,-0.0,-0.0,-0.0,-0.0,105383.25,105383.25,765624.9375,38715.51171875,38715.51171875,140970.125
4837,48,TX,EITCs,0.0,-0.0,-0.0,-0.0,-0.0,105383.25,105383.25,765624.9375,38715.51171875,38715.51171875,140970.125
4838,48,TX,CTCs,0.0,-0.0,-0.0,-0.0,-0.0,87202.1328125,87202.1328125,763408.5,28788.01171875,28788.01171875,207705.65625
4838,48,TX,CTCs and EITCs,0.0,-0.0,-0.0,-0.0,-0.0,87202.1328125,87202.1328125,763408.5,28788.01171875,28788.01171875,207705.65625
4838,48,TX,EITCs,0.0,-0.0,-0.0,-0.0,-0.0,87202.1328125,87202.1328125,763408.5,28788.01171875,28788.01171875,207705.65625
4901,49,UT,CTCs,376832.0,-0.0,-0.0,3.1489430070393445e-05,2.8304574778965e-05,76510.046875,76510.046875,817390.625,23744.2890625,23744.2890625,230840.625
4901,49,UT,CTCs and EITCs,2904064.0,-0.0,-0.0,0.0015139777911551066,0.0002543279616266863,76510.046875,76510.046875,817390.625,23744.2890625,23744.2890625,230840.625
4901,49,UT,EITCs,2211840.0,-0.0,-0.0,0.001449742535820066,0.0001965059656945966,76510.046875,76510.046875,817390.625,23744.2890625,23744.2890625,230840.625
4902,49,UT,CTCs,3536896.0,-0.0,-0.0,0.00017339783533855461,0.00037254954965344875,58344.3515625,58344.3515625,817855.5,20380.837890625,20380.837890625,219465.78125
4902,49,UT,CTCs and EITCs,5619712.0,-0.0,-0.0,0.0003327883095776567,0.0005967896549164042,58344.3515625,58344.3515625,817855.5,20380.837890625,20380.837890625,219465.78125
4902,49,UT,EITCs,788480.0,-0.0,-0.0,0.00015944576013764432,8.700236926690861e-05,58344.3515625,58344.3515625,817855.5,20380.837890625,20380.837890625,219465.78125
4903,49,UT,CTCs,159744.0,-0.0,-0.0,6.854623887169536e-06,1.715365600569421e-05,70697.953125,70697.953125,817658.625,11185.5068359375,11185.5068359375,264885.125
4903,49,UT,CTCs and EITCs,4755456.0,0.0007397375302389264,0.002592545235529542,2.3454433897924405e-05,0.00047487548107234064,70697.953125,70750.2890625,817658.625,11185.5068359375,11214.5810546875,264885.125
4903,49,UT,EITCs,2457600.0,-0.0,-0.0,1.6548272188522052e-05,0.0002369629262121819,70697.953125,70697.953125,817658.625,11185.5068359375,11185.5068359375,264885.125
4904,49,UT,CTCs,335872.0,-0.0,-0.0,-0.0,2.685716013976876e-05,81494.421875,81494.421875,818528.875,32845.11328125,32845.11328125,265059.1875
4904,49,UT,CTCs and EITCs,3395584.0,-0.0,-0.0,0.003032707664756399,0.00027618954160769146,81494.421875,81494.421875,818528.875,32845.11328125,32845.11328125,265059.1875
4904,49,UT,EITCs,2924544.0,-0.0,-0.0,0.003032707664756399,0.000241687279306975,81494.421875,81494.421875,818528.875,32845.11328125,32845.11328125,265059.1875
5000,50,VT,CTCs,22802432.0,0.0011836047051474452,0.0014036546926945448,0.0015706822035286398,0.0020457641116956777,63692.171875,63767.6484375,643430.875,13422.5419921875,13441.4091796875,128621.4375
5000,50,VT,CTCs and EITCs,51679232.0,0.08682481199502945,0.19542209804058075,0.008170680078555374,0.0054525221086904226,63692.171875,69748.03125,643430.875,13422.5419921875,16682.712890625,128621.4375
5000,50,VT,EITCs,28876800.0,0.015697432681918144,0.050196416676044464,0.006151223388637641,0.0033977414849743737,63692.171875,64707.921875,643430.875,13422.5419921875,14131.9130859375,128621.4375
5101,51,VA,CTCs,0.0,-0.0,-0.0,-0.0,-0.0,93364.4375,93364.4375,784453.875,39861.3046875,39861.3046875,175564.9375
5101,51,VA,CTCs and EITCs,17287168.0,0.0053594377823174,0.005763542838394642,0.012123877703174414,0.0013932094563235491,93364.4375,93867.515625,784453.875,39861.3046875,40092.37890625,175564.9375
5101,51,VA,EITCs,17287168.0,0.0053594377823174,0.005763542838394642,0.012123877703174414,0.0013932094563235491,93364.4375,93867.515625,784453.875,39861.3046875,40092.37890625,175564.9375
5102,51,VA,CTCs,0.0,-0.0,-0.0,-0.0,-0.0,108655.953125,108655.953125,787476.25,34970.51953125,34970.51953125,170824.96875
5102,51,VA,CTCs and EITCs,11542528.0,0.010139049962162971,0.018096938729286194,0.0016977825087474128,0.0006317745998856594,108655.953125,109768.90625,787476.25,34970.51953125,35615.04296875,170824.96875
5102,51,VA,EITCs,11542528.0,0.010139049962162971,0.018096938729286194,0.0016977825087474128,0.0006317745998856594,108655.953125,109768.90625,787476.25,34970.51953125,35615.04296875,170824.96875
5103,51,VA,CTCs,0.0,-0.0,-0.0,-0.0,-0.0,75928.3046875,75928.3046875,779412.375,12895.2470703125,12895.2470703125,208192.9375
5103,51,VA,CTCs and EITCs,39344128.0,0.008737348020076752,0.015372097492218018,0.006609855022679727,0.002615034538175086,75928.3046875,76597.5625,779412.375,12895.2470703125,13096.568359375,208192.9375
5103,51,VA,EITCs,39344128.0,0.008737348020076752,0.015372097492218018,0.006609855022679727,0.002615034538175086,75928.3046875,76597.5625,779412.375,12895.2470703125,13096.568359375,208192.9375
5104,51,VA,CTCs,0.0,-0.0,-0.0,-0.0,-0.0,26815.375,26815.375,787905.8125,8724.849609375,8724.849609375,173234.09375
5104,51,VA,CTCs and EITCs,16588800.0,0.01049019955098629,0.01917487382888794,0.0068644092239265285,0.0010875927542458555,26815.375,27099.65625,787905.8125,8724.849609375,8895.41796875,173234.09375
5104,51,VA,EITCs,16588800.0,0.01049019955098629,0.01917487382888794,0.0068644092239265285,0.0010875927542458555,26815.375,27099.65625,787905.8125,8724.849609375,8895.41796875,173234.09375
5105,51,VA,CTCs,0.0,-0.0,-0.0,-0.0,-0.0,57783.80859375,57783.80859375,788351.8125,21267.873046875,21267.873046875,164880.796875
5105,51,VA,CTCs and EITCs,21176320.0,0.001475291675888002,0.0026265315245836973,0.031847965229900126,0.0020051374702404257,57783.80859375,57869.1796875,788351.8125,21267.873046875,21323.880859375,164880.796875
5105,51,VA,EITCs,21176320.0,0.001475291675888002,0.0026265315245836973,0.031847965229900126,0.0020051374702404257,57783.80859375,57869.1796875,788351.8125,21267.873046875,21323.880859375,164880.796875
5106,51,VA,CTCs,0.0,-0.0,-0.0,-0.0,-0.0,83402.078125,83402.078125,782952.4375,38365.69921875,38365.69921875,194221.234375
5106,51,VA,CTCs and EITCs,23035904.0,-0.0,-0.0,0.00414897397864658,0.0024907321762926964,83402.078125,83402.078125,782952.4375,38365.69921875,38365.69921875,194221.234375
5106,51,VA,EITCs,23035904.0,-0.0,-0.0,0.00414897397864658,0.0024907321762926964,83402.078125,83402.078125,782952.4375,38365.69921875,38365.69921875,194221.234375
5107,51,VA,CTCs,0.0,-0.0,-0.0,-0.0,-0.0,88757.3046875,88757.3046875,783390.9375,42206.27734375,42206.27734375,165997.6875
5107,51,VA,CTCs and EITCs,31461376.0,0.0014980763662606478,0.001555218710564077,0.04587212536925599,0.002217192493494798,88757.3046875,88890.46875,783390.9375,42206.27734375,42272.015625,165997.6875
5107,51,VA,EITCs,31461376.0,0.0014980763662606478,0.001555218710564077,0.04587212536925599,0.002217192493494798,88757.3046875,88890.46875,783390.9375,42206.27734375,42272.015625,165997.6875
5108,51,VA,CTCs,0.0,-0.0,-0.0,-0.0,-0.0,48019.75,48019.75,784307.0625,15756.76953125,15756.76953125,204061.625
5108,51,VA,CTCs and EITCs,17772544.0,-0.0,9.64904316447246e-08,0.004336473581681614,0.0013713423762020268,48019.75,48019.75,784307.0625,15756.76953125,15756.7705078125,204061.625
5108,51,VA,EITCs,17772544.0,-0.0,9.64904316447246e-08,0.004336473581681614,0.0013713423762020268,48019.75,48019.75,784307.0625,15756.76953125,15756.7705078125,204061.625
5109,51,VA,CTCs,0.0,-0.0,-0.0,-0.0,-0.0,141867.90625,141867.90625,788239.3125,68651.203125,68651.203125,213860.15625
5109,51,VA,CTCs and EITCs,14624768.0,-0.0,-0.0,0.0010562144900309867,0.001137107929213707,141867.90625,141867.90625,788239.3125,68651.203125,68651.203125,213860.15625
5109,51,VA,EITCs,14624768.0,-0.0,-0.0,0.0010562144900309867,0.001137107929213707,141867.90625,141867.90625,788239.3125,68651.203125,68651.203125,213860.15625
5110,51,VA,CTCs,0.0,-0.0,-0.0,-0.0,-0.0,37096.21875,37096.21875,785751.0,7976.9873046875,7976.9873046875,198439.515625
5110,51,VA,CTCs and EITCs,25153536.0,0.018569061532616615,0.0561954565346241,0.006662085156482206,0.0016547292404897578,37096.21875,37798.09375,785751.0,7976.9873046875,8451.9482421875,198439.515625
5110,51,VA,EITCs,25153536.0,0.018569061532616615,0.0561954565346241,0.006662085156482206,0.0016547292404897578,37096.21875,37798.09375,785751.0,7976.9873046875,8451.9482421875,198439.515625
5111,51,VA,CTCs,0.0,-0.0,-0.0,-0.0,-0.0,67765.1328125,67765.1328125,785231.3125,23722.85546875,23722.85546875,181116.1875
5111,51,VA,CTCs and EITCs,12943360.0,0.00937807746231556,0.011706703342497349,0.014256746478730854,0.00081208594883058,67765.1328125,68406.65625,785231.3125,23722.85546875,24003.859375,181116.1875
5111,51,VA,EITCs,12943360.0,0.00937807746231556,0.011706703342497349,0.014256746478730854,0.00081208594883058,67765.1328125,68406.65625,785231.3125,23722.85546875,24003.859375,181116.1875
5301,53,WA,CTCs,0.0,-0.0,-0.0,-0.0,-0.0,74169.703125,74169.703125,770589.3125,23858.7109375,23858.7109375,221399.25
5301,53,WA,CTCs and EITCs,13983744.0,0.011180661618709564,0.018074363470077515,0.006960426924262762,0.000916906147353501,74169.703125,75008.34375,770589.3125,23858.7109375,24297.880859375,221399.25
5301,53,WA,EITCs,13983744.0,0.011180661618709564,0.018074363470077515,0.006960426924262762,0.000916906147353501,74169.703125,75008.34375,770589.3125,23858.7109375,24297.880859375,221399.25
5302,53,WA,CTCs,0.0,-0.0,-0.0,-0.0,-0.0,39610.9921875,39610.9921875,770082.9375,12166.294921875,12166.294921875,235850.53125
5302,53,WA,CTCs and EITCs,25227264.0,0.035645220428705215,0.057425178587436676,0.01639132174305167,0.002103683467457921,39610.9921875,41075.125,770082.9375,12166.294921875,12907.51171875,235850.53125
5302,53,WA,EITCs,25227264.0,0.035645220428705215,0.057425178587436676,0.01639132174305167,0.002103683467457921,39610.9921875,41075.125,770082.9375,12166.294921875,12907.51171875,235850.53125
5303,53,WA,CTCs,0.0,-0.0,-0.0,-0.0,-0.0,65384.328125,65384.328125,767601.375,28458.185546875,28458.185546875,228716.78125
5303,53,WA,CTCs and EITCs,23207936.0,0.0014833630993962288,0.0009911066154018044,0.03458128818034614,0.0017998300365802374,65384.328125,65481.4609375,767601.375,28458.185546875,28486.419921875,228716.78125
5303,53,WA,EITCs,23207936.0,0.0014833630993962288,0.0009911066154018044,0.03458128818034614,0.0017998300365802374,65384.328125,65481.4609375,767601.375,28458.185546875,28486.419921875,228716.78125
5304,53,WA,CTCs,0.0,-0.0,-0.0,-0.0,-0.0,91080.34375,91080.34375,768293.75,15080.982421875,15080.982421875,135263.71875
5304,53,WA,CTCs and EITCs,34349056.0,0.009153741411864758,0.009539340622723103,0.018609212403929928,0.002320646563354483,91080.34375,91921.7734375,768293.75,15080.982421875,15226.2314453125,135263.71875
5304,53,WA,EITCs,34349056.0,0.009153741411864758,0.009539340622723103,0.018609212403929928,0.002320646563354483,91080.34375,91921.7734375,768293.75,15080.982421875,15226.2314453125,135263.71875
5305,53,WA,CTCs,0.0,-0.0,-0.0,-0.0,-0.0,61422.6484375,61422.6484375,776808.625,4548.85888671875,4548.85888671875,119751.78125
5305,53,WA,CTCs and EITCs,12681216.0,0.015748796984553337,0.10099475830793381,0.0029746700904804174,0.0009517328736608477,61422.6484375,62405.45703125,776808.625,4548.85888671875,5059.88037109375,119751.78125
5305,53,WA,EITCs,12681216.0,0.015748796984553337,0.10099475830793381,0.0029746700904804174,0.0009517328736608477,61422.6484375,62405.45703125,776808.625,4548.85888671875,5059.88037109375,119751.78125
5306,53,WA,CTCs,0.0,-0.0,-0.0,-0.0,-0.0,71338.40625,71338.40625,772124.375,19506.576171875,19506.576171875,197647.59375
5306,53,WA,CTCs and EITCs,35393536.0,0.3577371835708618,0.5098389983177185,0.0483780973043662,0.0020445748356906694,71338.40625,111073.546875,772124.375,19506.576171875,39796.265625,197647.59375
5306,53,WA,EITCs,35393536.0,0.3577371835708618,0.5098389983177185,0.0483780973043662,0.0020445748356906694,71338.40625,111073.546875,772124.375,19506.576171875,39796.265625,197647.59375
5307,53,WA,CTCs,0.0,-0.0,-0.0,-0.0,-0.0,52118.1953125,52118.1953125,768809.25,18201.69921875,18201.69921875,141014.4375
5307,53,WA,CTCs and EITCs,3842048.0,0.009388499893248081,0.016021596267819405,0.003829564460170238,0.00029869508387109656,52118.1953125,52612.140625,768809.25,18201.69921875,18498.068359375,141014.4375
5307,53,WA,EITCs,3842048.0,0.009388499893248081,0.016021596267819405,0.003829564460170238,0.00029869508387109656,52118.1953125,52612.140625,768809.25,18201.69921875,18498.068359375,141014.4375
5308,53,WA,CTCs,0.0,-0.0,-0.0,-0.0,-0.0,35539.82421875,35539.82421875,769194.5625,5555.8369140625,5555.8369140625,197393.90625
5308,53,WA,CTCs and EITCs,15020032.0,0.029188429936766624,0.1104685366153717,0.008194591702449466,0.000793739542616859,35539.82421875,36608.36328125,769194.5625,5555.8369140625,6245.8017578125,197393.90625
5308,53,WA,EITCs,15020032.0,0.029188429936766624,0.1104685366153717,0.008194591702449466,0.000793739542616859,35539.82421875,36608.36328125,769194.5625,5555.8369140625,6245.8017578125,197393.90625
5309,53,WA,CTCs,0.0,-0.0,-0.0,-0.0,-0.0,142360.3125,142360.3125,768998.375,43630.640625,43630.640625,189573.015625
5309,53,WA,CTCs and EITCs,19824640.0,0.002664435189217329,0.004013543948531151,0.011333616653534164,0.001362974405232666,142360.3125,142740.640625,768998.375,43630.640625,43806.4609375,189573.015625
5309,53,WA,EITCs,19824640.0,0.002664435189217329,0.004013543948531151,0.011333616653534164,0.001362974405232666,142360.3125,142740.640625,768998.375,43630.640625,43806.4609375,189573.015625
5310,53,WA,CTCs,0.0,-0.0,-0.0,-0.0,-0.0,112509.953125,112509.953125,769192.3125,34885.33984375,34885.33984375,143761.5
5310,53,WA,CTCs and EITCs,22200320.0,0.003553433809429407,0.005717664957046509,0.021279127433744424,0.0014540445836543445,112509.953125,112911.171875,769192.3125,34885.33984375,35085.94921875,143761.5
5310,53,WA,EITCs,22200320.0,0.003553433809429407,0.005717664957046509,0.021279127433744424,0.0014540445836543445,112509.953125,112911.171875,769192.3125,34885.33984375,35085.94921875,143761.5
5401,54,WV,CTCs,0.0,-0.0,-0.0,-0.0,-0.0,90641.921875,90641.921875,894446.375,21677.3125,21677.3125,191227.703125
5401,54,WV,CTCs and EITCs,0.0,-0.0,-0.0,-0.0,-0.0,90641.921875,90641.921875,894446.375,21677.3125,21677.3125,191227.703125
5401,54,WV,EITCs,0.0,-0.0,-0.0,-0.0,-0.0,90641.921875,90641.921875,894446.375,21677.3125,21677.3125,191227.703125
5402,54,WV,CTCs,0.0,-0.0,-0.0,-0.0,-0.0,98805.96875,98805.96875,897161.875,36915.140625,36915.140625,205459.171875
5402,54,WV,CTCs and EITCs,0.0,-0.0,-0.0,-0.0,-0.0,98805.96875,98805.96875,897161.875,36915.140625,36915.140625,205459.171875
5402,54,WV,EITCs,0.0,-0.0,-0.0,-0.0,-0.0,98805.96875,98805.96875,897161.875,36915.140625,36915.140625,205459.171875
5501,55,WI,CTCs,0.0,-0.0,-0.0,-0.0,-0.0,51062.625,51062.625,736885.9375,4547.892578125,4547.892578125,159675.453125
5501,55,WI,CTCs and EITCs,4284416.0,-0.0,-0.0,0.0005478620603798588,0.00033405496649206907,51062.625,51062.625,736885.9375,4547.892578125,4547.892578125,159675.453125
5501,55,WI,EITCs,4284416.0,-0.0,-0.0,0.0005478620603798588,0.00033405496649206907,51062.625,51062.625,736885.9375,4547.892578125,4547.892578125,159675.453125
5502,55,WI,CTCs,0.0,-0.0,-0.0,-0.0,-0.0,33670.3203125,33670.3203125,736832.3125,4064.13037109375,4064.13037109375,137818.8125
5502,55,WI,CTCs and EITCs,8929280.0,-0.0,-0.0,0.0030805970309285427,0.0010575734087311121,33670.3203125,33670.3203125,736832.3125,4064.13037109375,4064.13037109375,137818.8125
5502,55,WI,EITCs,8929280.0,-0.0,-0.0,0.0030805970309285427,0.0010575734087311121,33670.3203125,33670.3203125,736832.3125,4064.13037109375,4064.13037109375,137818.8125
5503,55,WI,CTCs,0.0,-0.0,-0.0,-0.0,-0.0,57920.2421875,57920.2421875,736447.5,5616.9736328125,5616.9736328125,194056.796875
5503,55,WI,CTCs and EITCs,11231232.0,0.005076045636087656,0.03752891719341278,0.0022450789581376362,0.001404189680229628,57920.2421875,58215.75,736447.5,5616.9736328125,5835.9921875,194056.796875
5503,55,WI,EITCs,11231232.0,0.005076045636087656,0.03752891719341278,0.0022450789581376362,0.001404189680229628,57920.2421875,58215.75,736447.5,5616.9736328125,5835.9921875,194056.796875
5504,55,WI,CTCs,0.0,-0.0,-0.0,-0.0,-0.0,67381.171875,67381.171875,736502.8125,25110.2421875,25110.2421875,220627.21875
5504,55,WI,CTCs and EITCs,53411840.0,0.02041582204401493,0.03414440527558327,0.033623276812481,0.006991114698968994,67381.171875,68785.484375,736502.8125,25110.2421875,25997.92578125,220627.21875
5504,55,WI,EITCs,53411840.0,0.02041582204401493,0.03414440527558327,0.033623276812481,0.006991114698968994,67381.171875,68785.484375,736502.8125,25110.2421875,25997.92578125,220627.21875
5505,55,WI,CTCs,0.0,-0.0,-0.0,-0.0,-0.0,158705.328125,158705.328125,736821.3125,27925.0546875,27925.0546875,116972.90625
5505,55,WI,CTCs and EITCs,6729728.0,-0.0,-0.0,0.0015711274155270874,0.00041761052411145265,158705.328125,158705.328125,736821.3125,27925.0546875,27925.0546875,116972.90625
5505,55,WI,EITCs,6729728.0,-0.0,-0.0,0.0015711274155270874,0.00041761052411145265,158705.328125,158705.328125,736821.3125,27925.0546875,27925.0546875,116972.90625
5506,55,WI,CTCs,0.0,-0.0,-0.0,-0.0,-0.0,53321.8671875,53321.8671875,737427.3125,5087.93994140625,5087.93994140625,221867.71875
5506,55,WI,CTCs and EITCs,7892992.0,-0.0,-0.0,0.0006693571757570073,0.0007781841576978623,53321.8671875,53321.8671875,737427.3125,5087.93994140625,5087.93994140625,221867.71875
5506,55,WI,EITCs,7892992.0,-0.0,-0.0,0.0006693571757570073,0.0007781841576978623,53321.8671875,53321.8671875,737427.3125,5087.93994140625,5087.93994140625,221867.71875
5507,55,WI,CTCs,0.0,-0.0,-0.0,-0.0,-0.0,79282.0859375,79282.0859375,735196.125,5380.22705078125,5380.22705078125,139847.71875
5507,55,WI,CTCs and EITCs,11075584.0,-0.0,-0.0,0.0012709900356562378,0.0008668976989828991,79282.0859375,79282.0859375,735196.125,5380.22705078125,5380.22705078125,139847.71875
5507,55,WI,EITCs,11075584.0,-0.0,-0.0,0.0012709900356562378,0.0008668976989828991,79282.0859375,79282.0859375,735196.125,5380.22705078125,5380.22705078125,139847.71875
5508,55,WI,CTCs,0.0,-0.0,-0.0,-0.0,-0.0,27726.541015625,27726.541015625,735218.875,3227.5087890625,3227.5087890625,142848.328125
5508,55,WI,CTCs and EITCs,4780032.0,-0.0,-0.0,0.002584325199856179,0.0006021730222978148,27726.541015625,27726.541015625,735218.875,3227.5087890625,3227.5087890625,142848.328125
5508,55,WI,EITCs,4780032.0,-0.0,-0.0,0.002584325199856179,0.0006021730222978148,27726.541015625,27726.541015625,735218.875,3227.5087890625,3227.5087890625,142848.328125
5600,56,WY,CTCs,0.0,-0.0,-0.0,-0.0,-0.0,41209.0,41209.0,576157.75,11581.146484375,11581.146484375,144642.21875
5600,56,WY,CTCs and EITCs,0.0,-0.0,-0.0,-0.0,-0.0,41209.0,41209.0,576157.75,11581.146484375,11581.146484375,144642.21875
5600,56,WY,EITCs,0.0,-0.0,-0.0,-0.0,-0.0,41209.0,41209.0,576157.75,11581.146484375,11581.146484375,144642.21875
