congressional_district_geoid,state_fips,state,reform_type,cost,poverty_pct_cut,child_poverty_pct_cut,poverty_gap_pct_cut,gini_index_pct_cut,baseline_poverty_count,reform_poverty_count,population,baseline_child_poverty_count,reform_child_poverty_count,child_population
101,1,AL,CTCs,0.0,-0.0,-0.0,-0.0,-0.0,73532.2578125,73532.2578125,729684.875,18075.701171875,18075.701171875,184538.75
101,1,AL,CTCs and EITCs,0.0,-0.0,-0.0,-0.0,-0.0,73532.2578125,73532.2578125,729684.875,18075.701171875,18075.701171875,184538.75
101,1,AL,EITCs,0.0,-0.0,-0.0,-0.0,-0.0,73532.2578125,73532.2578125,729684.875,18075.701171875,18075.701171875,184538.75
102,1,AL,CTCs,0.0,-0.0,-0.0,-0.0,-0.0,86066.625,86066.625,728671.25,41068.50390625,41068.50390625,187948.0
102,1,AL,CTCs and EITCs,0.0,-0.0,-0.0,-0.0,-0.0,86066.625,86066.625,728671.25,41068.50390625,41068.50390625,187948.0
102,1,AL,EITCs,0.0,-0.0,-0.0,-0.0,-0.0,86066.625,86066.625,728671.25,41068.50390625,41068.50390625,187948.0
103,1,AL,CTCs,0.0,-0.0,-0.0,-0.0,-0.0,81375.515625,81375.515625,730292.25,28381.697265625,28381.697265625,219383.3125
103,1,AL,CTCs and EITCs,0.0,-0.0,-0.0,-0.0,-0.0,81375.515625,81375.515625,730292.25,28381.697265625,28381.697265625,219383.3125
103,1,AL,EITCs,0.0,-0.0,-0.0,-0.0,-0.0,81375.515625,81375.515625,730292.25,28381.697265625,28381.697265625,219383.3125
104,1,AL,CTCs,0.0,-0.0,-0.0,-0.0,-0.0,98465.7734375,98465.7734375,729021.5625,16983.72265625,16983.72265625,133642.65625
104,1,AL,CTCs and EITCs,0.0,-0.0,-0.0,-0.0,-0.0,98465.7734375,98465.7734375,729021.5625,16983.72265625,16983.72265625,133642.65625
104,1,AL,EITCs,0.0,-0.0,-0.0,-0.0,-0.0,98465.7734375,98465.7734375,729021.5625,16983.72265625,16983.72265625,133642.65625
105,1,AL,CTCs,0.0,-0.0,-0.0,-0.0,-0.0,83539.5,83539.5,730404.4375,18516.107421875,18516.107421875,166427.953125
105,1,AL,CTCs and EITCs,0.0,-0.0,-0.0,-0.0,-0.0,83539.5,83539.5,730404.4375,18516.107421875,18516.107421875,166427.953125
105,1,AL,EITCs,0.0,-0.0,-0.0,-0.0,-0.0,83539.5,83539.5,730404.4375,18516.107421875,18516.107421875,166427.953125
106,1,AL,CTCs,0.0,-0.0,-0.0,-0.0,-0.0,102094.625,102094.625,730983.1875,26343.052734375,26343.052734375,148883.03125
106,1,AL,CTCs and EITCs,0.0,-0.0,-0.0,-0.0,-0.0,102094.625,102094.625,730983.1875,26343.052734375,26343.052734375,148883.03125
106,1,AL,EITCs,0.0,-0.0,-0.0,-0.0,-0.0,102094.625,102094.625,730983.1875,26343.052734375,26343.052734375,148883.03125
107,1,AL,CTCs,0.0,-0.0,-0.0,-0.0,-0.0,106093.53125,106093.53125,729501.5625,20802.021484375,20802.021484375,215352.125
107,1,AL,CTCs and EITCs,0.0,-0.0,-0.0,-0.0,-0.0,106093.53125,106093.53125,729501.5625,20802.021484375,20802.021484375,215352.125
107,1,AL,EITCs,0.0,-0.0,-0.0,-0.0,-0.0,106093.53125,106093.53125,729501.5625,20802.021484375,20802.021484375,215352.125
200,2,AK,CTCs,0.0,-0.0,-0.0,-0.0,-0.0,51319.171875,51319.171875,745788.0,18696.609375,18696.609375,195391.375
200,2,AK,CTCs and EITCs,0.0,-0.0,-0.0,-0.0,-0.0,51319.171875,51319.171875,745788.0,18696.609375,18696.609375,195391.375
200,2,AK,EITCs,0.0,-0.0,-0.0,-0.0,-0.0,51319.171875,51319.171875,745788.0,18696.609375,18696.609375,195391.375
401,4,AZ,CTCs,18620416.0,-0.0,-0.0,0.0013739522452178017,0.0006690299703934929,56669.2578125,56669.2578125,806544.3125,22895.8515625,22895.8515625,189001.390625
401,4,AZ,CTCs and EITCs,18620416.0,-0.0,-0.0,0.0013739522452178017,0.0006690299703934929,56669.2578125,56669.2578125,806544.3125,22895.8515625,22895.8515625,189001.390625
401,4,AZ,EITCs,0.0,-0.0,-0.0,-0.0,-0.0,56669.2578125,56669.2578125,806544.3125,22895.8515625,22895.8515625,189001.390625
402,4,AZ,CTCs,16609280.0,-0.0,-0.0,0.00477858691611953,0.0008340578411759959,161827.640625,161827.640625,808444.75,77236.578125,77236.578125,239386.046875
402,4,AZ,CTCs and EITCs,16609280.0,-0.0,-0.0,0.00477858691611953,0.0008340578411759959,161827.640625,161827.640625,808444.75,77236.578125,77236.578125,239386.046875
402,4,AZ,EITCs,0.0,-0.0,-0.0,-0.0,-0.0,161827.640625,161827.640625,808444.75,77236.578125,77236.578125,239386.046875
403,4,AZ,CTCs,11890688.0,-0.0,-0.0,0.00046647818720013245,0.00032626700901851183,117657.6875,117657.6875,808463.5625,34518.66015625,34518.66015625,179647.6875
403,4,AZ,CTCs and EITCs,11890688.0,-0.0,-0.0,0.00046647818720013245,0.00032626700901851183,117657.6875,117657.6875,808463.5625,34518.66015625,34518.66015625,179647.6875
403,4,AZ,EITCs,0.0,-0.0,-0.0,-0.0,-0.0,117657.6875,117657.6875,808463.5625,34518.66015625,34518.66015625,179647.6875
404,4,AZ,CTCs,12271616.0,-0.0,-0.0,0.00046941053609833903,0.0003890862053408769,54984.24609375,54984.24609375,808736.1875,28271.19921875,28271.19921875,141256.65625
404,4,AZ,CTCs and EITCs,12271616.0,-0.0,-0.0,0.00046941053609833903,0.0003890862053408769,54984.24609375,54984.24609375,808736.1875,28271.19921875,28271.19921875,141256.65625
404,4,AZ,EITCs,0.0,-0.0,-0.0,-0.0,-0.0,54984.24609375,54984.24609375,808736.1875,28271.19921875,28271.19921875,141256.65625
405,4,AZ,CTCs,19148800.0,0.0018052184022963047,0.0028267137240618467,0.00031322667255335746,0.000910893706194721,90887.421875,91051.7890625,808189.5,34500.1953125,34597.99609375,233240.515625
405,4,AZ,CTCs and EITCs,19148800.0,0.0018052184022963047,0.0028267137240618467,0.00031322667255335746,0.000910893706194721,90887.421875,91051.7890625,808189.5,34500.1953125,34597.99609375,233240.515625
405,4,AZ,EITCs,0.0,-0.0,-0.0,-0.0,-0.0,90887.421875,90887.421875,808189.5,34500.1953125,34500.1953125,233240.515625
406,4,AZ,CTCs,19599360.0,-0.0,-0.0,1.3451331515255747e-05,0.0009076313393910298,46217.48046875,46217.48046875,807428.0,8843.1953125,8843.1953125,199016.625
406,4,AZ,CTCs and EITCs,19599360.0,-0.0,-0.0,1.3451331515255747e-05,0.0009076313393910298,46217.48046875,46217.48046875,807428.0,8843.1953125,8843.1953125,199016.625
406,4,AZ,EITCs,0.0,-0.0,-0.0,-0.0,-0.0,46217.48046875,46217.48046875,807428.0,8843.1953125,8843.1953125,199016.625
407,4,AZ,CTCs,26966016.0,-0.0,-0.0,0.0009410429332034066,0.0007439253277422849,88588.7265625,88588.7265625,809498.4375,24445.71484375,24445.71484375,266737.9375
407,4,AZ,CTCs and EITCs,26966016.0,-0.0,-0.0,0.0009410429332034066,0.0007439253277422849,88588.7265625,88588.7265625,809498.4375,24445.71484375,24445.71484375,266737.9375
407,4,AZ,EITCs,0.0,-0.0,-0.0,-0.0,-0.0,88588.7265625,88588.7265625,809498.4375,24445.71484375,24445.71484375,266737.9375
408,4,AZ,CTCs,14946304.0,0.37266162037849426,0.6815017461776733,0.0024939989915024577,0.0006513542328969891,21506.92578125,34282.81640625,806202.3125,3980.521484375,12497.779296875,123923.75
408,4,AZ,CTCs and EITCs,14946304.0,0.37266162037849426,0.6815017461776733,0.0024939989915024577,0.0006513542328969891,21506.92578125,34282.81640625,806202.3125,3980.521484375,12497.779296875,123923.75
408,4,AZ,EITCs,0.0,-0.0,-0.0,-0.0,-0.0,21506.92578125,21506.92578125,806202.3125,3980.521484375,3980.521484375,123923.75
409,4,AZ,CTCs,13553664.0,-0.0,-0.0,0.0013006408141442358,0.0004362514981409824,163107.53125,163107.53125,806799.5625,47602.53515625,47602.53515625,179809.125
409,4,AZ,CTCs and EITCs,13553664.0,-0.0,-0.0,0.0013006408141442358,0.0004362514981409824,163107.53125,163107.53125,806799.5625,47602.53515625,47602.53515625,179809.125
409,4,AZ,EITCs,0.0,-0.0,-0.0,-0.0,-0.0,163107.53125,163107.53125,806799.5625,47602.53515625,47602.53515625,179809.125
501,5,AR,CTCs,0.0,-0.0,-0.0,-0.0,-0.0,43232.3046875,43232.3046875,765204.875,13658.23046875,13658.23046875,213507.34375
501,5,AR,CTCs and EITCs,0.0,-0.0,-0.0,-0.0,-0.0,43232.3046875,43232.3046875,765204.875,13658.23046875,13658.23046875,213507.34375
501,5,AR,EITCs,0.0,-0.0,-0.0,-0.0,-0.0,43232.3046875,43232.3046875,765204.875,13658.23046875,13658.23046875,213507.34375
502,5,AR,CTCs,0.0,-0.0,-0.0,-0.0,-0.0,108247.03125,108247.03125,765384.75,11493.6240234375,11493.6240234375,191443.5
502,5,AR,CTCs and EITCs,0.0,-0.0,-0.0,-0.0,-0.0,108247.03125,108247.03125,765384.75,11493.6240234375,11493.6240234375,191443.5
502,5,AR,EITCs,0.0,-0.0,-0.0,-0.0,-0.0,108247.03125,108247.03125,765384.75,11493.6240234375,11493.6240234375,191443.5
503,5,AR,CTCs,0.0,-0.0,-0.0,-0.0,-0.0,27969.939453125,27969.939453125,766080.4375,6656.0068359375,6656.0068359375,199976.109375
503,5,AR,CTCs and EITCs,0.0,-0.0,-0.0,-0.0,-0.0,27969.939453125,27969.939453125,766080.4375,6656.0068359375,6656.0068359375,199976.109375
503,5,AR,EITCs,0.0,-0.0,-0.0,-0.0,-0.0,27969.939453125,27969.939453125,766080.4375,6656.0068359375,6656.0068359375,199976.109375
504,5,AR,CTCs,0.0,-0.0,-0.0,-0.0,-0.0,29666.12109375,29666.12109375,765881.5,8285.5634765625,8285.5634765625,172864.34375
504,5,AR,CTCs and EITCs,0.0,-0.0,-0.0,-0.0,-0.0,29666.12109375,29666.12109375,765881.5,8285.5634765625,8285.5634765625,172864.34375
504,5,AR,EITCs,0.0,-0.0,-0.0,-0.0,-0.0,29666.12109375,29666.12109375,765881.5,8285.5634765625,8285.5634765625,172864.34375
601,6,CA,CTCs,4448256.0,0.014483300969004631,0.01652163453400135,0.004164241927256565,0.00018176636285501647,42683.34375,43310.625,778641.8125,12890.65625,13107.208984375,146985.390625
601,6,CA,CTCs and EITCs,20000768.0,0.049979496747255325,0.09238078445196152,0.027071358425862627,0.0009410870612342834,42683.34375,44928.8671875,778641.8125,12890.65625,14202.7138671875,146985.390625
601,6,CA,EITCs,15552512.0,0.03518898785114288,0.07589056342840195,0.022576999004215344,0.0007576858065869371,42683.34375,44240.109375,778641.8125,12890.65625,13949.2744140625,146985.390625
602,6,CA,CTCs,15716352.0,-0.0,-0.0,0.03272264167761532,0.0006968958071912192,103738.6953125,103738.6953125,780147.75,39098.5859375,39098.5859375,180270.1875
602,6,CA,CTCs and EITCs,39493632.0,0.0006362160202115774,0.000843935995362699,0.04636167890535776,0.001882600164233338,103738.6953125,103804.734375,780147.75,39098.5859375,39131.609375,180270.1875
602,6,CA,EITCs,23781376.0,-0.0,-0.0,0.014565874344144246,0.0011856407577695441,103738.6953125,103738.6953125,780147.75,39098.5859375,39098.5859375,180270.1875
603,6,CA,CTCs,11472896.0,0.003135323990136385,0.007610867265611887,0.004464671081380193,0.0005811070744186224,55482.71875,55657.22265625,778121.375,11376.951171875,11464.2041015625,165998.140625
603,6,CA,CTCs and EITCs,27824128.0,0.0045214868150651455,0.008867989294230938,0.017378845335252278,0.0014205160289098256,55482.71875,55734.7265625,778121.375,11376.951171875,11478.744140625,165998.140625
603,6,CA,EITCs,16351232.0,0.003741881810128689,0.007610867265611887,0.012960051815592828,0.0008390925368079346,55482.71875,55691.109375,778121.375,11376.951171875,11464.2041015625,165998.140625
604,6,CA,CTCs,1581056.0,0.0031069074757397175,0.00717184180393815,0.0009011481225140694,8.715214185338763e-05,134761.953125,135181.953125,776847.375,25653.251953125,25838.5625,155212.65625
604,6,CA,CTCs and EITCs,17461248.0,0.005764083471149206,0.015431756153702736,0.011421015955648536,0.0011808993901757459,134761.953125,135543.234375,776847.375,25653.251953125,26055.330078125,155212.65625
604,6,CA,EITCs,15872000.0,0.004539509303867817,0.01417005155235529,0.010518771539911126,0.0010929842691729942,134761.953125,135376.5,776847.375,25653.251953125,26021.984375,155212.65625
605,6,CA,CTCs,12046336.0,0.0013453287538141012,0.002667006803676486,0.008575116454283143,0.0007182019346804672,115608.4609375,115764.203125,773791.0625,26903.177734375,26975.12109375,242613.15625
605,6,CA,CTCs and EITCs,27459584.0,0.01880611665546894,0.03620246425271034,0.01737628974656715,0.0015240831027033533,115608.4609375,117824.28125,773791.0625,26903.177734375,27913.72265625,242613.15625
605,6,CA,EITCs,15413248.0,0.009339544922113419,0.017234470695257187,0.008822474232810287,0.000806111914726392,115608.4609375,116698.375,773791.0625,26903.177734375,27374.970703125,242613.15625
606,6,CA,CTCs,2240512.0,0.026290839537978172,0.08770228177309036,0.0038471167064129423,0.00012562226928653327,38701.0546875,39746.01171875,770340.3125,5582.77783203125,6119.46923828125,158272.25
606,6,CA,CTCs and EITCs,25251840.0,0.0466403067111969,0.1398196965456009,0.01367459024766509,0.0008026037526352624,38701.0546875,40594.390625,770340.3125,5582.77783203125,6490.2412109375,158272.25
606,6,CA,EITCs,23007232.0,0.021924253553152084,0.07264955341815948,0.009119728156363494,0.0006763391196597491,38701.0546875,39568.56640625,770340.3125,5582.77783203125,6020.13818359375,158272.25
607,6,CA,CTCs,15245312.0,0.0025298611726611853,0.0036791430320590734,0.0014515806924739105,0.0008133868956152088,68172.625,68345.53125,768312.4375,20066.279296875,20140.37890625,167052.0625
607,6,CA,CTCs and EITCs,38809600.0,0.00424758018925786,0.005239297170192003,0.01719039987284966,0.0018877542196172072,68172.625,68463.4296875,768312.4375,20066.279296875,20171.966796875,167052.0625
607,6,CA,EITCs,23564288.0,0.0005707459058612585,-0.0,0.01575688054794028,0.0010741597863063205,68172.625,68211.5546875,768312.4375,20066.279296875,20066.279296875,167052.0625
608,6,CA,CTCs,3100672.0,0.0032058085780590773,0.004219931550323963,0.008858962549148777,0.0002014398458315868,41723.34375,41857.53125,772493.75,10555.0,10599.7294921875,214398.15625
608,6,CA,CTCs and EITCs,11177984.0,0.006121540442109108,0.009635654278099537,0.021104888723265148,0.0006602125284771148,41723.34375,41980.328125,772493.75,10555.0,10657.693359375,214398.15625
608,6,CA,EITCs,8077312.0,0.006121540442109108,0.009635654278099537,0.012460489062549436,0.0004571756703524852,41723.34375,41980.328125,772493.75,10555.0,10657.693359375,214398.15625
609,6,CA,CTCs,14213120.0,0.00965302437543869,0.03251706808805466,0.011386863979777824,0.0008643386998634001,98315.0390625,99273.328125,770451.75,15859.033203125,16392.0546875,168106.5625
609,6,CA,CTCs and EITCs,31612928.0,0.012746074236929417,0.04493889957666397,0.021893574497515056,0.0018700405645360263,98315.0390625,99584.3515625,770451.75,15859.033203125,16605.255859375,168106.5625
609,6,CA,EITCs,17395712.0,0.009414972737431526,0.03589501231908798,0.010578620710032465,0.0010041489131484506,98315.0390625,99249.46875,770451.75,15859.033203125,16449.48828125,168106.5625
610,6,CA,CTCs,581632.0,-0.0,-0.0,0.0006412214819412579,3.0975597715912485e-05,99947.7734375,99947.7734375,771929.0625,10096.7919921875,10096.7919921875,77971.4296875
610,6,CA,CTCs and EITCs,13479936.0,-0.0,-0.0,0.020655376207652818,0.0007052536202319283,99947.7734375,99947.7734375,771929.0625,10096.7919921875,10096.7919921875,77971.4296875
610,6,CA,EITCs,12900352.0,-0.0,-0.0,0.02003958875874814,0.0006740576753581524,99947.7734375,99947.7734375,771929.0625,10096.7919921875,10096.7919921875,77971.4296875
611,6,CA,CTCs,8343552.0,-0.0,-0.0,0.005432855497175313,0.0005391611093660506,101062.453125,101062.453125,772370.75,38786.1796875,38786.1796875,176082.4375
611,6,CA,CTCs and EITCs,32497664.0,-0.0,-0.0,0.010231503489889706,0.0019241551077662073,101062.453125,101062.453125,772370.75,38786.1796875,38786.1796875,176082.4375
611,6,CA,EITCs,24150016.0,-0.0,-0.0,0.004851088838145664,0.001385772331060665,101062.453125,101062.453125,772370.75,38786.1796875,38786.1796875,176082.4375
612,6,CA,CTCs,19288064.0,-0.0,-0.0,0.0009245515037970635,0.0005768872001288861,211061.390625,211061.390625,772132.8125,80545.34375,80545.34375,156781.421875
612,6,CA,CTCs and EITCs,53358592.0,0.16587620973587036,0.1478942334651947,0.017069983846964808,0.0022678937011915323,211061.390625,253033.671875,772132.8125,80545.34375,94525.0546875,156781.421875
612,6,CA,EITCs,34078720.0,0.0007475826423615217,0.0005160242435522377,0.01292122770068292,0.0016888973170916784,211061.390625,211219.296875,772132.8125,80545.34375,80586.9296875,156781.421875
613,6,CA,CTCs,11118592.0,0.0045730904676020145,0.01139859389513731,0.014057385343864899,0.0012468721805170661,146231.96875,146903.765625,779339.625,29601.82421875,29943.134765625,171341.28125
613,6,CA,CTCs and EITCs,57450496.0,0.01008466724306345,0.031315021216869354,0.06071539840894799,0.005049245748749286,146231.96875,147721.6875,779339.625,29601.82421875,30558.7734375,171341.28125
613,6,CA,EITCs,46336000.0,0.0023007579147815704,0.008094826713204384,0.04787296729148496,0.0038000712321866977,146231.96875,146569.1875,779339.625,29601.82421875,29843.40234375,171341.28125
614,6,CA,CTCs,8847360.0,0.0020378667395561934,0.006156907416880131,0.0012591301885209753,0.0007613517635823441,97163.140625,97361.546875,771753.375,8007.0146484375,8056.6181640625,113072.625
614,6,CA,CTCs and EITCs,16494592.0,0.0020378667395561934,0.006156907416880131,0.007388635571682583,0.0012843970583091657,97163.140625,97361.546875,771753.375,8007.0146484375,8056.6181640625,113072.625
614,6,CA,EITCs,7643136.0,-0.0,-0.0,0.006133116377984605,0.0005228815789356312,97163.140625,97163.140625,771753.375,8007.0146484375,8007.0146484375,113072.625
615,6,CA,CTCs,4153344.0,-0.0,-0.0,0.00305970885853308,0.00024104071641394063,208129.0625,208129.0625,770724.375,46164.859375,46164.859375,192070.125
615,6,CA,CTCs and EITCs,14991360.0,-0.0,-0.0,0.0083148370642022,0.0007658090599394173,208129.0625,208129.0625,770724.375,46164.859375,46164.859375,192070.125
615,6,CA,EITCs,10846208.0,-0.0,-0.0,0.005287334510948752,0.0005242063149349703,208129.0625,208129.0625,770724.375,46164.859375,46164.859375,192070.125
616,6,CA,CTCs,577536.0,-0.0,-0.0,0.00022905812774749507,3.698235852622297e-05,121133.3671875,121133.3671875,768757.9375,43385.62109375,43385.62109375,182985.65625
616,6,CA,CTCs and EITCs,13721600.0,6.354591459967196e-05,-0.0,0.00629408174277321,0.000620704155967215,121133.3671875,121141.0625,768757.9375,43385.62109375,43385.62109375,182985.65625
616,6,CA,EITCs,13144064.0,6.354591459967196e-05,-0.0,0.006067794031444048,0.000583731920910619,121133.3671875,121141.0625,768757.9375,43385.62109375,43385.62109375,182985.65625
617,6,CA,CTCs,15941632.0,-0.0,-0.0,0.01453201968836534,0.0009566682533414501,126235.140625,126235.140625,769937.6875,50668.8671875,50668.8671875,219210.78125
617,6,CA,CTCs and EITCs,36175872.0,0.0009007737971842289,-0.0,0.028649428388170348,0.0019390748460353152,126235.140625,126348.953125,769937.6875,50668.8671875,50668.8671875,219210.78125
617,6,CA,EITCs,20242432.0,0.0009007737971842289,-0.0,0.014533767978956428,0.000983135068715246,126235.140625,126348.953125,769937.6875,50668.8671875,50668.8671875,219210.78125
618,6,CA,CTCs,2693120.0,-0.0,-0.0,0.0013155988996319792,0.0002154951820159701,157670.265625,157670.265625,775768.625,9310.7578125,9310.7578125,151615.71875
618,6,CA,CTCs and EITCs,15628288.0,0.003721944522112608,0.03199270740151405,0.010402842411615277,0.001254160088085039,157670.265625,158259.296875,775768.625,9310.7578125,9618.478515625,151615.71875
618,6,CA,EITCs,12935168.0,0.003721944522112608,0.03199270740151405,0.009111091397087307,0.00103607971998858,157670.265625,158259.296875,775768.625,9310.7578125,9618.478515625,151615.71875
619,6,CA,CTCs,1388544.0,-0.0,-0.0,0.0005174878990202493,6.372938562228234e-05,116465.453125,116465.453125,769599.25,16989.45703125,16989.45703125,223790.78125
619,6,CA,CTCs and EITCs,20525056.0,0.0030995348934084177,0.010544521734118462,0.010098843020425326,0.0009124736932199476,116465.453125,116827.5625,769599.25,16989.45703125,17170.51171875,223790.78125
619,6,CA,EITCs,19140608.0,0.0030995348934084177,0.010544521734118462,0.00959123155546712,0.0008485234809482397,116465.453125,116827.5625,769599.25,16989.45703125,17170.51171875,223790.78125
620,6,CA,CTCs,4675584.0,0.0023454974871128798,0.022669106721878052,0.0012487688637122915,0.00037755821549418067,187490.96875,187931.765625,775187.375,10534.9267578125,10779.283203125,151256.0625
620,6,CA,CTCs and EITCs,23949312.0,0.007613612804561853,0.05276345834136009,0.006320398123188493,0.0020470346067178557,187490.96875,188929.40625,775187.375,10534.9267578125,11121.748046875,151256.0625
620,6,CA,EITCs,19273728.0,0.007133868057280779,0.048859603703022,0.0050223372469250325,0.0016663850616423226,187490.96875,188838.109375,775187.375,10534.9267578125,11076.1005859375,151256.0625
621,6,CA,CTCs,27742208.0,0.0069322106428444386,0.009722704067826271,0.0071346528301392325,0.0012291541098451437,106631.875,107376.234375,768670.0625,54822.921875,55361.1796875,210840.53125
621,6,CA,CTCs and EITCs,56289280.0,0.15309958159923553,0.025419071316719055,0.03403936446534185,0.0036532067005941586,106631.875,125908.3984375,768670.0625,54822.921875,56252.81640625,210840.53125
621,6,CA,EITCs,28549120.0,0.1473570466041565,0.016659151762723923,0.026867422490603733,0.0024160586589717053,106631.875,125060.40625,768670.0625,54822.921875,55751.6953125,210840.53125
622,6,CA,CTCs,23105536.0,0.12997037172317505,0.21726065874099731,0.04998928060931422,0.0030357658889578264,103761.015625,119261.46875,794629.25,27577.119140625,35231.546875,218053.90625
622,6,CA,CTCs and EITCs,62066688.0,0.1393779218196869,0.22219336032867432,0.10602376689574625,0.0076335876087458236,103761.015625,120565.125,794629.25,27577.119140625,35454.98046875,218053.90625
622,6,CA,EITCs,38959104.0,0.13496734201908112,0.21537096798419952,0.058162307095450214,0.00460751791954996,103761.015625,119950.3984375,794629.25,27577.119140625,35146.6953125,218053.90625
623,6,CA,CTCs,3850240.0,0.006193732377141714,0.00864348653703928,0.004623658393106241,0.0001556353631993946,78471.765625,78960.828125,774340.25,36713.46875,37033.56640625,179829.140625
623,6,CA,CTCs and EITCs,51007488.0,0.020598990842700005,0.019534558057785034,0.12412040840123505,0.0028553518152128247,78471.765625,80122.203125,774340.25,36713.46875,37444.9375,179829.140625
623,6,CA,EITCs,47157248.0,0.013727255165576935,0.013179571367800236,0.11998010813873256,0.0026978511533946297,78471.765625,79563.9609375,774340.25,36713.46875,37203.796875,179829.140625
624,6,CA,CTCs,3641344.0,0.00821282621473074,0.04485179856419563,0.0024920135718440456,0.00022307576636364102,101046.78125,101883.53125,777964.25,10045.1923828125,10516.89453125,124553.6015625
624,6,CA,CTCs and EITCs,19316736.0,0.0093369847163558,0.05111002177000046,0.012087503296716276,0.001017937030711246,101046.78125,101999.140625,777964.25,10045.1923828125,10586.255859375,124553.6015625
624,6,CA,EITCs,15671296.0,0.006588656455278397,0.03722745552659035,0.00956382379756151,0.0007933489412499852,101046.78125,101716.9609375,777964.25,10045.1923828125,10433.609375,124553.6015625
625,6,CA,CTCs,4071424.0,0.02189718745648861,0.043648503720760345,0.0026911422497188048,9.291878725984093e-05,94333.171875,96445.046875,780403.4375,30989.421875,32403.798828125,229238.84375
625,6,CA,CTCs and EITCs,59092992.0,0.03209204599261284,0.05471458658576012,0.10350437437002302,0.0017221030727848368,94333.171875,97460.890625,780403.4375,30989.421875,32783.13671875,229238.84375
625,6,CA,EITCs,55029760.0,0.021681848913431168,0.038940925151109695,0.10066802692508944,0.0016281336250913653,94333.171875,96423.8203125,780403.4375,30989.421875,32245.07421875,229238.84375
626,6,CA,CTCs,1937408.0,0.005795416422188282,0.016619622707366943,0.0015090673141893304,0.00011981782359682042,100901.7578125,101489.9296875,771235.875,21751.05078125,22118.65625,158356.875
626,6,CA,CTCs and EITCs,23666688.0,0.005795416422188282,0.016619622707366943,0.025487797809009335,0.0017252005773555094,100901.7578125,101489.9296875,771235.875,21751.05078125,22118.65625,158356.875
626,6,CA,EITCs,21729280.0,0.005795416422188282,0.016619622707366943,0.023982075042134794,0.0016048125740050461,100901.7578125,101489.9296875,771235.875,21751.05078125,22118.65625,158356.875
627,6,CA,CTCs,33202176.0,0.004664355888962746,0.009984796866774559,0.016321971518217633,0.0012732972768036532,145383.546875,146064.84375,775829.125,41905.9765625,42328.6171875,217339.84375
627,6,CA,CTCs and EITCs,76996608.0,0.005990719888359308,0.01303555816411972,0.035476999677741206,0.0033645165229543943,145383.546875,146259.75,775829.125,41905.9765625,42459.45703125,217339.84375
627,6,CA,EITCs,43790336.0,0.004702404607087374,0.01083009596914053,0.01976999324709501,0.0020901800058641964,145383.546875,146070.421875,775829.125,41905.9765625,42364.7890625,217339.84375
628,6,CA,CTCs,13254656.0,0.004745161160826683,0.01113592367619276,0.010713509935894141,0.001353673769479263,159701.28125,160462.703125,773265.0,44329.96875,44829.18359375,170799.859375
628,6,CA,CTCs and EITCs,30642176.0,0.006907917559146881,0.013443776406347752,0.018333166240371596,0.0021043848185092347,159701.28125,160812.15625,773265.0,44329.96875,44934.05078125,170799.859375
628,6,CA,EITCs,17383424.0,0.006907917559146881,0.013443776406347752,0.00767794271219626,0.0007508418814284778,159701.28125,160812.15625,773265.0,44329.96875,44934.05078125,170799.859375
629,6,CA,CTCs,14368768.0,0.0016034533036872745,0.0025298758409917355,0.016809411078268676,0.0009971925609499885,126319.0703125,126521.9375,768877.3125,35171.79296875,35261.0,190562.15625
629,6,CA,CTCs and EITCs,38866944.0,0.007492685690522194,0.00556101743131876,0.0327211150189349,0.0023913649665008104,126319.0703125,127272.6875,768877.3125,35171.79296875,35368.4765625,190562.15625
629,6,CA,EITCs,24498176.0,0.006734899245202541,0.004538498818874359,0.01641359219678163,0.0013922164850259716,126319.0703125,127175.578125,768877.3125,35171.79296875,35332.1484375,190562.15625
630,6,CA,CTCs,16670720.0,-0.0,-0.0,0.013289454276743629,0.0013398197400061999,165833.875,165833.875,772192.5,40381.4921875,40381.4921875,94384.421875
630,6,CA,CTCs and EITCs,59142144.0,0.0002629735099617392,-0.0,0.039011609768440814,0.004413104842127712,165833.875,165877.5,772192.5,40381.4921875,40381.4921875,94384.421875
630,6,CA,EITCs,42471424.0,0.0002629735099617392,-0.0,0.026410423050525746,0.003070328328719079,165833.875,165877.5,772192.5,40381.4921875,40381.4921875,94384.421875
631,6,CA,CTCs,3117056.0,-0.0,-0.0,0.0021234680431797028,0.00012231175399260108,167913.90625,167913.90625,767552.375,27040.9453125,27040.9453125,201915.1875
631,6,CA,CTCs and EITCs,36818944.0,0.0007408802630379796,0.0013632765039801598,0.03643114788270964,0.002058691354210981,167913.90625,168038.40625,767552.375,27040.9453125,27077.859375,201915.1875
631,6,CA,EITCs,33701888.0,0.0001918425696203485,-0.0,0.03443853977625133,0.001935608557228961,167913.90625,167946.125,767552.375,27040.9453125,27040.9453125,201915.1875
632,6,CA,CTCs,1757184.0,-0.0,-0.0,0.001835561251399316,0.00010242281036119334,126339.515625,126339.515625,770835.125,37178.4765625,37178.4765625,170270.609375
632,6,CA,CTCs and EITCs,17330176.0,0.0014051365433260798,0.0016225397121161222,0.010229985462173146,0.0008794862889011882,126339.515625,126517.28125,770835.125,37178.4765625,37238.8984375,170270.609375
632,6,CA,EITCs,15577088.0,0.0014051365433260798,0.0016225397121161222,0.00842519586544496,0.0007771797038398111,126339.515625,126517.28125,770835.125,37178.4765625,37238.8984375,170270.609375
633,6,CA,CTCs,7702528.0,0.0005042809061706066,0.0009384988225065172,0.007545943787715552,0.0006969703465242626,97602.2421875,97651.484375,769428.25,26206.61328125,26231.23046875,236012.09375
633,6,CA,CTCs and EITCs,56821760.0,0.008016821928322315,0.013140478171408176,0.0630499559786594,0.0050529208512358,97602.2421875,98391.03125,769428.25,26206.61328125,26555.56640625,236012.09375
633,6,CA,EITCs,49115136.0,0.007520210929214954,0.012224840000271797,0.05608086249310512,0.004349465617692348,97602.2421875,98341.796875,769428.25,26206.61328125,26530.94921875,236012.09375
634,6,CA,CTCs,3842048.0,0.00019919915939681232,0.0007599128293804824,0.001559309340751574,0.00013558541395438428,129435.5625,129461.34375,771231.3125,11302.6328125,11311.228515625,154399.734375
634,6,CA,CTCs and EITCs,25085952.0,0.010626125149428844,0.06472723186016083,0.007482349386133976,0.0010973616959665652,129435.5625,130825.734375,771231.3125,11302.6328125,12084.8515625,154399.734375
634,6,CA,EITCs,21243904.0,0.009863507002592087,0.06212032213807106,0.0058086184345283775,0.0009593054993937179,129435.5625,130724.9609375,771231.3125,11302.6328125,12051.2607421875,154399.734375
635,6,CA,CTCs,3710976.0,0.00922077614814043,0.013852509669959545,0.002744924568012397,0.00027281978518153534,163974.59375,165500.640625,776877.5,61513.25390625,62377.3359375,225082.6875
635,6,CA,CTCs and EITCs,14843904.0,0.009700118564069271,0.014485322870314121,0.011256651794814831,0.0010723302519558898,163974.59375,165580.75,776877.5,61513.25390625,62417.390625,225082.6875
635,6,CA,EITCs,11130880.0,0.0014536974485963583,0.0021816715598106384,0.008355507184995888,0.0007974690357391899,163974.59375,164213.3125,776877.5,61513.25390625,61647.75,225082.6875
636,6,CA,CTCs,40284160.0,-0.0,-0.0,0.018437746017175117,0.0026578520306998247,175020.0625,175020.0625,768872.8125,29413.5546875,29413.5546875,161720.53125
636,6,CA,CTCs and EITCs,66195456.0,0.0005393091705627739,-0.0,0.02973349191361457,0.004264341038548763,175020.0625,175114.5,768872.8125,29413.5546875,29413.5546875,161720.53125
636,6,CA,EITCs,25915392.0,0.0005393091705627739,-0.0,0.01172155821181885,0.0016091569498262583,175020.0625,175114.5,768872.8125,29413.5546875,29413.5546875,161720.53125
637,6,CA,CTCs,10121216.0,0.011771958321332932,0.04865109175443649,0.007391847690095199,0.0008271730921112761,117002.296875,118396.0546875,769181.25,13967.541015625,14681.828125,186323.171875
637,6,CA,CTCs and EITCs,24924160.0,0.018223727121949196,0.07636839896440506,0.02942254248871117,0.0016471510441674556,117002.296875,119174.09375,769181.25,13967.541015625,15122.416015625,186323.171875
637,6,CA,EITCs,14807040.0,0.011533877812325954,0.051565974950790405,0.021869190468078382,0.0008178533213088374,117002.296875,118367.53125,769181.25,13967.541015625,14726.951171875,186323.171875
638,6,CA,CTCs,4083712.0,-0.0,-0.0,0.004226567672482481,0.00045914625226020145,168076.171875,168076.171875,768824.375,81465.484375,81465.484375,224649.546875
638,6,CA,CTCs and EITCs,12713984.0,-0.0,-0.0,0.008538879943626364,0.00099534895003739,168076.171875,168076.171875,768824.375,81465.484375,81465.484375,224649.546875
638,6,CA,EITCs,8628224.0,-0.0,-0.0,0.004348915157247793,0.0005337848519260192,168076.171875,168076.171875,768824.375,81465.484375,81465.484375,224649.546875
639,6,CA,CTCs,6975488.0,0.0002582590968813747,0.0005844444967806339,0.017630306147484783,0.00043961742478600417,111556.8671875,111585.6796875,767742.875,24633.173828125,24647.580078125,143471.765625
639,6,CA,CTCs and EITCs,26079232.0,0.0011533916695043445,0.0032805134542286396,0.05123635503575041,0.0016231447450221676,111556.8671875,111685.6796875,767742.875,24633.173828125,24714.25,143471.765625
639,6,CA,EITCs,19103744.0,-0.0,-0.0,0.034784002110355275,0.0011828034450219237,111556.8671875,111556.8671875,767742.875,24633.173828125,24633.173828125,143471.765625
640,6,CA,CTCs,1490944.0,-0.0,-0.0,0.0006377694520963389,7.038918319493174e-05,128253.78125,128253.78125,771740.625,12943.26953125,12943.26953125,170071.90625
640,6,CA,CTCs and EITCs,19087360.0,0.008719141595065594,0.03009464591741562,0.009272984336341146,0.0010211413657961394,128253.78125,129381.875,771740.625,12943.26953125,13344.8779296875,170071.90625
640,6,CA,EITCs,17596416.0,0.008719141595065594,0.03009464591741562,0.00864619276454165,0.0009507334742192081,128253.78125,129381.875,771740.625,12943.26953125,13344.8779296875,170071.90625
641,6,CA,CTCs,24150016.0,-0.0,-0.0,0.015301662437114009,0.0006044424315067524,110099.9921875,110099.9921875,773005.1875,16062.5751953125,16062.5751953125,188818.421875
641,6,CA,CTCs and EITCs,49258496.0,0.002902709413319826,0.009878276847302914,0.04824626293575814,0.0012511681760696705,110099.9921875,110420.5,773005.1875,16062.5751953125,16222.828125,188818.421875
641,6,CA,EITCs,25100288.0,0.002902709413319826,0.009878276847302914,0.03395873652746841,0.0006465448332002709,110099.9921875,110420.5,773005.1875,16062.5751953125,16222.828125,188818.421875
642,6,CA,CTCs,24842240.0,-0.0,-0.0,0.011725380068514157,0.0021260576927139905,157051.078125,157051.078125,771464.875,44277.91796875,44277.91796875,172338.9375
642,6,CA,CTCs and EITCs,41046016.0,-0.0,-0.0,0.0194292444192507,0.0031583670958116993,157051.078125,157051.078125,771464.875,44277.91796875,44277.91796875,172338.9375
642,6,CA,EITCs,16201728.0,-0.0,-0.0,0.007887023913026798,0.0010395273408767903,157051.078125,157051.078125,771464.875,44277.91796875,44277.91796875,172338.9375
643,6,CA,CTCs,12152832.0,0.003570327302441001,0.004000535234808922,0.02142635286912386,0.0005842181225088353,122963.4296875,123404.015625,766121.125,51625.94921875,51833.30859375,237799.0
643,6,CA,CTCs and EITCs,31752192.0,0.01051552314311266,0.01411689817905426,0.04887474631054036,0.0016313942878048591,122963.4296875,124270.1875,766121.125,51625.94921875,52365.18359375,237799.0
643,6,CA,EITCs,19599360.0,0.008571835234761238,0.0120628597214818,0.0285332330733495,0.0010452123439878707,122963.4296875,124026.5625,766121.125,51625.94921875,52256.30859375,237799.0
644,6,CA,CTCs,9457664.0,-0.0,-0.0,0.0033398607476166414,0.0008833293003823242,58642.62109375,58642.62109375,769815.5625,15814.21875,15814.21875,214111.375
644,6,CA,CTCs and EITCs,22552576.0,0.0105274748057127,0.015434861183166504,0.012168794979748555,0.0017626413194637696,58642.62109375,59266.546875,769815.5625,15814.21875,16062.13671875,214111.375
644,6,CA,EITCs,13092864.0,0.005099168978631496,0.0074419137090444565,0.00875920961319921,0.0008790667339107765,58642.62109375,58943.1796875,769815.5625,15814.21875,15932.7890625,214111.375
645,6,CA,CTCs,24489984.0,0.004992205183953047,0.014800536446273327,0.04573532359431348,0.001927654647912662,130175.609375,130828.734375,771431.125,26085.419921875,26477.296875,140263.90625
645,6,CA,CTCs and EITCs,41701376.0,0.005776758771389723,0.015453766100108624,0.07234712634785281,0.003162931053635659,130175.609375,130931.9765625,771431.125,26085.419921875,26494.865234375,140263.90625
645,6,CA,EITCs,17207296.0,0.0007924429955892265,0.0006730777095071971,0.029082610959928593,0.0012364341342936112,130175.609375,130278.8515625,771431.125,26085.419921875,26102.98828125,140263.90625
646,6,CA,CTCs,19107840.0,0.0042915972881019115,0.010578195564448833,0.0019312564949336586,0.001058238510926398,119934.265625,120451.1875,770077.5,25881.8984375,26158.609375,163282.15625
646,6,CA,CTCs and EITCs,45453312.0,0.012223421595990658,0.03193648159503937,0.019771985621368615,0.002144660906385515,119934.265625,121418.40625,770077.5,25881.8984375,26735.744140625,163282.15625
646,6,CA,EITCs,26345472.0,0.0011656221468001604,0.00149080203846097,0.017746229827177634,0.0010756233972812983,119934.265625,120074.21875,770077.5,25881.8984375,25920.541015625,163282.15625
647,6,CA,CTCs,5500928.0,-0.0,-0.0,0.006389118539593502,0.00036118891587956004,144158.921875,144158.921875,770926.4375,41461.875,41461.875,294802.28125
647,6,CA,CTCs and EITCs,22171648.0,0.0012179763289168477,0.0009100254974327981,0.0250273870475299,0.0013762711550641816,144158.921875,144334.71875,770926.4375,41461.875,41499.640625,294802.28125
647,6,CA,EITCs,16662528.0,0.00017153828230220824,-0.0,0.018872770618175883,0.000993218633639021,144158.921875,144183.65625,770926.4375,41461.875,41461.875,294802.28125
648,6,CA,CTCs,21049344.0,0.0066109769977629185,0.02070080302655697,0.0009623071000195481,0.00169961753829869,83119.1875,83672.34375,771816.375,15707.0380859375,16039.060546875,155836.5
648,6,CA,CTCs and EITCs,42246144.0,0.006748252548277378,0.02070080302655697,0.01611673206915012,0.003435404573480213,83119.1875,83683.90625,771816.375,15707.0380859375,16039.060546875,155836.5
648,6,CA,EITCs,21196800.0,0.0027839913964271545,0.00696983328089118,0.015083228750875147,0.0017371907005552128,83119.1875,83351.234375,771816.375,15707.0380859375,15817.2822265625,155836.5
649,6,CA,CTCs,2248704.0,-0.0,-0.0,0.0024341458734991935,0.00013754410093331053,93141.265625,93141.265625,768580.625,30221.876953125,30221.876953125,125683.6875
649,6,CA,CTCs and EITCs,33095680.0,-0.0,1.239388751628212e-07,0.034626628974365026,0.0018848331111347041,93141.265625,93141.265625,768580.625,30221.876953125,30221.880859375,125683.6875
649,6,CA,EITCs,30842880.0,-0.0,-0.0,0.03234723019874999,0.001747366340013606,93141.265625,93141.265625,768580.625,30221.876953125,30221.876953125,125683.6875
650,6,CA,CTCs,696320.0,-0.0,-0.0,0.00032550170658605655,2.434587973872157e-05,142568.90625,142568.90625,771581.3125,42013.08984375,42013.08984375,161539.546875
650,6,CA,CTCs and EITCs,20217856.0,2.2096217435318977e-05,-0.0,0.007069628926285034,0.0011044710286525722,142568.90625,142572.0625,771581.3125,42013.08984375,42013.08984375,161539.546875
650,6,CA,EITCs,19525632.0,2.2096217435318977e-05,-0.0,0.006748505153933111,0.0010791896924441625,142568.90625,142572.0625,771581.3125,42013.08984375,42013.08984375,161539.546875
651,6,CA,CTCs,9240576.0,-0.0,-0.0,0.010819836592835832,0.0009430119258437733,126961.8046875,126961.8046875,768715.6875,27899.138671875,27899.138671875,185939.875
651,6,CA,CTCs and EITCs,25620480.0,0.002276252256706357,0.002938227029517293,0.026766456316457365,0.00218477054032733,126961.8046875,127251.4609375,768715.6875,27899.138671875,27981.35546875,185939.875
651,6,CA,EITCs,16379904.0,0.002276252256706357,0.002938227029517293,0.016294509290747876,0.001222107923508625,126961.8046875,127251.4609375,768715.6875,27899.138671875,27981.35546875,185939.875
652,6,CA,CTCs,27217920.0,0.00014138266851659864,0.00020142011635471135,0.020687855037145386,0.0009748260793241015,140892.671875,140912.59375,775512.125,49441.38671875,49451.34765625,199772.140625
652,6,CA,CTCs and EITCs,61288448.0,0.002667867112904787,0.002261577406898141,0.05052655675810094,0.0023449501222721314,140892.671875,141269.5625,775512.125,49441.38671875,49553.45703125,199772.140625
652,6,CA,EITCs,34074624.0,0.0025273612700402737,0.002060986589640379,0.031092639239956074,0.0013699021725356864,140892.671875,141249.65625,775512.125,49441.38671875,49543.49609375,199772.140625
801,8,CO,CTCs,74813440.0,0.053977493196725845,0.13388971984386444,0.0679932526376228,0.003689658051524977,54405.484375,57509.71484375,733991.125,11749.115234375,13565.3798828125,156801.328125
801,8,CO,CTCs and EITCs,82829312.0,0.0690084770321846,0.15304090082645416,0.07703167662875353,0.004057635840384501,54405.484375,58438.21484375,733991.125,11749.115234375,13872.1162109375,156801.328125
801,8,CO,EITCs,8015872.0,0.01817074790596962,0.040119241923093796,0.008038638945757048,0.00036627766163649367,54405.484375,55412.3671875,733991.125,11749.115234375,12240.181640625,156801.328125
802,8,CO,CTCs,52080640.0,0.04735582694411278,0.07697243243455887,0.041239275480227516,0.004274577920114061,73690.203125,77353.3359375,734202.375,18985.548828125,20568.77734375,134044.90625
802,8,CO,CTCs and EITCs,66650112.0,0.049105942249298096,0.08015581965446472,0.06029872261522613,0.005442050770803824,73690.203125,77495.703125,734202.375,18985.548828125,20639.9609375,134044.90625
802,8,CO,EITCs,14569472.0,0.00953698717057705,0.01230466179549694,0.018852845166518806,0.0011721392197366883,73690.203125,74399.7578125,734202.375,18985.548828125,19222.068359375,134044.90625
803,8,CO,CTCs,202975232.0,0.09980754554271698,0.4324771761894226,0.02034820027014888,0.017945394744752607,38813.4453125,43116.83203125,733412.0,2959.765625,5215.236328125,134389.734375
803,8,CO,CTCs and EITCs,229339136.0,0.1074911579489708,0.45456159114837646,0.023959210174441706,0.019752634965211097,38813.4453125,43488.0234375,733412.0,2959.765625,5426.39794921875,134389.734375
803,8,CO,EITCs,26361856.0,0.061708804219961166,0.30129802227020264,0.002072224452721613,0.0017440760002079814,38813.4453125,41366.09765625,733412.0,2959.765625,4236.091796875,134389.734375
804,8,CO,CTCs,113422336.0,0.6874297857284546,0.812419056892395,0.08228750186403908,0.008897869720130343,23206.54296875,74244.265625,737304.875,6489.89892578125,34597.859375,172431.65625
804,8,CO,CTCs and EITCs,135577600.0,0.690662145614624,0.8141052722930908,0.12439850690411022,0.010694237104964534,23206.54296875,75020.0390625,737304.875,6489.89892578125,34911.6953125,172431.65625
804,8,CO,EITCs,22155264.0,0.015839597210288048,0.03138967975974083,0.005358351789855227,0.001815018194818709,23206.54296875,23580.0390625,737304.875,6489.89892578125,6700.21630859375,172431.65625
805,8,CO,CTCs,173129728.0,0.048197317868471146,0.1669829785823822,0.034283986381464356,0.018962167204452735,34193.04296875,35924.5078125,731789.5,4573.806640625,5490.65185546875,178762.71875
805,8,CO,CTCs and EITCs,210905088.0,0.11596266180276871,0.2757405936717987,0.047488258846624824,0.023036389368344592,34193.04296875,38678.27734375,731789.5,4573.806640625,6315.1494140625,178762.71875
805,8,CO,EITCs,37775360.0,0.012537666596472263,0.0521065928041935,0.01205316631483408,0.00412824343400412,34193.04296875,34627.1875,731789.5,4573.806640625,4825.23291015625,178762.71875
806,8,CO,CTCs,259006464.0,0.3182947039604187,0.5873315334320068,0.24167660203474597,0.026359093384079442,118402.296875,173685.46875,732664.5,27412.580078125,66427.609375,172503.0
806,8,CO,CTCs and EITCs,310788096.0,0.32614240050315857,0.594103217124939,0.2892245187552159,0.03111379785995296,118402.296875,175708.1875,732664.5,27412.580078125,67535.84375,172503.0
806,8,CO,EITCs,51781632.0,0.0009028153144754469,0.0019479399779811502,0.050044000028875275,0.004765343922054402,118402.296875,118509.296875,732664.5,27412.580078125,27466.083984375,172503.0
807,8,CO,CTCs,268697600.0,0.6003864407539368,0.7660677433013916,0.16128709783054773,0.027493932956533945,61451.5859375,153777.53125,732638.4375,18123.216796875,77472.09375,217313.21875
807,8,CO,CTCs and EITCs,291610624.0,0.6003864407539368,0.7660677433013916,0.18453323247613365,0.029147572151880925,61451.5859375,153777.53125,732638.4375,18123.216796875,77472.09375,217313.21875
807,8,CO,EITCs,22913024.0,-0.0,-0.0,0.009876247401451412,0.0016622977613688548,61451.5859375,61451.5859375,732638.4375,18123.216796875,18123.216796875,217313.21875
808,8,CO,CTCs,148033536.0,0.027457112446427345,0.03783293440937996,0.14968205610032762,0.010896124390852021,47885.515625,49237.4296875,732979.6875,19864.2421875,20645.31640625,219471.90625
808,8,CO,CTCs and EITCs,172777472.0,0.03291883319616318,0.04190840199589729,0.1557788036696994,0.012477202967854968,47885.515625,49515.5078125,732979.6875,19864.2421875,20733.134765625,219471.90625
808,8,CO,EITCs,24748032.0,0.004001176916062832,0.0011567980982363224,0.00693368343714572,0.001593714999646532,47885.515625,48077.8828125,732979.6875,19864.2421875,19887.248046875,219471.90625
901,9,CT,CTCs,0.0,-0.0,-0.0,-0.0,-0.0,27205.76171875,27205.76171875,733638.25,6392.07177734375,6392.07177734375,133097.9375
901,9,CT,CTCs and EITCs,41492480.0,0.20079757273197174,0.3669961094856262,0.04051331594253399,0.0019736967477331046,27205.76171875,34041.140625,733638.25,6392.07177734375,10097.998046875,133097.9375
901,9,CT,EITCs,41492480.0,0.20079757273197174,0.3669961094856262,0.04051331594253399,0.0019736967477331046,27205.76171875,34041.140625,733638.25,6392.07177734375,10097.998046875,133097.9375
902,9,CT,CTCs,0.0,-0.0,-0.0,-0.0,-0.0,68900.46875,68900.46875,732562.0625,14115.8212890625,14115.8212890625,143512.75
902,9,CT,CTCs and EITCs,32501760.0,0.011219114065170288,0.02836248278617859,0.014977975780424172,0.0021355611960306303,68900.46875,69682.2421875,732562.0625,14115.8212890625,14527.8681640625,143512.75
902,9,CT,EITCs,32501760.0,0.011219114065170288,0.02836248278617859,0.014977975780424172,0.0021355611960306303,68900.46875,69682.2421875,732562.0625,14115.8212890625,14527.8681640625,143512.75
903,9,CT,CTCs,0.0,-0.0,-0.0,-0.0,-0.0,54607.078125,54607.078125,733300.25,12598.369140625,12598.369140625,180021.0
903,9,CT,CTCs and EITCs,47202304.0,0.04726551100611687,0.08318009972572327,0.02671898603758112,0.0025356982011354914,54607.078125,57316.15625,733300.25,12598.369140625,13741.3779296875,180021.0
903,9,CT,EITCs,47202304.0,0.04726551100611687,0.08318009972572327,0.02671898603758112,0.0025356982011354914,54607.078125,57316.15625,733300.25,12598.369140625,13741.3779296875,180021.0
904,9,CT,CTCs,0.0,-0.0,-0.0,-0.0,-0.0,84692.265625,84692.265625,734998.375,37808.76171875,37808.76171875,195494.375
904,9,CT,CTCs and EITCs,78585856.0,0.027555396780371666,0.032318659126758575,0.05871742585847904,0.003874503684493797,84692.265625,87092.125,734998.375,37808.76171875,39071.5,195494.375
904,9,CT,EITCs,78585856.0,0.027555396780371666,0.032318659126758575,0.05871742585847904,0.003874503684493797,84692.265625,87092.125,734998.375,37808.76171875,39071.5,195494.375
905,9,CT,CTCs,0.0,-0.0,-0.0,-0.0,-0.0,65926.3984375,65926.3984375,732864.0,24089.669921875,24089.669921875,169365.359375
905,9,CT,CTCs and EITCs,40321024.0,0.02229294925928116,0.028879398480057716,0.010474270890485542,0.0033950467657003756,65926.3984375,67429.6015625,732864.0,24089.669921875,24806.0546875,169365.359375
905,9,CT,EITCs,40321024.0,0.02229294925928116,0.028879398480057716,0.010474270890485542,0.0033950467657003756,65926.3984375,67429.6015625,732864.0,24089.669921875,24806.0546875,169365.359375
1000,10,DE,CTCs,0.0,-0.0,-0.0,-0.0,-0.0,112802.515625,112802.515625,1004551.25,40604.27734375,40604.27734375,235291.96875
1000,10,DE,CTCs and EITCs,0.0,-0.0,-0.0,-0.0,-0.0,112802.515625,112802.515625,1004551.25,40604.27734375,40604.27734375,235291.96875
1000,10,DE,EITCs,0.0,-0.0,-0.0,-0.0,-0.0,112802.515625,112802.515625,1004551.25,40604.27734375,40604.27734375,235291.96875
1100,11,DC,CTCs,90595328.0,0.03176845610141754,0.08493980765342712,0.012141274074446488,0.0052205155386855235,71907.875,74267.2265625,700451.875,15515.0546875,16955.228515625,157571.34375
1100,11,DC,CTCs and EITCs,233418752.0,0.11162365972995758,0.2811257839202881,0.03807335440308144,0.012856449924701198,71907.875,80943.03125,700451.875,15515.0546875,21582.43359375,157571.34375
1100,11,DC,EITCs,142819328.0,0.04842156544327736,0.0992874801158905,0.02397230638937954,0.007611083031593272,71907.875,75566.9453125,700451.875,15515.0546875,17225.3125,157571.34375
1201,12,FL,CTCs,0.0,-0.0,-0.0,-0.0,-0.0,87071.484375,87071.484375,781639.4375,13855.423828125,13855.423828125,184440.453125
1201,12,FL,CTCs and EITCs,0.0,-0.0,-0.0,-0.0,-0.0,87071.484375,87071.484375,781639.4375,13855.423828125,13855.423828125,184440.453125
1201,12,FL,EITCs,0.0,-0.0,-0.0,-0.0,-0.0,87071.484375,87071.484375,781639.4375,13855.423828125,13855.423828125,184440.453125
1202,12,FL,CTCs,0.0,-0.0,-0.0,-0.0,-0.0,74799.28125,74799.28125,782208.8125,18822.77734375,18822.77734375,145565.78125
1202,12,FL,CTCs and EITCs,0.0,-0.0,-0.0,-0.0,-0.0,74799.28125,74799.28125,782208.8125,18822.77734375,18822.77734375,145565.78125
1202,12,FL,EITCs,0.0,-0.0,-0.0,-0.0,-0.0,74799.28125,74799.28125,782208.8125,18822.77734375,18822.77734375,145565.78125
1203,12,FL,CTCs,0.0,-0.0,-0.0,-0.0,-0.0,36952.515625,36952.515625,783203.875,10803.369140625,10803.369140625,167643.96875
1203,12,FL,CTCs and EITCs,0.0,-0.0,-0.0,-0.0,-0.0,36952.515625,36952.515625,783203.875,10803.369140625,10803.369140625,167643.96875
1203,12,FL,EITCs,0.0,-0.0,-0.0,-0.0,-0.0,36952.515625,36952.515625,783203.875,10803.369140625,10803.369140625,167643.96875
1204,12,FL,CTCs,0.0,-0.0,-0.0,-0.0,-0.0,81609.0,81609.0,781583.375,40672.83203125,40672.83203125,261162.40625
1204,12,FL,CTCs and EITCs,0.0,-0.0,-0.0,-0.0,-0.0,81609.0,81609.0,781583.375,40672.83203125,40672.83203125,261162.40625
1204,12,FL,EITCs,0.0,-0.0,-0.0,-0.0,-0.0,81609.0,81609.0,781583.375,40672.83203125,40672.83203125,261162.40625
1205,12,FL,CTCs,0.0,-0.0,-0.0,-0.0,-0.0,120309.5390625,120309.5390625,780028.25,23895.763671875,23895.763671875,106922.640625
1205,12,FL,CTCs and EITCs,0.0,-0.0,-0.0,-0.0,-0.0,120309.5390625,120309.5390625,780028.25,23895.763671875,23895.763671875,106922.640625
1205,12,FL,EITCs,0.0,-0.0,-0.0,-0.0,-0.0,120309.5390625,120309.5390625,780028.25,23895.763671875,23895.763671875,106922.640625
1206,12,FL,CTCs,0.0,-0.0,-0.0,-0.0,-0.0,102564.703125,102564.703125,785574.625,54341.8828125,54341.8828125,218357.28125
1206,12,FL,CTCs and EITCs,0.0,-0.0,-0.0,-0.0,-0.0,102564.703125,102564.703125,785574.625,54341.8828125,54341.8828125,218357.28125
1206,12,FL,EITCs,0.0,-0.0,-0.0,-0.0,-0.0,102564.703125,102564.703125,785574.625,54341.8828125,54341.8828125,218357.28125
1207,12,FL,CTCs,0.0,-0.0,-0.0,-0.0,-0.0,57598.4921875,57598.4921875,784027.25,17747.533203125,17747.533203125,148109.671875
1207,12,FL,CTCs and EITCs,0.0,-0.0,-0.0,-0.0,-0.0,57598.4921875,57598.4921875,784027.25,17747.533203125,17747.533203125,148109.671875
1207,12,FL,EITCs,0.0,-0.0,-0.0,-0.0,-0.0,57598.4921875,57598.4921875,784027.25,17747.533203125,17747.533203125,148109.671875
1208,12,FL,CTCs,0.0,-0.0,-0.0,-0.0,-0.0,26152.46875,26152.46875,780437.75,5844.9677734375,5844.9677734375,171778.5
1208,12,FL,CTCs and EITCs,0.0,-0.0,-0.0,-0.0,-0.0,26152.46875,26152.46875,780437.75,5844.9677734375,5844.9677734375,171778.5
1208,12,FL,EITCs,0.0,-0.0,-0.0,-0.0,-0.0,26152.46875,26152.46875,780437.75,5844.9677734375,5844.9677734375,171778.5
1209,12,FL,CTCs,0.0,-0.0,-0.0,-0.0,-0.0,166119.453125,166119.453125,782873.0,83477.28125,83477.28125,248949.375
1209,12,FL,CTCs and EITCs,0.0,-0.0,-0.0,-0.0,-0.0,166119.453125,166119.453125,782873.0,83477.28125,83477.28125,248949.375
1209,12,FL,EITCs,0.0,-0.0,-0.0,-0.0,-0.0,166119.453125,166119.453125,782873.0,83477.28125,83477.28125,248949.375
1210,12,FL,CTCs,0.0,-0.0,-0.0,-0.0,-0.0,99596.234375,99596.234375,779004.25,37897.71875,37897.71875,186899.15625
1210,12,FL,CTCs and EITCs,0.0,-0.0,-0.0,-0.0,-0.0,99596.234375,99596.234375,779004.25,37897.71875,37897.71875,186899.15625
1210,12,FL,EITCs,0.0,-0.0,-0.0,-0.0,-0.0,99596.234375,99596.234375,779004.25,37897.71875,37897.71875,186899.15625
1211,12,FL,CTCs,0.0,-0.0,-0.0,-0.0,-0.0,191277.65625,191277.65625,780452.75,50543.78125,50543.78125,160653.625
1211,12,FL,CTCs and EITCs,0.0,-0.0,-0.0,-0.0,-0.0,191277.65625,191277.65625,780452.75,50543.78125,50543.78125,160653.625
1211,12,FL,EITCs,0.0,-0.0,-0.0,-0.0,-0.0,191277.65625,191277.65625,780452.75,50543.78125,50543.78125,160653.625
1212,12,FL,CTCs,0.0,-0.0,-0.0,-0.0,-0.0,69987.578125,69987.578125,782233.4375,7680.673828125,7680.673828125,183253.921875
1212,12,FL,CTCs and EITCs,0.0,-0.0,-0.0,-0.0,-0.0,69987.578125,69987.578125,782233.4375,7680.673828125,7680.673828125,183253.921875
1212,12,FL,EITCs,0.0,-0.0,-0.0,-0.0,-0.0,69987.578125,69987.578125,782233.4375,7680.673828125,7680.673828125,183253.921875
1213,12,FL,CTCs,0.0,-0.0,-0.0,-0.0,-0.0,115376.515625,115376.515625,783297.1875,48399.84765625,48399.84765625,115268.25
1213,12,FL,CTCs and EITCs,0.0,-0.0,-0.0,-0.0,-0.0,115376.515625,115376.515625,783297.1875,48399.84765625,48399.84765625,115268.25
1213,12,FL,EITCs,0.0,-0.0,-0.0,-0.0,-0.0,115376.515625,115376.515625,783297.1875,48399.84765625,48399.84765625,115268.25
1214,12,FL,CTCs,0.0,-0.0,-0.0,-0.0,-0.0,166505.765625,166505.765625,782382.125,52907.0546875,52907.0546875,196328.53125
1214,12,FL,CTCs and EITCs,0.0,-0.0,-0.0,-0.0,-0.0,166505.765625,166505.765625,782382.125,52907.0546875,52907.0546875,196328.53125
1214,12,FL,EITCs,0.0,-0.0,-0.0,-0.0,-0.0,166505.765625,166505.765625,782382.125,52907.0546875,52907.0546875,196328.53125
1215,12,FL,CTCs,0.0,-0.0,-0.0,-0.0,-0.0,47254.25,47254.25,783221.1875,23646.48046875,23646.48046875,218736.859375
1215,12,FL,CTCs and EITCs,0.0,-0.0,-0.0,-0.0,-0.0,47254.25,47254.25,783221.1875,23646.48046875,23646.48046875,218736.859375
1215,12,FL,EITCs,0.0,-0.0,-0.0,-0.0,-0.0,47254.25,47254.25,783221.1875,23646.48046875,23646.48046875,218736.859375
1216,12,FL,CTCs,0.0,-0.0,-0.0,-0.0,-0.0,98600.8125,98600.8125,781934.1875,12212.5703125,12212.5703125,159594.875
1216,12,FL,CTCs and EITCs,0.0,-0.0,-0.0,-0.0,-0.0,98600.8125,98600.8125,781934.1875,12212.5703125,12212.5703125,159594.875
1216,12,FL,EITCs,0.0,-0.0,-0.0,-0.0,-0.0,98600.8125,98600.8125,781934.1875,12212.5703125,12212.5703125,159594.875
1217,12,FL,CTCs,0.0,-0.0,-0.0,-0.0,-0.0,88842.296875,88842.296875,780652.0,46253.0546875,46253.0546875,235626.25
1217,12,FL,CTCs and EITCs,0.0,-0.0,-0.0,-0.0,-0.0,88842.296875,88842.296875,780652.0,46253.0546875,46253.0546875,235626.25
1217,12,FL,EITCs,0.0,-0.0,-0.0,-0.0,-0.0,88842.296875,88842.296875,780652.0,46253.0546875,46253.0546875,235626.25
1218,12,FL,CTCs,0.0,-0.0,-0.0,-0.0,-0.0,34378.49609375,34378.49609375,784439.875,9727.873046875,9727.873046875,157769.6875
1218,12,FL,CTCs and EITCs,0.0,-0.0,-0.0,-0.0,-0.0,34378.49609375,34378.49609375,784439.875,9727.873046875,9727.873046875,157769.6875
1218,12,FL,EITCs,0.0,-0.0,-0.0,-0.0,-0.0,34378.49609375,34378.49609375,784439.875,9727.873046875,9727.873046875,157769.6875
1219,12,FL,CTCs,0.0,-0.0,-0.0,-0.0,-0.0,219415.203125,219415.203125,781137.25,49253.5,49253.5,93363.109375
1219,12,FL,CTCs and EITCs,0.0,-0.0,-0.0,-0.0,-0.0,219415.203125,219415.203125,781137.25,49253.5,49253.5,93363.109375
1219,12,FL,EITCs,0.0,-0.0,-0.0,-0.0,-0.0,219415.203125,219415.203125,781137.25,49253.5,49253.5,93363.109375
1220,12,FL,CTCs,0.0,-0.0,-0.0,-0.0,-0.0,249275.390625,249275.390625,781524.625,89695.96875,89695.96875,204787.140625
1220,12,FL,CTCs and EITCs,0.0,-0.0,-0.0,-0.0,-0.0,249275.390625,249275.390625,781524.625,89695.96875,89695.96875,204787.140625
1220,12,FL,EITCs,0.0,-0.0,-0.0,-0.0,-0.0,249275.390625,249275.390625,781524.625,89695.96875,89695.96875,204787.140625
1221,12,FL,CTCs,0.0,-0.0,-0.0,-0.0,-0.0,193145.15625,193145.15625,782745.4375,69045.4609375,69045.4609375,200925.96875
1221,12,FL,CTCs and EITCs,0.0,-0.0,-0.0,-0.0,-0.0,193145.15625,193145.15625,782745.4375,69045.4609375,69045.4609375,200925.96875
1221,12,FL,EITCs,0.0,-0.0,-0.0,-0.0,-0.0,193145.15625,193145.15625,782745.4375,69045.4609375,69045.4609375,200925.96875
1222,12,FL,CTCs,0.0,-0.0,-0.0,-0.0,-0.0,142745.359375,142745.359375,782521.875,57870.9140625,57870.9140625,222367.1875
1222,12,FL,CTCs and EITCs,0.0,-0.0,-0.0,-0.0,-0.0,142745.359375,142745.359375,782521.875,57870.9140625,57870.9140625,222367.1875
1222,12,FL,EITCs,0.0,-0.0,-0.0,-0.0,-0.0,142745.359375,142745.359375,782521.875,57870.9140625,57870.9140625,222367.1875
1223,12,FL,CTCs,0.0,-0.0,-0.0,-0.0,-0.0,95789.8125,95789.8125,779577.6875,41803.7265625,41803.7265625,178976.375
1223,12,FL,CTCs and EITCs,0.0,-0.0,-0.0,-0.0,-0.0,95789.8125,95789.8125,779577.6875,41803.7265625,41803.7265625,178976.375
1223,12,FL,EITCs,0.0,-0.0,-0.0,-0.0,-0.0,95789.8125,95789.8125,779577.6875,41803.7265625,41803.7265625,178976.375
1224,12,FL,CTCs,0.0,-0.0,-0.0,-0.0,-0.0,208838.5,208838.5,781824.3125,112628.0625,112628.0625,268568.46875
1224,12,FL,CTCs and EITCs,0.0,-0.0,-0.0,-0.0,-0.0,208838.5,208838.5,781824.3125,112628.0625,112628.0625,268568.46875
1224,12,FL,EITCs,0.0,-0.0,-0.0,-0.0,-0.0,208838.5,208838.5,781824.3125,112628.0625,112628.0625,268568.46875
1225,12,FL,CTCs,0.0,-0.0,-0.0,-0.0,-0.0,112014.625,112014.625,784415.875,37827.84765625,37827.84765625,171227.59375
1225,12,FL,CTCs and EITCs,0.0,-0.0,-0.0,-0.0,-0.0,112014.625,112014.625,784415.875,37827.84765625,37827.84765625,171227.59375
1225,12,FL,EITCs,0.0,-0.0,-0.0,-0.0,-0.0,112014.625,112014.625,784415.875,37827.84765625,37827.84765625,171227.59375
1226,12,FL,CTCs,0.0,-0.0,-0.0,-0.0,-0.0,157524.890625,157524.890625,783905.125,9021.19921875,9021.19921875,117648.4765625
1226,12,FL,CTCs and EITCs,0.0,-0.0,-0.0,-0.0,-0.0,157524.890625,157524.890625,783905.125,9021.19921875,9021.19921875,117648.4765625
1226,12,FL,EITCs,0.0,-0.0,-0.0,-0.0,-0.0,157524.890625,157524.890625,783905.125,9021.19921875,9021.19921875,117648.4765625
1227,12,FL,CTCs,0.0,-0.0,-0.0,-0.0,-0.0,158204.59375,158204.59375,782593.5,28096.30859375,28096.30859375,145065.09375
1227,12,FL,CTCs and EITCs,0.0,-0.0,-0.0,-0.0,-0.0,158204.59375,158204.59375,782593.5,28096.30859375,28096.30859375,145065.09375
1227,12,FL,EITCs,0.0,-0.0,-0.0,-0.0,-0.0,158204.59375,158204.59375,782593.5,28096.30859375,28096.30859375,145065.09375
1228,12,FL,CTCs,0.0,-0.0,-0.0,-0.0,-0.0,145042.046875,145042.046875,783419.0,27212.54296875,27212.54296875,240024.65625
1228,12,FL,CTCs and EITCs,0.0,-0.0,-0.0,-0.0,-0.0,145042.046875,145042.046875,783419.0,27212.54296875,27212.54296875,240024.65625
1228,12,FL,EITCs,0.0,-0.0,-0.0,-0.0,-0.0,145042.046875,145042.046875,783419.0,27212.54296875,27212.54296875,240024.65625
1301,13,GA,CTCs,4378624.0,-0.0,-0.0,6.962029426054943e-05,0.00010611676055550116,105004.03125,105004.03125,778170.875,26342.421875,26342.421875,161395.03125
1301,13,GA,CTCs and EITCs,4378624.0,-0.0,-0.0,6.962029426054943e-05,0.00010611676055550116,105004.03125,105004.03125,778170.875,26342.421875,26342.421875,161395.03125
1301,13,GA,EITCs,0.0,-0.0,-0.0,-0.0,-0.0,105004.03125,105004.03125,778170.875,26342.421875,26342.421875,161395.03125
1302,13,GA,CTCs,3112960.0,-0.0,-0.0,0.0003324267281588449,0.00014611201422165911,47752.1328125,47752.1328125,777333.75,14348.10546875,14348.10546875,135307.875
1302,13,GA,CTCs and EITCs,3112960.0,-0.0,-0.0,0.0003324267281588449,0.00014611201422165911,47752.1328125,47752.1328125,777333.75,14348.10546875,14348.10546875,135307.875
1302,13,GA,EITCs,0.0,-0.0,-0.0,-0.0,-0.0,47752.1328125,47752.1328125,777333.75,14348.10546875,14348.10546875,135307.875
1303,13,GA,CTCs,15294464.0,-0.0,-0.0,0.0004087040914899258,0.0011474003284236115,18699.984375,18699.984375,776975.875,5418.689453125,5418.689453125,250785.421875
1303,13,GA,CTCs and EITCs,15294464.0,-0.0,-0.0,0.0004087040914899258,0.0011474003284236115,18699.984375,18699.984375,776975.875,5418.689453125,5418.689453125,250785.421875
1303,13,GA,EITCs,0.0,-0.0,-0.0,-0.0,-0.0,18699.984375,18699.984375,776975.875,5418.689453125,5418.689453125,250785.421875
1304,13,GA,CTCs,4653056.0,0.0004645685257855803,0.0010216319933533669,0.00015458690345486017,6.590736761903678e-05,96817.53125,96862.53125,778613.0625,17599.181640625,17617.1796875,160692.3125
1304,13,GA,CTCs and EITCs,4653056.0,0.0004645685257855803,0.0010216319933533669,0.00015458690345486017,6.590736761903678e-05,96817.53125,96862.53125,778613.0625,17599.181640625,17617.1796875,160692.3125
1304,13,GA,EITCs,0.0,-0.0,-0.0,-0.0,-0.0,96817.53125,96817.53125,778613.0625,17599.181640625,17599.181640625,160692.3125
1305,13,GA,CTCs,16148480.0,0.0011230714153498411,0.0028187548741698265,5.504732363146059e-05,0.00014236554490044563,184136.78125,184343.8125,778703.8125,54927.8359375,55083.1015625,245887.03125
1305,13,GA,CTCs and EITCs,16148480.0,0.0011230714153498411,0.0028187548741698265,5.504732363146059e-05,0.00014236554490044563,184136.78125,184343.8125,778703.8125,54927.8359375,55083.1015625,245887.03125
1305,13,GA,EITCs,0.0,-0.0,-0.0,-0.0,-0.0,184136.78125,184136.78125,778703.8125,54927.8359375,54927.8359375,245887.03125
1306,13,GA,CTCs,16257024.0,-0.0,-0.0,0.003759449805398146,0.000451309647087274,96166.921875,96166.921875,775861.5,47745.75,47745.75,186437.84375
1306,13,GA,CTCs and EITCs,16257024.0,-0.0,-0.0,0.003759449805398146,0.000451309647087274,96166.921875,96166.921875,775861.5,47745.75,47745.75,186437.84375
1306,13,GA,EITCs,0.0,-0.0,-0.0,-0.0,-0.0,96166.921875,96166.921875,775861.5,47745.75,47745.75,186437.84375
1307,13,GA,CTCs,7270400.0,0.0007014934672042727,0.0015652453294023871,8.683422732044354e-05,0.00015529858676686757,76666.9765625,76720.796875,779400.375,17166.8984375,17193.810546875,213181.0
1307,13,GA,CTCs and EITCs,7270400.0,0.0007014934672042727,0.0015652453294023871,8.683422732044354e-05,0.00015529858676686757,76666.9765625,76720.796875,779400.375,17166.8984375,17193.810546875,213181.0
1307,13,GA,EITCs,0.0,-0.0,-0.0,-0.0,-0.0,76666.9765625,76666.9765625,779400.375,17166.8984375,17166.8984375,213181.0
1308,13,GA,CTCs,8148992.0,-0.0,-0.0,5.215100377181078e-05,0.0005721007170053816,80601.1875,80601.1875,777595.0,35306.2578125,35306.2578125,203928.390625
1308,13,GA,CTCs and EITCs,8148992.0,-0.0,-0.0,5.215100377181078e-05,0.0005721007170053816,80601.1875,80601.1875,777595.0,35306.2578125,35306.2578125,203928.390625
1308,13,GA,EITCs,0.0,-0.0,-0.0,-0.0,-0.0,80601.1875,80601.1875,777595.0,35306.2578125,35306.2578125,203928.390625
1309,13,GA,CTCs,7520256.0,-0.0,-0.0,0.0001321131299047569,0.0002733614216119356,114459.03125,114459.03125,777142.8125,14484.3515625,14484.3515625,220643.28125
1309,13,GA,CTCs and EITCs,7520256.0,-0.0,-0.0,0.0001321131299047569,0.0002733614216119356,114459.03125,114459.03125,777142.8125,14484.3515625,14484.3515625,220643.28125
1309,13,GA,EITCs,0.0,-0.0,-0.0,-0.0,-0.0,114459.03125,114459.03125,777142.8125,14484.3515625,14484.3515625,220643.28125
1310,13,GA,CTCs,9740288.0,-0.0,-0.0,0.0002544721755301451,0.0005673670481333935,88095.4765625,88095.4765625,777134.0,47853.83984375,47853.83984375,220160.890625
1310,13,GA,CTCs and EITCs,9740288.0,-0.0,-0.0,0.0002544721755301451,0.0005673670481333935,88095.4765625,88095.4765625,777134.0,47853.83984375,47853.83984375,220160.890625
1310,13,GA,EITCs,0.0,-0.0,-0.0,-0.0,-0.0,88095.4765625,88095.4765625,777134.0,47853.83984375,47853.83984375,220160.890625
1311,13,GA,CTCs,6785024.0,-0.0,-0.0,0.0001640101539772594,9.13679971062028e-05,86811.484375,86811.484375,777435.5,14570.2705078125,14570.2705078125,129349.9765625
1311,13,GA,CTCs and EITCs,6785024.0,-0.0,-0.0,0.0001640101539772594,9.13679971062028e-05,86811.484375,86811.484375,777435.5,14570.2705078125,14570.2705078125,129349.9765625
1311,13,GA,EITCs,0.0,-0.0,-0.0,-0.0,-0.0,86811.484375,86811.484375,777435.5,14570.2705078125,14570.2705078125,129349.9765625
1312,13,GA,CTCs,12922880.0,-0.0,-0.0,5.9331215420433755e-05,0.0005769269789697788,73294.5703125,73294.5703125,775427.0,23540.1484375,23540.1484375,241328.59375
1312,13,GA,CTCs and EITCs,12922880.0,-0.0,-0.0,5.9331215420433755e-05,0.0005769269789697788,73294.5703125,73294.5703125,775427.0,23540.1484375,23540.1484375,241328.59375
1312,13,GA,EITCs,0.0,-0.0,-0.0,-0.0,-0.0,73294.5703125,73294.5703125,775427.0,23540.1484375,23540.1484375,241328.59375
1313,13,GA,CTCs,11018240.0,-0.0,-0.0,0.0004475942692315903,0.0011660700951270512,33047.546875,33047.546875,777206.75,11144.46484375,11144.46484375,202096.578125
1313,13,GA,CTCs and EITCs,11018240.0,-0.0,-0.0,0.0004475942692315903,0.0011660700951270512,33047.546875,33047.546875,777206.75,11144.46484375,11144.46484375,202096.578125
1313,13,GA,EITCs,0.0,-0.0,-0.0,-0.0,-0.0,33047.546875,33047.546875,777206.75,11144.46484375,11144.46484375,202096.578125
1314,13,GA,CTCs,10405888.0,-0.0,-0.0,0.0005377118037263497,0.0002816308823286966,71420.6171875,71420.6171875,778343.625,22417.8359375,22417.8359375,186521.015625
1314,13,GA,CTCs and EITCs,10405888.0,-0.0,-0.0,0.0005377118037263497,0.0002816308823286966,71420.6171875,71420.6171875,778343.625,22417.8359375,22417.8359375,186521.015625
1314,13,GA,EITCs,0.0,-0.0,-0.0,-0.0,-0.0,71420.6171875,71420.6171875,778343.625,22417.8359375,22417.8359375,186521.015625
1501,15,HI,CTCs,0.0,-0.0,-0.0,-0.0,-0.0,59363.3203125,59363.3203125,737952.25,13545.25,13545.25,164021.546875
1501,15,HI,CTCs and EITCs,40742912.0,0.12278011441230774,0.19100075960159302,0.010372795966256466,0.0024064063729363557,59363.3203125,67672.109375,737952.25,13545.25,16743.216796875,164021.546875
1501,15,HI,EITCs,40742912.0,0.12278011441230774,0.19100075960159302,0.010372795966256466,0.0024064063729363557,59363.3203125,67672.109375,737952.25,13545.25,16743.216796875,164021.546875
1502,15,HI,CTCs,0.0,-0.0,-0.0,-0.0,-0.0,36399.99609375,36399.99609375,739831.625,4937.541015625,4937.541015625,163798.59375
1502,15,HI,CTCs and EITCs,43585536.0,0.14365124702453613,0.41133633255958557,0.013083345142316648,0.003508862727420727,36399.99609375,42506.04296875,739831.625,4937.541015625,8387.7109375,163798.59375
1502,15,HI,EITCs,43585536.0,0.14365124702453613,0.41133633255958557,0.013083345142316648,0.003508862727420727,36399.99609375,42506.04296875,739831.625,4937.541015625,8387.7109375,163798.59375
1601,16,ID,CTCs,0.0,-0.0,-0.0,-0.0,-0.0,52998.7109375,52998.7109375,935165.625,15902.9404296875,15902.9404296875,237816.75
1601,16,ID,CTCs and EITCs,0.0,-0.0,-0.0,-0.0,-0.0,52998.7109375,52998.7109375,935165.625,15902.9404296875,15902.9404296875,237816.75
1601,16,ID,EITCs,0.0,-0.0,-0.0,-0.0,-0.0,52998.7109375,52998.7109375,935165.625,15902.9404296875,15902.9404296875,237816.75
1602,16,ID,CTCs,0.0,-0.0,-0.0,-0.0,-0.0,51067.390625,51067.390625,933979.125,14743.640625,14743.640625,279372.375
1602,16,ID,CTCs and EITCs,0.0,-0.0,-0.0,-0.0,-0.0,51067.390625,51067.390625,933979.125,14743.640625,14743.640625,279372.375
1602,16,ID,EITCs,0.0,-0.0,-0.0,-0.0,-0.0,51067.390625,51067.390625,933979.125,14743.640625,14743.640625,279372.375
1701,17,IL,CTCs,12292096.0,-0.0,-0.0,0.0005903977421992156,0.0012707222819892158,64133.18359375,64133.18359375,766701.0625,13589.849609375,13589.849609375,192303.734375
1701,17,IL,CTCs and EITCs,56205312.0,0.004762869793921709,0.0062487488612532616,0.004003519166808196,0.005511048679327077,64133.18359375,64440.10546875,766701.0625,13589.849609375,13675.3037109375,192303.734375
1701,17,IL,EITCs,56205312.0,0.004762869793921709,0.0062487488612532616,0.004003519166808196,0.005511048679327077,64133.18359375,64440.10546875,766701.0625,13589.849609375,13675.3037109375,192303.734375
1702,17,IL,CTCs,13926400.0,-0.0,-0.0,0.0038787749166268614,0.0010891675112347499,21294.80859375,21294.80859375,764495.3125,7637.337890625,7637.337890625,199774.4375
1702,17,IL,CTCs and EITCs,56922112.0,0.03336121886968613,0.045542359352111816,0.02056522577554476,0.0043119767805473285,21294.80859375,22029.748046875,764495.3125,7637.337890625,8001.7568359375,199774.4375
1702,17,IL,EITCs,56922112.0,0.03336121886968613,0.045542359352111816,0.02056522577554476,0.0043119767805473285,21294.80859375,22029.748046875,764495.3125,7637.337890625,8001.7568359375,199774.4375
1703,17,IL,CTCs,1966080.0,-0.0,-0.0,0.000949364616185879,0.00012496276231481175,57883.3671875,57883.3671875,764005.4375,5153.1826171875,5153.1826171875,145568.734375
1703,17,IL,CTCs and EITCs,23224320.0,0.022882934659719467,0.11615116894245148,0.007413632794942473,0.0011915520349093556,57883.3671875,59238.9296875,764005.4375,5153.1826171875,5830.38916015625,145568.734375
1703,17,IL,EITCs,23224320.0,0.022882934659719467,0.11615116894245148,0.007413632794942473,0.0011915520349093556,57883.3671875,59238.9296875,764005.4375,5153.1826171875,5830.38916015625,145568.734375
1704,17,IL,CTCs,7161856.0,-0.0,-0.0,0.006987891443036728,0.0009210994760994279,148348.859375,148348.859375,766299.0625,39743.1875,39743.1875,213091.90625
1704,17,IL,CTCs and EITCs,40970240.0,0.0029713562689721584,0.0036944281309843063,0.02804964095746927,0.004579137434141687,148348.859375,148790.96875,766299.0625,39743.1875,39890.55859375,213091.90625
1704,17,IL,EITCs,40970240.0,0.0029713562689721584,0.0036944281309843063,0.02804964095746927,0.004579137434141687,148348.859375,148790.96875,766299.0625,39743.1875,39890.55859375,213091.90625
1705,17,IL,CTCs,20414464.0,0.004718573298305273,0.0046419911086559296,0.03250899608260912,0.0012908688101274052,281713.90625,283049.5,764786.5,143190.359375,143858.15625,216348.90625
1705,17,IL,CTCs and EITCs,73281536.0,0.005094229243695736,0.0049378578551113605,0.10732362072528157,0.004603485814230346,281713.90625,283156.375,764786.5,143190.359375,143900.921875,216348.90625
1705,17,IL,EITCs,73281536.0,0.005094229243695736,0.0049378578551113605,0.10732362072528157,0.004603485814230346,281713.90625,283156.375,764786.5,143190.359375,143900.921875,216348.90625
1706,17,IL,CTCs,5009408.0,0.0011694948188960552,0.002881400054320693,0.00043874636082676447,0.00039311209942738054,105173.3984375,105296.5390625,765968.8125,14205.0087890625,14246.056640625,185715.921875
1706,17,IL,CTCs and EITCs,25145344.0,0.022267159074544907,0.04874754697084427,0.004999058963637031,0.0018926714995786454,105173.3984375,107568.640625,765968.8125,14205.0087890625,14932.953125,185715.921875
1706,17,IL,EITCs,25145344.0,0.022267159074544907,0.04874754697084427,0.004999058963637031,0.0018926714995786454,105173.3984375,107568.640625,765968.8125,14205.0087890625,14932.953125,185715.921875
1707,17,IL,CTCs,18532352.0,0.006890397053211927,0.008728308603167534,0.02153860106552068,0.0022568223354104975,134437.921875,135370.671875,765797.75,60773.2421875,61308.359375,240173.21875
1707,17,IL,CTCs and EITCs,77856768.0,0.019118255004286766,0.021695204079151154,0.07361404296703042,0.008978972700485375,134437.921875,137058.234375,765797.75,60773.2421875,62120.96875,240173.21875
1707,17,IL,EITCs,77856768.0,0.019118255004286766,0.021695204079151154,0.07361404296703042,0.008978972700485375,134437.921875,137058.234375,765797.75,60773.2421875,62120.96875,240173.21875
1708,17,IL,CTCs,3411968.0,0.0034100289922207594,0.025422805920243263,0.0026054251607121747,0.00028113646188038385,50412.28515625,50584.77734375,765860.5,5289.9736328125,5427.9677734375,123287.6953125
1708,17,IL,CTCs and EITCs,16097280.0,0.011669392697513103,0.07920638471841812,0.012656040205245748,0.0012236729037662746,50412.28515625,51007.5078125,765860.5,5289.9736328125,5745.015625,123287.6953125
1708,17,IL,EITCs,16097280.0,0.011669392697513103,0.07920638471841812,0.012656040205245748,0.0012236729037662746,50412.28515625,51007.5078125,765860.5,5289.9736328125,5745.015625,123287.6953125
1709,17,IL,CTCs,1282048.0,-0.0,-0.0,0.0003451619972132473,7.188515932916376e-05,175888.546875,175888.546875,767671.375,88408.6953125,88408.6953125,134635.921875
1709,17,IL,CTCs and EITCs,10948608.0,0.009497858583927155,0.006574496626853943,0.004353413054216452,0.0007076165333605385,175888.546875,177575.125,767671.375,88408.6953125,88993.78125,134635.921875
1709,17,IL,EITCs,10948608.0,0.009497858583927155,0.006574496626853943,0.004353413054216452,0.0007076165333605385,175888.546875,177575.125,767671.375,88408.6953125,88993.78125,134635.921875
1710,17,IL,CTCs,10616832.0,0.619023859500885,0.7765101194381714,0.004065996260784903,0.0009180868956399088,19640.818359375,51553.9375,764490.3125,5504.728515625,24630.771484375,210939.484375
1710,17,IL,CTCs and EITCs,46223360.0,0.6219160556793213,0.778285026550293,0.04764242074077977,0.003834689582195545,19640.818359375,51948.3046875,764490.3125,5504.728515625,24827.955078125,210939.484375
1710,17,IL,EITCs,46223360.0,0.6219160556793213,0.778285026550293,0.04764242074077977,0.003834689582195545,19640.818359375,51948.3046875,764490.3125,5504.728515625,24827.955078125,210939.484375
1711,17,IL,CTCs,17235968.0,0.0007559318328276277,0.0019646610599011183,0.01173720550655037,0.0011188984434749843,134445.78125,134547.484375,765626.1875,25830.66796875,25881.517578125,171321.359375
1711,17,IL,CTCs and EITCs,63590400.0,0.005353688728064299,0.012370673939585686,0.04251404605246738,0.00410910557051978,134445.78125,135169.4375,765626.1875,25830.66796875,26154.21484375,171321.359375
1711,17,IL,EITCs,63590400.0,0.005353688728064299,0.012370673939585686,0.04251404605246738,0.00410910557051978,134445.78125,135169.4375,765626.1875,25830.66796875,26154.21484375,171321.359375
1712,17,IL,CTCs,14237696.0,-0.0,-0.0,0.0007484872643107172,0.0014774444953987765,27503.474609375,27503.474609375,765429.625,5797.28515625,5797.28515625,247989.4375
1712,17,IL,CTCs and EITCs,57776128.0,0.010497680865228176,0.02074829302728176,0.004957230532054994,0.005615126438650306,27503.474609375,27795.259765625,765429.625,5797.28515625,5920.1171875,247989.4375
1712,17,IL,EITCs,57776128.0,0.010497680865228176,0.02074829302728176,0.004957230532054994,0.005615126438650306,27503.474609375,27795.259765625,765429.625,5797.28515625,5920.1171875,247989.4375
1713,17,IL,CTCs,14639104.0,-0.0,-0.0,0.023155609994949082,0.001337029710948705,52944.0234375,52944.0234375,765964.375,20310.078125,20310.078125,141720.59375
1713,17,IL,CTCs and EITCs,53129216.0,0.0005285422084853053,-0.0,0.07902050651525751,0.004805614641699982,52944.0234375,52972.0234375,765964.375,20310.078125,20310.078125,141720.59375
1713,17,IL,EITCs,53129216.0,0.0005285422084853053,-0.0,0.07902050651525751,0.004805614641699982,52944.0234375,52972.0234375,765964.375,20310.078125,20310.078125,141720.59375
1714,17,IL,CTCs,1904640.0,-0.0,-0.0,0.0012120271714905967,0.0001407684955489069,25660.533203125,25660.533203125,764544.5625,4707.35595703125,4707.35595703125,175515.34375
1714,17,IL,CTCs and EITCs,17096704.0,0.03806878253817558,0.10666053742170334,0.008099462786693249,0.0010389540372367243,25660.533203125,26676.05859375,764544.5625,4707.35595703125,5269.39208984375,175515.34375
1714,17,IL,EITCs,17096704.0,0.03806878253817558,0.10666053742170334,0.008099462786693249,0.0010389540372367243,25660.533203125,26676.05859375,764544.5625,4707.35595703125,5269.39208984375,175515.34375
1715,17,IL,CTCs,1712128.0,-0.0,-0.0,0.00016390181395561454,7.025948469198766e-05,95008.3125,95008.3125,765046.0625,29398.107421875,29398.107421875,124050.5234375
1715,17,IL,CTCs and EITCs,12963840.0,0.012722528539597988,0.028419766575098038,0.001154091188633484,0.0005193274745246286,95008.3125,96232.640625,765046.0625,29398.107421875,30258.033203125,124050.5234375
1715,17,IL,EITCs,12963840.0,0.012722528539597988,0.028419766575098038,0.001154091188633484,0.0005193274745246286,95008.3125,96232.640625,765046.0625,29398.107421875,30258.033203125,124050.5234375
1716,17,IL,CTCs,3596288.0,-0.0,-0.0,0.000623455976594147,0.00028306835108557097,15146.41015625,15146.41015625,765876.8125,2279.3095703125,2279.3095703125,187319.203125
1716,17,IL,CTCs and EITCs,19296256.0,0.023037895560264587,0.057783905416727066,0.003494559839057971,0.001458417616139773,15146.41015625,15503.580078125,765876.8125,2279.3095703125,2419.09423828125,187319.203125
1716,17,IL,EITCs,19296256.0,0.023037895560264587,0.057783905416727066,0.003494559839057971,0.001458417616139773,15146.41015625,15503.580078125,765876.8125,2279.3095703125,2419.09423828125,187319.203125
1717,17,IL,CTCs,4661248.0,0.00035383482463657856,0.0004726324987132102,0.0026640240290427635,0.0004043668622492925,101966.75,102002.8359375,766973.9375,47957.5390625,47980.21484375,199348.75
1717,17,IL,CTCs and EITCs,19947520.0,0.009511098265647888,0.01040959544479847,0.010277442901311348,0.0016701201233384189,101966.75,102945.875,766973.9375,47957.5390625,48462.0078125,199348.75
1717,17,IL,EITCs,19947520.0,0.009511098265647888,0.01040959544479847,0.010277442901311348,0.0016701201233384189,101966.75,102945.875,766973.9375,47957.5390625,48462.0078125,199348.75
1801,18,IN,CTCs,0.0,-0.0,-0.0,-0.0,-0.0,67490.296875,67490.296875,768061.625,11817.716796875,11817.716796875,195631.140625
1801,18,IN,CTCs and EITCs,13746176.0,0.0006500016315840185,0.0012365906732156873,0.0018934614687481463,0.001280823745883584,67490.296875,67534.1953125,768061.625,11817.716796875,11832.3486328125,195631.140625
1801,18,IN,EITCs,13746176.0,0.0006500016315840185,0.0012365906732156873,0.0018934614687481463,0.001280823745883584,67490.296875,67534.1953125,768061.625,11817.716796875,11832.3486328125,195631.140625
1802,18,IN,CTCs,0.0,-0.0,-0.0,-0.0,-0.0,105948.5234375,105948.5234375,767625.1875,43703.0078125,43703.0078125,210365.359375
1802,18,IN,CTCs and EITCs,18219008.0,0.0015590325929224491,0.0006287224823608994,0.010238148834163473,0.0016785415350183289,105948.5234375,106113.9609375,767625.1875,43703.0078125,43730.5,210365.359375
1802,18,IN,EITCs,18219008.0,0.0015590325929224491,0.0006287224823608994,0.010238148834163473,0.0016785415350183289,105948.5234375,106113.9609375,767625.1875,43703.0078125,43730.5,210365.359375
1803,18,IN,CTCs,0.0,-0.0,-0.0,-0.0,-0.0,26922.47265625,26922.47265625,767384.875,10736.2314453125,10736.2314453125,221786.375
1803,18,IN,CTCs and EITCs,10323968.0,-0.0,-0.0,0.001730876294325976,0.001120684737721392,26922.47265625,26922.47265625,767384.875,10736.2314453125,10736.2314453125,221786.375
1803,18,IN,EITCs,10323968.0,-0.0,-0.0,0.001730876294325976,0.001120684737721392,26922.47265625,26922.47265625,767384.875,10736.2314453125,10736.2314453125,221786.375
1804,18,IN,CTCs,0.0,-0.0,-0.0,-0.0,-0.0,29686.4375,29686.4375,763902.875,6510.3994140625,6510.3994140625,169210.515625
1804,18,IN,CTCs and EITCs,5683200.0,0.002193453488871455,0.0030470110941678286,0.003793635506941362,0.0005104083167738697,29686.4375,29751.697265625,763902.875,6510.3994140625,6530.2978515625,169210.515625
1804,18,IN,EITCs,5683200.0,0.002193453488871455,0.0030470110941678286,0.003793635506941362,0.0005104083167738697,29686.4375,29751.697265625,763902.875,6510.3994140625,6530.2978515625,169210.515625
1805,18,IN,CTCs,0.0,-0.0,-0.0,-0.0,-0.0,27031.37109375,27031.37109375,765819.875,7517.72998046875,7517.72998046875,204998.671875
1805,18,IN,CTCs and EITCs,16162816.0,0.010666994377970695,0.024828217923641205,0.0048646369793741776,0.0016341608006287484,27031.37109375,27322.82421875,765819.875,7517.72998046875,7709.13427734375,204998.671875
1805,18,IN,EITCs,16162816.0,0.010666994377970695,0.024828217923641205,0.0048646369793741776,0.0016341608006287484,27031.37109375,27322.82421875,765819.875,7517.72998046875,7709.13427734375,204998.671875
1806,18,IN,CTCs,0.0,-0.0,-0.0,-0.0,-0.0,130446.015625,130446.015625,766850.0625,32395.0234375,32395.0234375,177049.65625
1806,18,IN,CTCs and EITCs,17305600.0,0.00032339891185984015,0.0003255718620494008,0.008884879165883916,0.001456488318016951,130446.015625,130488.21875,766850.0625,32395.0234375,32405.57421875,177049.65625
1806,18,IN,EITCs,17305600.0,0.00032339891185984015,0.0003255718620494008,0.008884879165883916,0.001456488318016951,130446.015625,130488.21875,766850.0625,32395.0234375,32405.57421875,177049.65625
1807,18,IN,CTCs,0.0,-0.0,-0.0,-0.0,-0.0,100725.7578125,100725.7578125,764613.25,38270.3515625,38270.3515625,214494.0
1807,18,IN,CTCs and EITCs,13549568.0,0.002052103402093053,0.002698801690712571,0.011739519451462545,0.0011342089600412729,100725.7578125,100932.8828125,764613.25,38270.3515625,38373.9140625,214494.0
1807,18,IN,EITCs,13549568.0,0.002052103402093053,0.002698801690712571,0.011739519451462545,0.0011342089600412729,100725.7578125,100932.8828125,764613.25,38270.3515625,38373.9140625,214494.0
1808,18,IN,CTCs,0.0,-0.0,-0.0,-0.0,-0.0,22673.841796875,22673.841796875,766397.375,6475.2470703125,6475.2470703125,244027.6875
1808,18,IN,CTCs and EITCs,24852480.0,-0.0,-0.0,0.002550255709558045,0.0017672139010039831,22673.841796875,22673.841796875,766397.375,6475.2470703125,6475.2470703125,244027.6875
1808,18,IN,EITCs,24852480.0,-0.0,-0.0,0.002550255709558045,0.0017672139010039831,22673.841796875,22673.841796875,766397.375,6475.2470703125,6475.2470703125,244027.6875
1809,18,IN,CTCs,0.0,-0.0,-0.0,-0.0,-0.0,108437.4375,108437.4375,766480.5,40755.96875,40755.96875,167628.296875
1809,18,IN,CTCs and EITCs,13236224.0,0.00504207331687212,0.004873845726251602,0.013404044495881664,0.0011470822489856012,108437.4375,108986.953125,766480.5,40755.96875,40955.58203125,167628.296875
1809,18,IN,EITCs,13236224.0,0.00504207331687212,0.004873845726251602,0.013404044495881664,0.0011470822489856012,108437.4375,108986.953125,766480.5,40755.96875,40955.58203125,167628.296875
1901,19,IA,CTCs,0.0,-0.0,-0.0,-0.0,-0.0,70374.7734375,70374.7734375,808941.625,31622.580078125,31622.580078125,236623.4375
1901,19,IA,CTCs and EITCs,26193920.0,-0.0,-0.0,0.019245706927825224,0.0026048311386653797,70374.7734375,70374.7734375,808941.625,31622.580078125,31622.580078125,236623.4375
1901,19,IA,EITCs,26193920.0,-0.0,-0.0,0.019245706927825224,0.0026048311386653797,70374.7734375,70374.7734375,808941.625,31622.580078125,31622.580078125,236623.4375
1902,19,IA,CTCs,0.0,-0.0,-0.0,-0.0,-0.0,10409.537109375,10409.537109375,810593.0625,2301.73681640625,2301.73681640625,164467.90625
1902,19,IA,CTCs and EITCs,18341888.0,0.05331674590706825,0.13256344199180603,0.0031701247705119852,0.0019046689793689603,10409.537109375,10995.796875,810593.0625,2301.73681640625,2653.492919921875,164467.90625
1902,19,IA,EITCs,18341888.0,0.05331674590706825,0.13256344199180603,0.0031701247705119852,0.0019046689793689603,10409.537109375,10995.796875,810593.0625,2301.73681640625,2653.492919921875,164467.90625
1903,19,IA,CTCs,0.0,-0.0,-0.0,-0.0,-0.0,70487.1875,70487.1875,809247.375,14302.93359375,14302.93359375,212319.578125
1903,19,IA,CTCs and EITCs,10682368.0,0.0050535183399915695,0.012770145200192928,0.0011375141977633366,0.0007924705125854122,70487.1875,70845.203125,809247.375,14302.93359375,14487.947265625,212319.578125
1903,19,IA,EITCs,10682368.0,0.0050535183399915695,0.012770145200192928,0.0011375141977633366,0.0007924705125854122,70487.1875,70845.203125,809247.375,14302.93359375,14487.947265625,212319.578125
1904,19,IA,CTCs,0.0,-0.0,-0.0,-0.0,-0.0,60629.265625,60629.265625,807921.75,8511.837890625,8511.837890625,192423.078125
1904,19,IA,CTCs and EITCs,15462400.0,3.3457425161032006e-05,4.210791644254641e-07,0.004814660837654101,0.0012513583237748148,60629.265625,60631.29296875,807921.75,8511.837890625,8511.841796875,192423.078125
1904,19,IA,EITCs,15462400.0,3.3457425161032006e-05,4.210791644254641e-07,0.004814660837654101,0.0012513583237748148,60629.265625,60631.29296875,807921.75,8511.837890625,8511.841796875,192423.078125
2001,20,KS,CTCs,0.0,-0.0,-0.0,-0.0,-0.0,49304.40625,49304.40625,745895.0,6486.39208984375,6486.39208984375,174648.5
2001,20,KS,CTCs and EITCs,18526208.0,0.006586124654859304,0.03151826933026314,0.0048405265610978005,0.0016353676253925776,49304.40625,49631.28125,745895.0,6486.39208984375,6697.4853515625,174648.5
2001,20,KS,EITCs,18526208.0,0.006586124654859304,0.03151826933026314,0.0048405265610978005,0.0016353676253925776,49304.40625,49631.28125,745895.0,6486.39208984375,6697.4853515625,174648.5
2002,20,KS,CTCs,0.0,-0.0,-0.0,-0.0,-0.0,54317.31640625,54317.31640625,746622.5625,31923.6875,31923.6875,196987.90625
2002,20,KS,CTCs and EITCs,16642048.0,0.013160442933440208,0.005640607327222824,0.010549728831287184,0.0021814361488382158,54317.31640625,55041.6875,746622.5625,31923.6875,32104.779296875,196987.90625
2002,20,KS,EITCs,16642048.0,0.013160442933440208,0.005640607327222824,0.010549728831287184,0.0021814361488382158,54317.31640625,55041.6875,746622.5625,31923.6875,32104.779296875,196987.90625
2003,20,KS,CTCs,0.0,-0.0,-0.0,-0.0,-0.0,59566.7265625,59566.7265625,747639.625,13523.2763671875,13523.2763671875,193854.953125
2003,20,KS,CTCs and EITCs,15749120.0,0.010182127356529236,0.025365792214870453,0.00880198164052419,0.0012862474640376856,59566.7265625,60179.48046875,747639.625,13523.2763671875,13875.2314453125,193854.953125
2003,20,KS,EITCs,15749120.0,0.010182127356529236,0.025365792214870453,0.00880198164052419,0.0012862474640376856,59566.7265625,60179.48046875,747639.625,13523.2763671875,13875.2314453125,193854.953125
2004,20,KS,CTCs,0.0,-0.0,-0.0,-0.0,-0.0,52009.6171875,52009.6171875,747420.5,17591.064453125,17591.064453125,218246.46875
2004,20,KS,CTCs and EITCs,31778816.0,-0.0,-0.0,0.011285616966806552,0.0021501150340100003,52009.6171875,52009.6171875,747420.5,17591.064453125,17591.064453125,218246.46875
2004,20,KS,EITCs,31778816.0,-0.0,-0.0,0.011285616966806552,0.0021501150340100003,52009.6171875,52009.6171875,747420.5,17591.064453125,17591.064453125,218246.46875
2101,21,KY,CTCs,0.0,-0.0,-0.0,-0.0,-0.0,86563.453125,86563.453125,762223.1875,21382.50390625,21382.50390625,183691.5625
2101,21,KY,CTCs and EITCs,0.0,-0.0,-0.0,-0.0,-0.0,86563.453125,86563.453125,762223.1875,21382.50390625,21382.50390625,183691.5625
2101,21,KY,EITCs,0.0,-0.0,-0.0,-0.0,-0.0,86563.453125,86563.453125,762223.1875,21382.50390625,21382.50390625,183691.5625
2102,21,KY,CTCs,0.0,-0.0,-0.0,-0.0,-0.0,34710.37890625,34710.37890625,764650.75,14536.30078125,14536.30078125,214640.453125
2102,21,KY,CTCs and EITCs,0.0,-0.0,-0.0,-0.0,-0.0,34710.37890625,34710.37890625,764650.75,14536.30078125,14536.30078125,214640.453125
2102,21,KY,EITCs,0.0,-0.0,-0.0,-0.0,-0.0,34710.37890625,34710.37890625,764650.75,14536.30078125,14536.30078125,214640.453125
2103,21,KY,CTCs,0.0,-0.0,-0.0,-0.0,-0.0,57661.75,57661.75,762488.75,29284.998046875,29284.998046875,255773.84375
2103,21,KY,CTCs and EITCs,0.0,-0.0,-0.0,-0.0,-0.0,57661.75,57661.75,762488.75,29284.998046875,29284.998046875,255773.84375
2103,21,KY,EITCs,0.0,-0.0,-0.0,-0.0,-0.0,57661.75,57661.75,762488.75,29284.998046875,29284.998046875,255773.84375
2104,21,KY,CTCs,0.0,-0.0,-0.0,-0.0,-0.0,87770.078125,87770.078125,760765.9375,11780.9296875,11780.9296875,164131.703125
2104,21,KY,CTCs and EITCs,0.0,-0.0,-0.0,-0.0,-0.0,87770.078125,87770.078125,760765.9375,11780.9296875,11780.9296875,164131.703125
2104,21,KY,EITCs,0.0,-0.0,-0.0,-0.0,-0.0,87770.078125,87770.078125,760765.9375,11780.9296875,11780.9296875,164131.703125
2105,21,KY,CTCs,0.0,-0.0,-0.0,-0.0,-0.0,89307.2734375,89307.2734375,758863.875,37417.328125,37417.328125,140982.984375
2105,21,KY,CTCs and EITCs,0.0,-0.0,-0.0,-0.0,-0.0,89307.2734375,89307.2734375,758863.875,37417.328125,37417.328125,140982.984375
2105,21,KY,EITCs,0.0,-0.0,-0.0,-0.0,-0.0,89307.2734375,89307.2734375,758863.875,37417.328125,37417.328125,140982.984375
2106,21,KY,CTCs,0.0,-0.0,-0.0,-0.0,-0.0,42201.609375,42201.609375,764133.6875,11085.263671875,11085.263671875,199814.875
2106,21,KY,CTCs and EITCs,0.0,-0.0,-0.0,-0.0,-0.0,42201.609375,42201.609375,764133.6875,11085.263671875,11085.263671875,199814.875
2106,21,KY,EITCs,0.0,-0.0,-0.0,-0.0,-0.0,42201.609375,42201.609375,764133.6875,11085.263671875,11085.263671875,199814.875
2201,22,LA,CTCs,0.0,-0.0,-0.0,-0.0,-0.0,67753.90625,67753.90625,788453.25,15215.830078125,15215.830078125,214650.09375
2201,22,LA,CTCs and EITCs,13193216.0,0.002169781131669879,0.005776150152087212,0.0034526213329445937,0.0009429411044130164,67753.90625,67901.234375,788453.25,15215.830078125,15304.23046875,214650.09375
2201,22,LA,EITCs,13193216.0,0.002169781131669879,0.005776150152087212,0.0034526213329445937,0.0009429411044130164,67753.90625,67901.234375,788453.25,15215.830078125,15304.23046875,214650.09375
2202,22,LA,CTCs,0.0,-0.0,-0.0,-0.0,-0.0,83021.21875,83021.21875,787966.75,19771.37890625,19771.37890625,196345.09375
2202,22,LA,CTCs and EITCs,10711040.0,0.008052312768995762,0.014076005667448044,0.005875234584583234,0.0008475811797023595,83021.21875,83695.15625,787966.75,19771.37890625,20053.654296875,196345.09375
2202,22,LA,EITCs,10711040.0,0.008052312768995762,0.014076005667448044,0.005875234584583234,0.0008475811797023595,83021.21875,83695.15625,787966.75,19771.37890625,20053.654296875,196345.09375
2203,22,LA,CTCs,0.0,-0.0,-0.0,-0.0,-0.0,155166.71875,155166.71875,789174.0,51479.5546875,51479.5546875,213944.140625
2203,22,LA,CTCs and EITCs,18305024.0,0.0005015335627831519,0.0007519808714278042,0.001028495241311702,0.0014354430142358365,155166.71875,155244.578125,789174.0,51479.5546875,51518.296875,213944.140625
2203,22,LA,EITCs,18305024.0,0.0005015335627831519,0.0007519808714278042,0.001028495241311702,0.0014354430142358365,155166.71875,155244.578125,789174.0,51479.5546875,51518.296875,213944.140625
2204,22,LA,CTCs,0.0,-0.0,-0.0,-0.0,-0.0,106813.90625,106813.90625,789635.125,24401.1875,24401.1875,208784.5625
2204,22,LA,CTCs and EITCs,12535808.0,0.007463203743100166,0.017581531777977943,0.0013663327148352162,0.000985083596232412,106813.90625,107617.078125,789635.125,24401.1875,24837.875,208784.5625
2204,22,LA,EITCs,12535808.0,0.007463203743100166,0.017581531777977943,0.0013663327148352162,0.000985083596232412,106813.90625,107617.078125,789635.125,24401.1875,24837.875,208784.5625
2205,22,LA,CTCs,0.0,-0.0,-0.0,-0.0,-0.0,93873.3828125,93873.3828125,789248.5,18611.6640625,18611.6640625,167931.15625
2205,22,LA,CTCs and EITCs,13889536.0,0.006970725022256374,0.01739497296512127,0.0028417216956994097,0.000984916143686557,93873.3828125,94532.34375,789248.5,18611.6640625,18941.14453125,167931.15625
2205,22,LA,EITCs,13889536.0,0.006970725022256374,0.01739497296512127,0.0028417216956994097,0.000984916143686557,93873.3828125,94532.34375,789248.5,18611.6640625,18941.14453125,167931.15625
2206,22,LA,CTCs,0.0,-0.0,-0.0,-0.0,-0.0,80530.71875,80530.71875,787634.0,24014.978515625,24014.978515625,231338.609375
2206,22,LA,CTCs and EITCs,12058624.0,0.003579231910407543,0.005986633710563183,0.0033318993791342276,0.0007962121867205828,80530.71875,80819.9921875,787634.0,24014.978515625,24159.61328125,231338.609375
2206,22,LA,EITCs,12058624.0,0.003579231910407543,0.005986633710563183,0.0033318993791342276,0.0007962121867205828,80530.71875,80819.9921875,787634.0,24014.978515625,24159.61328125,231338.609375
2301,23,ME,CTCs,48443392.0,0.009817835874855518,0.03506774082779884,0.006133595734358343,0.0033944568992868023,35600.86328125,35953.8515625,691888.125,4856.5029296875,5032.99853515625,130031.859375
2301,23,ME,CTCs and EITCs,80044032.0,0.17765872180461884,0.050152622163295746,0.019010673733699284,0.0064728418381964714,35600.86328125,43292.078125,691888.125,4856.5029296875,5112.9296875,130031.859375
2301,23,ME,EITCs,31598592.0,0.17461615800857544,0.03509458154439926,0.012954948305536158,0.0030834845888852848,35600.86328125,43132.4921875,691888.125,4856.5029296875,5033.138671875,130031.859375
2302,23,ME,CTCs,56371200.0,0.010922948829829693,0.017932511866092682,0.019884606760208874,0.004682198230163669,59517.1796875,60174.4609375,692320.75,22202.685546875,22608.107421875,144918.484375
2302,23,ME,CTCs and EITCs,80140288.0,0.014417659491300583,0.02298520877957344,0.029441880554101123,0.00624659116138578,59517.1796875,60387.828125,692320.75,22202.685546875,22725.025390625,144918.484375
2302,23,ME,EITCs,23767040.0,0.005047291051596403,0.0060662925243377686,0.009846045430851885,0.0015689579427780492,59517.1796875,59819.1015625,692320.75,22202.685546875,22338.197265625,144918.484375
2401,24,MD,CTCs,1015808.0,-0.0,-0.0,0.0022268793628931133,3.2268515717981934e-05,28936.900390625,28936.900390625,786959.6875,13997.015625,13997.015625,213520.25
2401,24,MD,CTCs and EITCs,80023552.0,0.03989456593990326,0.04488391429185867,0.022163101785508028,0.004296857683146594,28936.900390625,30139.296875,786959.6875,13997.015625,14654.7802734375,213520.25
2401,24,MD,EITCs,79011840.0,0.03989456593990326,0.04488391429185867,0.01958618663180871,0.00426418439434216,28936.900390625,30139.296875,786959.6875,13997.015625,14654.7802734375,213520.25
2402,24,MD,CTCs,7917568.0,-0.0,-0.0,0.012671129130361695,0.0005946270268666487,75055.1796875,75055.1796875,782598.25,21000.765625,21000.765625,178028.40625
2402,24,MD,CTCs and EITCs,65032192.0,0.038000576198101044,0.059979040175676346,0.07298126587687036,0.004787407649272094,75055.1796875,78019.984375,782598.25,21000.765625,22340.7421875,178028.40625
2402,24,MD,EITCs,57114624.0,0.038000576198101044,0.059979040175676346,0.06173577643488604,0.0041941519660524595,75055.1796875,78019.984375,782598.25,21000.765625,22340.7421875,178028.40625
2403,24,MD,CTCs,7782400.0,-0.0,-0.0,0.004269097523274635,0.000495694367353127,153319.1875,153319.1875,783038.125,58240.85546875,58240.85546875,234689.1875
2403,24,MD,CTCs and EITCs,32153600.0,0.012966180220246315,0.022257784381508827,0.011533805031422272,0.002014741441942701,153319.1875,155333.265625,783038.125,58240.85546875,59566.67578125,234689.1875
2403,24,MD,EITCs,24375296.0,0.012966180220246315,0.022257784381508827,0.007311936599223486,0.001519020313970454,153319.1875,155333.265625,783038.125,58240.85546875,59566.67578125,234689.1875
2404,24,MD,CTCs,2744320.0,-0.0,-0.0,0.0025316389374422706,0.0002468722826948696,94074.71875,94074.71875,783545.5,26583.583984375,26583.583984375,134198.84375
2404,24,MD,CTCs and EITCs,54149120.0,0.030296718701720238,0.05090963467955589,0.051567287971271906,0.004945300750143465,94074.71875,97013.921875,783545.5,26583.583984375,28009.5390625,134198.84375
2404,24,MD,EITCs,51408896.0,0.030296718701720238,0.05090963467955589,0.04923572296837673,0.004699139835016236,94074.71875,97013.921875,783545.5,26583.583984375,28009.5390625,134198.84375
2405,24,MD,CTCs,13025280.0,-0.0,-0.0,0.0007757836233101478,0.0007205777634258543,42804.09375,42804.09375,787564.375,13910.0068359375,13910.0068359375,237322.859375
2405,24,MD,CTCs and EITCs,90140672.0,0.057527583092451096,0.06860315054655075,0.043565858124105926,0.005307058264910954,42804.09375,45416.8125,787564.375,13910.0068359375,14934.56640625,237322.859375
2405,24,MD,EITCs,77115392.0,0.057527583092451096,0.06860315054655075,0.04285511811295318,0.00458389174508798,42804.09375,45416.8125,787564.375,13910.0068359375,14934.56640625,237322.859375
2406,24,MD,CTCs,958464.0,-0.0,-0.0,0.0018498597960239088,6.594425096487191e-05,20437.046875,20437.046875,789851.625,6312.583984375,6312.583984375,217518.96875
2406,24,MD,CTCs and EITCs,29028352.0,0.01946689561009407,0.016076644882559776,0.022557352386708328,0.0023932285456185324,20437.046875,20842.791015625,789851.625,6312.583984375,6415.7275390625,217518.96875
2406,24,MD,EITCs,28065792.0,0.01946689561009407,0.016076644882559776,0.02078351806417934,0.002320728790197365,20437.046875,20842.791015625,789851.625,6312.583984375,6415.7275390625,217518.96875
2407,24,MD,CTCs,11096064.0,-0.0,-0.0,0.003161645310505446,0.0006803689254269877,70496.59375,70496.59375,781381.1875,23243.849609375,23243.849609375,201322.125
2407,24,MD,CTCs and EITCs,119781376.0,0.046829093247652054,0.08513354510068893,0.05688633140152218,0.009575190989157671,70496.59375,73960.078125,781381.1875,23243.849609375,25406.82421875,201322.125
2407,24,MD,EITCs,108687360.0,0.046829093247652054,0.08513354510068893,0.053382920525260974,0.00890082098189715,70496.59375,73960.078125,781381.1875,23243.849609375,25406.82421875,201322.125
2408,24,MD,CTCs,409600.0,-0.0,-0.0,0.0004691613827304569,1.9261110453157977e-05,171800.359375,171800.359375,784985.8125,54892.421875,54892.421875,129496.8984375
2408,24,MD,CTCs and EITCs,115359744.0,0.011747092939913273,0.017553700134158134,0.11430801760531807,0.0076416718859614475,171800.359375,173842.5,784985.8125,54892.421875,55873.203125,129496.8984375
2408,24,MD,EITCs,114954240.0,0.011747092939913273,0.017553700134158134,0.11393965793813261,0.007622487854459667,171800.359375,173842.5,784985.8125,54892.421875,55873.203125,129496.8984375
2501,25,MA,CTCs,53010432.0,0.0006232165032997727,0.0027326277922838926,0.0021281849363128246,0.0010238208724686363,115705.8359375,115777.9921875,794458.3125,22571.2734375,22633.12109375,174656.703125
2501,25,MA,CTCs and EITCs,108085248.0,0.007863043807446957,0.021928774192929268,0.0024739873841003826,0.0022812552707911645,115705.8359375,116622.84375,794458.3125,22571.2734375,23077.330078125,174656.703125
2501,25,MA,EITCs,55074816.0,0.005969079677015543,0.01448159571737051,0.00032404159120005724,0.001256707011782332,115705.8359375,116400.6328125,794458.3125,22571.2734375,22902.943359375,174656.703125
2502,25,MA,CTCs,62611456.0,0.0032642928417772055,0.00932891946285963,0.008313162628753064,0.002037601727819482,105019.3203125,105363.2578125,792977.25,29218.6953125,29493.841796875,179135.140625
2502,25,MA,CTCs and EITCs,107675648.0,0.01421421766281128,0.02712615579366684,0.024565560924984534,0.004809431760323789,105019.3203125,106533.609375,792977.25,29218.6953125,30033.38671875,179135.140625
2502,25,MA,EITCs,45072384.0,0.012185083702206612,0.023568803444504738,0.016301164747271286,0.002772848303443819,105019.3203125,106314.7734375,792977.25,29218.6953125,29923.96875,179135.140625
2503,25,MA,CTCs,65499136.0,0.1430111527442932,0.28167712688446045,0.051098105583556847,0.002668027735841064,151914.703125,177265.671875,794662.875,38202.4375,53182.8203125,189975.1875
2503,25,MA,CTCs and EITCs,100962304.0,0.15827572345733643,0.3017236292362213,0.08075905843957693,0.004978254571601126,151914.703125,180480.359375,794662.875,38202.4375,54709.625,189975.1875
2503,25,MA,EITCs,35467264.0,0.15195752680301666,0.2906419038772583,0.03182250562716076,0.0023252277862300303,151914.703125,179135.71875,794662.875,38202.4375,53854.9375,189975.1875
2504,25,MA,CTCs,48472064.0,0.00794077105820179,0.030514061450958252,0.003526070247908203,0.0017050395497213075,19644.6875,19801.9296875,793986.0625,2997.504638671875,3091.849609375,147977.796875
2504,25,MA,CTCs and EITCs,83415040.0,0.04379424452781677,0.1374569535255432,0.008547093833658483,0.0038857392671396134,19644.6875,20544.4140625,793986.0625,2997.504638671875,3475.1943359375,147977.796875
2504,25,MA,EITCs,34951168.0,0.02464451640844345,0.08431632071733475,0.004806762594396505,0.002184056364969965,19644.6875,20141.0546875,793986.0625,2997.504638671875,3273.515380859375,147977.796875
2505,25,MA,CTCs,56098816.0,0.003751895623281598,0.009699089452624321,0.016721614604314632,0.0019466228921108002,190813.46875,191532.078125,793239.4375,40412.29296875,40808.09375,168183.84375
2505,25,MA,CTCs and EITCs,88035328.0,0.016961494460701942,0.03499282896518707,0.028789744205962062,0.003686116900986649,190813.46875,194105.796875,793239.4375,40412.29296875,41877.7109375,168183.84375
2505,25,MA,EITCs,31936512.0,0.0061643244698643684,0.012980027124285698,0.01237312244976066,0.001740751986436545,190813.46875,191997.0,793239.4375,40412.29296875,40943.7421875,168183.84375
2506,25,MA,CTCs,57118720.0,0.00585135305300355,0.03340065851807594,0.014639685740651599,0.001515700218352869,122531.671875,123252.8671875,792913.5,13881.06640625,14360.724609375,168744.5
2506,25,MA,CTCs and EITCs,85250048.0,0.06855342537164688,0.25498276948928833,0.04881048262742776,0.0029442658734876235,122531.671875,131549.859375,792913.5,13881.06640625,18631.873046875,168744.5
2506,25,MA,EITCs,28139520.0,0.06750064343214035,0.25100240111351013,0.03228670436037461,0.0014287013589707345,122531.671875,131401.34375,792913.5,13881.06640625,18532.859375,168744.5
2507,25,MA,CTCs,38481920.0,0.0036309408023953438,0.0057338569313287735,0.012610198013304109,0.0014457312779949257,215171.875,215955.984375,794001.125,71295.609375,71706.765625,176522.515625
2507,25,MA,CTCs and EITCs,74350592.0,0.006282296031713486,0.01103181205689907,0.03465467919220984,0.004448290962526109,215171.875,216532.1875,794001.125,71295.609375,72090.8984375,176522.515625
2507,25,MA,EITCs,35872768.0,0.006282296031713486,0.01103181205689907,0.022483358289717245,0.003005190513108532,215171.875,216532.1875,794001.125,71295.609375,72090.8984375,176522.515625
2508,25,MA,CTCs,65802240.0,0.011569942347705364,0.016095206141471863,0.02114007336522776,0.001965831054769934,133599.59375,135163.4375,796380.8125,52805.5625,53669.3828125,225789.84375
2508,25,MA,CTCs and EITCs,109195264.0,0.019019372761249542,0.0260921660810709,0.04225717799240955,0.004471212887630671,133599.59375,136189.84375,796380.8125,52805.5625,54220.28515625,225789.84375
2508,25,MA,EITCs,43388928.0,0.012619058601558208,0.01720217987895012,0.02186413451943618,0.0024929187446671697,133599.59375,135307.046875,796380.8125,52805.5625,53729.83203125,225789.84375
2509,25,MA,CTCs,50724864.0,0.014461139217019081,0.0759214535355568,0.005599123500116864,0.0011787620651988666,90505.3515625,91833.3671875,796186.9375,9698.3896484375,10495.2001953125,145486.75
2509,25,MA,CTCs and EITCs,62939136.0,0.022286012768745422,0.104306161403656,0.009982739166028806,0.0017706322524633957,90505.3515625,92568.328125,796186.9375,9698.3896484375,10827.7958984375,145486.75
2509,25,MA,EITCs,12222464.0,0.017790377140045166,0.08267885446548462,0.004168513860416882,0.0005915644407479394,90505.3515625,92144.640625,796186.9375,9698.3896484375,10572.5126953125,145486.75
2601,26,MI,CTCs,0.0,-0.0,-0.0,-0.0,-0.0,85521.0078125,85521.0078125,788692.875,13322.1201171875,13322.1201171875,147010.3125
2601,26,MI,CTCs and EITCs,49809408.0,0.012470542453229427,0.018943343311548233,0.028316648785370338,0.004969434362207075,85521.0078125,86600.96875,788692.875,13322.1201171875,13579.3583984375,147010.3125
2601,26,MI,EITCs,49809408.0,0.012470542453229427,0.018943343311548233,0.028316648785370338,0.004969434362207075,85521.0078125,86600.96875,788692.875,13322.1201171875,13579.3583984375,147010.3125
2602,26,MI,CTCs,0.0,-0.0,-0.0,-0.0,-0.0,20553.427734375,20553.427734375,789754.125,10203.63671875,10203.63671875,157694.0625
2602,26,MI,CTCs and EITCs,37044224.0,0.4686988890171051,0.46956050395965576,0.10538422359411434,0.0016024306700912088,20553.427734375,38685.0859375,789754.125,10203.63671875,19236.193359375,157694.0625
2602,26,MI,EITCs,37044224.0,0.4686988890171051,0.46956050395965576,0.10538422359411434,0.0016024306700912088,20553.427734375,38685.0859375,789754.125,10203.63671875,19236.193359375,157694.0625
2603,26,MI,CTCs,0.0,-0.0,-0.0,-0.0,-0.0,20304.12109375,20304.12109375,788150.4375,6751.45556640625,6751.45556640625,129098.8046875
2603,26,MI,CTCs and EITCs,25223168.0,0.010287957265973091,0.01841132715344429,0.017907305514631103,0.0024463323884558715,20304.12109375,20515.1796875,788150.4375,6751.45556640625,6878.09033203125,129098.8046875
2603,26,MI,EITCs,25223168.0,0.010287957265973091,0.01841132715344429,0.017907305514631103,0.0024463323884558715,20304.12109375,20515.1796875,788150.4375,6751.45556640625,6878.09033203125,129098.8046875
2604,26,MI,CTCs,0.0,-0.0,-0.0,-0.0,-0.0,15588.630859375,15588.630859375,787418.5,3398.911865234375,3398.911865234375,218227.453125
2604,26,MI,CTCs and EITCs,69208064.0,0.031721897423267365,0.04162909835577011,0.009042548615193432,0.0065504769104478685,15588.630859375,16099.33203125,787418.5,3398.911865234375,3546.5517578125,218227.453125
2604,26,MI,EITCs,69208064.0,0.031721897423267365,0.04162909835577011,0.009042548615193432,0.0065504769104478685,15588.630859375,16099.33203125,787418.5,3398.911865234375,3546.5517578125,218227.453125
2605,26,MI,CTCs,0.0,-0.0,-0.0,-0.0,-0.0,17165.43359375,17165.43359375,787841.625,5072.1923828125,5072.1923828125,228001.390625
2605,26,MI,CTCs and EITCs,53495808.0,0.013768437318503857,0.018948368728160858,0.010044014711312586,0.0065553861429416245,17165.43359375,17405.07421875,787841.625,5072.1923828125,5170.158203125,228001.390625
2605,26,MI,EITCs,53495808.0,0.013768437318503857,0.018948368728160858,0.010044014711312586,0.0065553861429416245,17165.43359375,17405.07421875,787841.625,5072.1923828125,5170.158203125,228001.390625
2606,26,MI,CTCs,0.0,-0.0,-0.0,-0.0,-0.0,23791.130859375,23791.130859375,785622.0,2980.212890625,2980.212890625,198377.453125
2606,26,MI,CTCs and EITCs,15110144.0,0.0614955760538578,0.25969618558883667,0.007983239224961209,0.0014614724654922904,23791.130859375,25350.044921875,785622.0,2980.212890625,4025.661865234375,198377.453125
2606,26,MI,EITCs,15110144.0,0.0614955760538578,0.25969618558883667,0.007983239224961209,0.0014614724654922904,23791.130859375,25350.044921875,785622.0,2980.212890625,4025.661865234375,198377.453125
2607,26,MI,CTCs,0.0,-0.0,-0.0,-0.0,-0.0,17466.2578125,17466.2578125,787104.1875,4556.2275390625,4556.2275390625,183327.4375
2607,26,MI,CTCs and EITCs,56102912.0,0.007106591947376728,0.008618511259555817,0.004347006504055403,0.00503756525929386,17466.2578125,17591.271484375,787104.1875,4556.2275390625,4595.8369140625,183327.4375
2607,26,MI,EITCs,56102912.0,0.007106591947376728,0.008618511259555817,0.004347006504055403,0.00503756525929386,17466.2578125,17591.271484375,787104.1875,4556.2275390625,4595.8369140625,183327.4375
2608,26,MI,CTCs,0.0,-0.0,-0.0,-0.0,-0.0,45755.41015625,45755.41015625,788383.1875,2896.5166015625,2896.5166015625,136160.125
2608,26,MI,CTCs and EITCs,49029120.0,0.027480587363243103,0.19493693113327026,0.004239602477871935,0.004301783419016292,45755.41015625,47048.328125,788383.1875,2896.5166015625,3597.87548828125,136160.125
2608,26,MI,EITCs,49029120.0,0.027480587363243103,0.19493693113327026,0.004239602477871935,0.004301783419016292,45755.41015625,47048.328125,788383.1875,2896.5166015625,3597.87548828125,136160.125
2609,26,MI,CTCs,0.0,-0.0,-0.0,-0.0,-0.0,74842.0234375,74842.0234375,786763.875,5629.6328125,5629.6328125,154377.28125
2609,26,MI,CTCs and EITCs,23967744.0,0.00700265821069479,0.04658135026693344,0.0027651125423905514,0.0025216965195191837,74842.0234375,75369.8125,786763.875,5629.6328125,5904.6806640625,154377.28125
2609,26,MI,EITCs,23967744.0,0.00700265821069479,0.04658135026693344,0.0027651125423905514,0.0025216965195191837,74842.0234375,75369.8125,786763.875,5629.6328125,5904.6806640625,154377.28125
2610,26,MI,CTCs,0.0,-0.0,-0.0,-0.0,-0.0,32573.5078125,32573.5078125,787916.75,9135.9970703125,9135.9970703125,144993.25
2610,26,MI,CTCs and EITCs,63954944.0,0.644115149974823,0.7729617357254028,0.13461111679238566,0.005586279855798662,32573.5078125,91528.2265625,787916.75,9135.9970703125,40239.8984375,144993.25
2610,26,MI,EITCs,63954944.0,0.644115149974823,0.7729617357254028,0.13461111679238566,0.005586279855798662,32573.5078125,91528.2265625,787916.75,9135.9970703125,40239.8984375,144993.25
2611,26,MI,CTCs,0.0,-0.0,-0.0,-0.0,-0.0,54740.3828125,54740.3828125,789109.9375,35248.6640625,35248.6640625,195770.109375
2611,26,MI,CTCs and EITCs,34967552.0,0.011862233281135559,0.009890493005514145,0.029034983039401475,0.003298935518176615,54740.3828125,55397.51953125,789109.9375,35248.6640625,35600.7734375,195770.109375
2611,26,MI,EITCs,34967552.0,0.011862233281135559,0.009890493005514145,0.029034983039401475,0.003298935518176615,54740.3828125,55397.51953125,789109.9375,35248.6640625,35600.7734375,195770.109375
2612,26,MI,CTCs,0.0,-0.0,-0.0,-0.0,-0.0,20446.517578125,20446.517578125,786518.375,6561.30859375,6561.30859375,137013.765625
2612,26,MI,CTCs and EITCs,43298816.0,0.03894919157028198,-0.0,0.015322213785398232,0.004798232959097554,20446.517578125,21275.16796875,786518.375,6561.30859375,6561.30859375,137013.765625
2612,26,MI,EITCs,43298816.0,0.03894919157028198,-0.0,0.015322213785398232,0.004798232959097554,20446.517578125,21275.16796875,786518.375,6561.30859375,6561.30859375,137013.765625
2613,26,MI,CTCs,0.0,-0.0,-0.0,-0.0,-0.0,72710.1796875,72710.1796875,789374.0,32254.10546875,32254.10546875,222526.203125
2613,26,MI,CTCs and EITCs,90083328.0,0.0641043558716774,0.04004346951842308,0.12904740941386444,0.007000194637015629,72710.1796875,77690.4765625,789374.0,32254.10546875,33599.546875,222526.203125
2613,26,MI,EITCs,90083328.0,0.0641043558716774,0.04004346951842308,0.12904740941386444,0.007000194637015629,72710.1796875,77690.4765625,789374.0,32254.10546875,33599.546875,222526.203125
2701,27,MN,CTCs,57319424.0,0.7177181839942932,0.9582460522651672,0.10623685716972832,0.007304617080742473,7241.61181640625,25653.83203125,725837.6875,533.6167602539062,12780.044921875,138814.390625
2701,27,MN,CTCs and EITCs,73592832.0,0.7196563482284546,0.9583585262298584,0.12175285587013485,0.009069137509966957,7241.61181640625,25831.19140625,725837.6875,533.6167602539062,12814.548828125,138814.390625
2701,27,MN,EITCs,29212672.0,0.017048979178071022,-0.0,0.0047603834406202555,0.003471733215518449,7241.61181640625,7367.21533203125,725837.6875,533.6167602539062,533.6167602539062,138814.390625
2702,27,MN,CTCs,51208192.0,0.036165833473205566,0.06423977017402649,0.04225018174938898,0.0052245472983140535,42945.359375,44556.79296875,723476.5,10652.009765625,11383.2685546875,157603.4375
2702,27,MN,CTCs and EITCs,77537280.0,0.036165833473205566,0.06423977017402649,0.05784948942950965,0.0072233061881312125,42945.359375,44556.79296875,723476.5,10652.009765625,11383.2685546875,157603.4375
2702,27,MN,EITCs,27631616.0,-0.0,-0.0,0.01679779379650305,0.0021406628164380033,42945.359375,42945.359375,723476.5,10652.009765625,10652.009765625,157603.4375
2703,27,MN,CTCs,64557056.0,2.7406960612097464e-07,8.433042353317433e-07,0.018575018590289587,0.006848926125512347,19788.90234375,19788.908203125,727935.0,3977.811279296875,3977.814453125,200104.1875
2703,27,MN,CTCs and EITCs,73625600.0,0.11594632267951965,0.14024078845977783,0.02408277394820611,0.007346745804423811,19788.90234375,22384.27734375,727935.0,3977.811279296875,4626.6572265625,200104.1875
2703,27,MN,EITCs,15982592.0,0.11594616621732712,0.14024023711681366,0.006300328966502865,0.0012735714915652124,19788.90234375,22384.2734375,727935.0,3977.811279296875,4626.654296875,200104.1875
2704,27,MN,CTCs,80027648.0,0.17018161714076996,0.3599507808685303,0.01634772702014747,0.00842297200446861,19297.78125,23255.427734375,724808.8125,3743.99560546875,5849.54296875,202617.015625
2704,27,MN,CTCs and EITCs,115924992.0,0.17945683002471924,0.3633292019367218,0.020859376713022394,0.00968990793259084,19297.78125,23518.30078125,724808.8125,3743.99560546875,5880.5830078125,202617.015625
2704,27,MN,EITCs,40882176.0,0.11743269860744476,0.22158382833003998,0.0044579332354372,0.0016710467329161859,19297.78125,21865.505859375,724808.8125,3743.99560546875,4809.7607421875,202617.015625
2705,27,MN,CTCs,101703680.0,0.044585008174180984,0.09693792462348938,0.02518017513117731,0.007431338990446677,56444.41796875,59078.4296875,725996.25,12116.68359375,13417.33203125,119799.765625
2705,27,MN,CTCs and EITCs,132878336.0,0.05710996314883232,0.09693792462348938,0.03183979033263729,0.009092816561215643,56444.41796875,59863.19921875,725996.25,12116.68359375,13417.33203125,119799.765625
2705,27,MN,EITCs,32657408.0,0.0137128084897995,-0.0,0.006846425478468832,0.0017737421301463245,56444.41796875,57229.1875,725996.25,12116.68359375,12116.68359375,119799.765625
2706,27,MN,CTCs,43126784.0,0.06513958424329758,0.20011967420578003,0.011598937623833872,0.002696236815917161,24095.2421875,25774.16015625,724716.9375,4386.24658203125,5483.62841796875,141922.375
2706,27,MN,CTCs and EITCs,65863680.0,0.06902885437011719,0.2006797045469284,0.02581931531694277,0.003812096308820946,24095.2421875,25881.8359375,724716.9375,4386.24658203125,5487.47021484375,141922.375
2706,27,MN,EITCs,26607616.0,0.007948075421154499,0.011780841276049614,0.014513460705394393,0.0012688157313401408,24095.2421875,24288.2890625,724716.9375,4386.24658203125,4438.5361328125,141922.375
2707,27,MN,CTCs,141821952.0,0.018580853939056396,0.027318086475133896,0.027902946271792173,0.017799238933450375,65831.1875,67077.546875,723240.5,27712.103515625,28490.408203125,246178.40625
2707,27,MN,CTCs and EITCs,166809600.0,0.024334225803613663,0.027318086475133896,0.03740109071314592,0.01988300987310836,65831.1875,67473.09375,723240.5,27712.103515625,28490.408203125,246178.40625
2707,27,MN,EITCs,35289088.0,0.006286012940108776,0.000376857235096395,0.012665191138731283,0.003412126007043947,65831.1875,66247.625,723240.5,27712.103515625,27722.55078125,246178.40625
2708,27,MN,CTCs,92041216.0,0.28730669617652893,0.7544283270835876,0.005226809554981579,0.006130123881164694,43469.75,60993.62890625,725337.5,2849.237548828125,11602.466796875,159651.03125
2708,27,MN,CTCs and EITCs,134590464.0,0.2884252071380615,0.7548297047615051,0.013344328368208001,0.007629107939269855,43469.75,61089.50390625,725337.5,2849.237548828125,11621.4619140625,159651.03125
2708,27,MN,EITCs,47656960.0,0.006244054529815912,0.036629460752010345,0.005865923775080442,0.0018590399616792888,43469.75,43742.8828125,725337.5,2849.237548828125,2957.57177734375,159651.03125
2801,28,MS,CTCs,0.0,-0.0,-0.0,-0.0,-0.0,67265.109375,67265.109375,751982.25,15183.7431640625,15183.7431640625,176419.6875
2801,28,MS,CTCs and EITCs,0.0,-0.0,-0.0,-0.0,-0.0,67265.109375,67265.109375,751982.25,15183.7431640625,15183.7431640625,176419.6875
2801,28,MS,EITCs,0.0,-0.0,-0.0,-0.0,-0.0,67265.109375,67265.109375,751982.25,15183.7431640625,15183.7431640625,176419.6875
2802,28,MS,CTCs,0.0,-0.0,-0.0,-0.0,-0.0,74741.4453125,74741.4453125,754821.75,32028.890625,32028.890625,208830.953125
2802,28,MS,CTCs and EITCs,0.0,-0.0,-0.0,-0.0,-0.0,74741.4453125,74741.4453125,754821.75,32028.890625,32028.890625,208830.953125
2802,28,MS,EITCs,0.0,-0.0,-0.0,-0.0,-0.0,74741.4453125,74741.4453125,754821.75,32028.890625,32028.890625,208830.953125
2803,28,MS,CTCs,0.0,-0.0,-0.0,-0.0,-0.0,113344.390625,113344.390625,753249.8125,39723.23046875,39723.23046875,195772.015625
2803,28,MS,CTCs and EITCs,0.0,-0.0,-0.0,-0.0,-0.0,113344.390625,113344.390625,753249.8125,39723.23046875,39723.23046875,195772.015625
2803,28,MS,EITCs,0.0,-0.0,-0.0,-0.0,-0.0,113344.390625,113344.390625,753249.8125,39723.23046875,39723.23046875,195772.015625
2804,28,MS,CTCs,0.0,-0.0,-0.0,-0.0,-0.0,70886.671875,70886.671875,752421.5625,20864.150390625,20864.150390625,229813.6875
2804,28,MS,CTCs and EITCs,0.0,-0.0,-0.0,-0.0,-0.0,70886.671875,70886.671875,752421.5625,20864.150390625,20864.150390625,229813.6875
2804,28,MS,EITCs,0.0,-0.0,-0.0,-0.0,-0.0,70886.671875,70886.671875,752421.5625,20864.150390625,20864.150390625,229813.6875
2901,29,MO,CTCs,0.0,-0.0,-0.0,-0.0,-0.0,100635.9453125,100635.9453125,780989.5625,26172.23046875,26172.23046875,155375.703125
2901,29,MO,CTCs and EITCs,10887168.0,-0.0,-0.0,0.0055636492538649945,0.0004609681446370959,100635.9453125,100635.9453125,780989.5625,26172.23046875,26172.23046875,155375.703125
2901,29,MO,EITCs,10887168.0,-0.0,-0.0,0.0055636492538649945,0.0004609681446370959,100635.9453125,100635.9453125,780989.5625,26172.23046875,26172.23046875,155375.703125
2902,29,MO,CTCs,0.0,-0.0,-0.0,-0.0,-0.0,59790.875,59790.875,781492.8125,18949.41015625,18949.41015625,215754.5625
2902,29,MO,CTCs and EITCs,4009984.0,-0.0,-0.0,3.379110002780966e-05,0.0003819951911490297,59790.875,59790.875,781492.8125,18949.41015625,18949.41015625,215754.5625
2902,29,MO,EITCs,4009984.0,-0.0,-0.0,3.379110002780966e-05,0.0003819951911490297,59790.875,59790.875,781492.8125,18949.41015625,18949.41015625,215754.5625
2903,29,MO,CTCs,0.0,-0.0,-0.0,-0.0,-0.0,61177.87109375,61177.87109375,781570.5,30753.984375,30753.984375,230936.9375
2903,29,MO,CTCs and EITCs,5175296.0,-0.0,-0.0,0.00011928873173485645,0.00044290818954442426,61177.87109375,61177.87109375,781570.5,30753.984375,30753.984375,230936.9375
2903,29,MO,EITCs,5175296.0,-0.0,-0.0,0.00011928873173485645,0.00044290818954442426,61177.87109375,61177.87109375,781570.5,30753.984375,30753.984375,230936.9375
2904,29,MO,CTCs,0.0,-0.0,-0.0,-0.0,-0.0,86311.2734375,86311.2734375,779555.25,5449.53955078125,5449.53955078125,128497.15625
2904,29,MO,CTCs and EITCs,1525760.0,-0.0,-0.0,9.218485568157286e-06,0.00012946350680463956,86311.2734375,86311.2734375,779555.25,5449.53955078125,5449.53955078125,128497.15625
2904,29,MO,EITCs,1525760.0,-0.0,-0.0,9.218485568157286e-06,0.00012946350680463956,86311.2734375,86311.2734375,779555.25,5449.53955078125,5449.53955078125,128497.15625
2905,29,MO,CTCs,0.0,-0.0,-0.0,-0.0,-0.0,87898.4765625,87898.4765625,783475.875,30958.228515625,30958.228515625,163972.625
2905,29,MO,CTCs and EITCs,5115904.0,-0.0,-0.0,3.528523551594468e-06,0.00029676881564721,87898.4765625,87898.4765625,783475.875,30958.228515625,30958.228515625,163972.625
2905,29,MO,EITCs,5115904.0,-0.0,-0.0,3.528523551594468e-06,0.00029676881564721,87898.4765625,87898.4765625,783475.875,30958.228515625,30958.228515625,163972.625
2906,29,MO,CTCs,0.0,-0.0,-0.0,-0.0,-0.0,24766.53515625,24766.53515625,782198.75,10741.138671875,10741.138671875,189854.21875
2906,29,MO,CTCs and EITCs,6709248.0,-0.0,-0.0,4.988539673086947e-05,0.0008714342950879237,24766.53515625,24766.53515625,782198.75,10741.138671875,10741.138671875,189854.21875
2906,29,MO,EITCs,6709248.0,-0.0,-0.0,4.988539673086947e-05,0.0008714342950879237,24766.53515625,24766.53515625,782198.75,10741.138671875,10741.138671875,189854.21875
2907,29,MO,CTCs,0.0,-0.0,-0.0,-0.0,-0.0,61743.55859375,61743.55859375,780940.0,16290.93359375,16290.93359375,162139.53125
2907,29,MO,CTCs and EITCs,4272128.0,-0.0,-0.0,0.00020077863702821935,0.000331964129290462,61743.55859375,61743.55859375,780940.0,16290.93359375,16290.93359375,162139.53125
2907,29,MO,EITCs,4272128.0,-0.0,-0.0,0.00020077863702821935,0.000331964129290462,61743.55859375,61743.55859375,780940.0,16290.93359375,16290.93359375,162139.53125
2908,29,MO,CTCs,0.0,-0.0,-0.0,-0.0,-0.0,124064.703125,124064.703125,781459.625,52134.3203125,52134.3203125,250595.78125
2908,29,MO,CTCs and EITCs,2678784.0,-0.0,-0.0,0.00015070977845568656,0.0002562044047881103,124064.703125,124064.703125,781459.625,52134.3203125,52134.3203125,250595.78125
2908,29,MO,EITCs,2678784.0,-0.0,-0.0,0.00015070977845568656,0.0002562044047881103,124064.703125,124064.703125,781459.625,52134.3203125,52134.3203125,250595.78125
3001,30,MT,CTCs,0.0,-0.0,-0.0,-0.0,-0.0,41187.6328125,41187.6328125,550947.625,6921.373046875,6921.373046875,123987.1640625
3001,30,MT,CTCs and EITCs,21231616.0,-0.0,-0.0,0.002663693687638017,0.002001107684256297,41187.6328125,41187.6328125,550947.625,6921.373046875,6921.373046875,123987.1640625
3001,30,MT,EITCs,21231616.0,-0.0,-0.0,0.002663693687638017,0.002001107684256297,41187.6328125,41187.6328125,550947.625,6921.373046875,6921.373046875,123987.1640625
3002,30,MT,CTCs,0.0,-0.0,-0.0,-0.0,-0.0,25642.76953125,25642.76953125,550759.125,4777.5009765625,4777.5009765625,137272.234375
3002,30,MT,CTCs and EITCs,11159552.0,0.015296301804482937,0.04365352541208267,0.004543641742807531,0.0013073603671550265,25642.76953125,26041.1015625,550759.125,4777.5009765625,4995.5751953125,137272.234375
3002,30,MT,EITCs,11159552.0,0.015296301804482937,0.04365352541208267,0.004543641742807531,0.0013073603671550265,25642.76953125,26041.1015625,550759.125,4777.5009765625,4995.5751953125,137272.234375
3101,31,NE,CTCs,67338240.0,0.0003115378203801811,0.0003192844451405108,0.008104950358186586,0.004847940935411716,33531.8984375,33542.34765625,664237.0,16358.0556640625,16363.2802734375,164029.46875
3101,31,NE,CTCs and EITCs,78520320.0,0.009737102314829826,0.014524402096867561,0.009550574555153924,0.005707126463334214,33531.8984375,33861.61328125,664237.0,16358.0556640625,16599.1484375,164029.46875
3101,31,NE,EITCs,11182080.0,0.009431412443518639,0.014214273542165756,0.0014693282354377134,0.0008586271316525575,33531.8984375,33851.1640625,664237.0,16358.0556640625,16593.92578125,164029.46875
3102,31,NE,CTCs,43358208.0,0.003915442619472742,0.006552541628479958,0.009666073221504236,0.0044985073558667125,61703.9765625,61946.52734375,666521.625,24515.482421875,24677.181640625,206923.640625
3102,31,NE,CTCs and EITCs,51726336.0,0.003915442619472742,0.006552541628479958,0.013463052174314497,0.005497218411090512,61703.9765625,61946.52734375,666521.625,24515.482421875,24677.181640625,206923.640625
3102,31,NE,EITCs,8370176.0,-0.0,-0.0,0.003752156145696282,0.001000063068083279,61703.9765625,61703.9765625,666521.625,24515.482421875,24515.482421875,206923.640625
3103,31,NE,CTCs,34365440.0,0.003232769900932908,0.006888554431498051,0.003079894146768764,0.0024513492314912574,22490.4609375,22563.40234375,665182.0,5258.0380859375,5294.50927734375,165135.921875
3103,31,NE,CTCs and EITCs,45240320.0,0.019428692758083344,0.04504428431391716,0.003943447372245001,0.003167614892745944,22490.4609375,22936.078125,665182.0,5258.0380859375,5506.05419921875,165135.921875
3103,31,NE,EITCs,10878976.0,0.009310079738497734,0.019702602177858353,0.0008370881188319596,0.0007089193083262326,22490.4609375,22701.81640625,665182.0,5258.0380859375,5363.716796875,165135.921875
3201,32,NV,CTCs,0.0,-0.0,-0.0,-0.0,-0.0,120252.015625,120252.015625,787174.5,21910.330078125,21910.330078125,215175.9375
3201,32,NV,CTCs and EITCs,0.0,-0.0,-0.0,-0.0,-0.0,120252.015625,120252.015625,787174.5,21910.330078125,21910.330078125,215175.9375
3201,32,NV,EITCs,0.0,-0.0,-0.0,-0.0,-0.0,120252.015625,120252.015625,787174.5,21910.330078125,21910.330078125,215175.9375
3202,32,NV,CTCs,0.0,-0.0,-0.0,-0.0,-0.0,81173.125,81173.125,790215.1875,14936.90234375,14936.90234375,148644.109375
3202,32,NV,CTCs and EITCs,0.0,-0.0,-0.0,-0.0,-0.0,81173.125,81173.125,790215.1875,14936.90234375,14936.90234375,148644.109375
3202,32,NV,EITCs,0.0,-0.0,-0.0,-0.0,-0.0,81173.125,81173.125,790215.1875,14936.90234375,14936.90234375,148644.109375
3203,32,NV,CTCs,0.0,-0.0,-0.0,-0.0,-0.0,50134.265625,50134.265625,787208.6875,9411.578125,9411.578125,149748.5625
3203,32,NV,CTCs and EITCs,0.0,-0.0,-0.0,-0.0,-0.0,50134.265625,50134.265625,787208.6875,9411.578125,9411.578125,149748.5625
3203,32,NV,EITCs,0.0,-0.0,-0.0,-0.0,-0.0,50134.265625,50134.265625,787208.6875,9411.578125,9411.578125,149748.5625
3204,32,NV,CTCs,0.0,-0.0,-0.0,-0.0,-0.0,108519.9453125,108519.9453125,791434.1875,55925.37109375,55925.37109375,238381.96875
3204,32,NV,CTCs and EITCs,0.0,-0.0,-0.0,-0.0,-0.0,108519.9453125,108519.9453125,791434.1875,55925.37109375,55925.37109375,238381.96875
3204,32,NV,EITCs,0.0,-0.0,-0.0,-0.0,-0.0,108519.9453125,108519.9453125,791434.1875,55925.37109375,55925.37109375,238381.96875
3301,33,NH,CTCs,0.0,-0.0,-0.0,-0.0,-0.0,36981.203125,36981.203125,699885.25,13307.5703125,13307.5703125,164836.9375
3301,33,NH,CTCs and EITCs,0.0,-0.0,-0.0,-0.0,-0.0,36981.203125,36981.203125,699885.25,13307.5703125,13307.5703125,164836.9375
3301,33,NH,EITCs,0.0,-0.0,-0.0,-0.0,-0.0,36981.203125,36981.203125,699885.25,13307.5703125,13307.5703125,164836.9375
3302,33,NH,CTCs,0.0,-0.0,-0.0,-0.0,-0.0,25627.435546875,25627.435546875,700214.0,7573.4267578125,7573.4267578125,115189.234375
3302,33,NH,CTCs and EITCs,0.0,-0.0,-0.0,-0.0,-0.0,25627.435546875,25627.435546875,700214.0,7573.4267578125,7573.4267578125,115189.234375
3302,33,NH,EITCs,0.0,-0.0,-0.0,-0.0,-0.0,25627.435546875,25627.435546875,700214.0,7573.4267578125,7573.4267578125,115189.234375
3401,34,NJ,CTCs,40669184.0,0.006633207201957703,0.007833939045667648,0.07618704530272494,0.0044596446868229115,44650.29296875,44948.4453125,785338.75,22656.529296875,22835.419921875,122123.125
3401,34,NJ,CTCs and EITCs,105099264.0,0.032002273947000504,0.030320335179567337,0.10303397224147363,0.01053924527810114,44650.29296875,46126.44140625,785338.75,22656.529296875,23364.962890625,122123.125
3401,34,NJ,EITCs,64430080.0,0.03200215473771095,0.030320335179567337,0.031039326575417574,0.006162805524783959,44650.29296875,46126.4375,785338.75,22656.529296875,23364.962890625,122123.125
3402,34,NJ,CTCs,9142272.0,0.017798172309994698,0.03604351729154587,0.008782949915379434,0.0006997828489175507,59505.609375,60583.89453125,791152.0,16440.68359375,17055.421875,157093.21875
3402,34,NJ,CTCs and EITCs,51245056.0,0.03339111804962158,0.059940628707408905,0.039989925869747193,0.004193241523814393,59505.609375,61561.20703125,791152.0,16440.68359375,17488.984375,157093.21875
3402,34,NJ,EITCs,42098688.0,0.03226194158196449,0.05800611525774002,0.030593815815471326,0.0034937783015585823,59505.609375,61489.375,791152.0,16440.68359375,17453.068359375,157093.21875
3403,34,NJ,CTCs,4792320.0,0.014139952138066292,0.04476882517337799,0.004308104087838025,0.0003816306954684387,17235.52734375,17482.732421875,791061.5,3955.947509765625,4141.35107421875,190286.8125
3403,34,NJ,CTCs and EITCs,56197120.0,0.4667457640171051,0.6569287180900574,0.04772852133915703,0.005163590183570782,17235.52734375,32321.41015625,791061.5,3955.947509765625,11530.978515625,190286.8125
3403,34,NJ,EITCs,51400704.0,0.4667457640171051,0.6569287180900574,0.04361505564631551,0.004783104695089774,17235.52734375,32321.41015625,791061.5,3955.947509765625,11530.978515625,190286.8125
3404,34,NJ,CTCs,22183936.0,0.03987172245979309,0.0721890926361084,0.012066357335807599,0.0026481114266034044,85827.5390625,89391.7421875,785583.0,30053.7109375,32392.0625,248607.46875
3404,34,NJ,CTCs and EITCs,56107008.0,0.09759923070669174,0.14945758879184723,0.01857197195416935,0.006031300222388473,85827.5390625,95110.21875,785583.0,30053.7109375,35334.7578125,248607.46875
3404,34,NJ,EITCs,33923072.0,0.03246399015188217,0.04204476252198219,0.005563560698901001,0.003387280231917692,85827.5390625,88707.328125,785583.0,30053.7109375,31372.76953125,248607.46875
3405,34,NJ,CTCs,8830976.0,0.005378635600209236,0.011955314315855503,0.007750180421114307,0.00032439310744035915,25387.474609375,25524.763671875,786904.0,6807.701171875,6890.07421875,146398.171875
3405,34,NJ,CTCs and EITCs,53370880.0,0.08438276499509811,0.15209214389324188,0.026305746558592007,0.0017621695595656552,25387.474609375,27727.171875,786904.0,6807.701171875,8028.82177734375,146398.171875
3405,34,NJ,EITCs,44531712.0,0.07237432897090912,0.131185844540596,0.0179703755230608,0.0014372451228064967,25387.474609375,27368.234375,786904.0,6807.701171875,7835.6240234375,146398.171875
3406,34,NJ,CTCs,71655424.0,0.020057018846273422,0.02650178037583828,0.010011635483386289,0.004376393738267078,35968.76171875,36704.953125,785956.125,12347.8056640625,12683.953125,233898.59375
3406,34,NJ,CTCs and EITCs,164892672.0,0.050968244671821594,0.061885666102170944,0.04354976988484281,0.009901883298236139,35968.76171875,37900.484375,785956.125,12347.8056640625,13162.3681640625,233898.59375
3406,34,NJ,EITCs,93233152.0,0.040361423045396805,0.046279795467853546,0.03323156511135778,0.005516774626059566,35968.76171875,37481.5703125,785956.125,12347.8056640625,12946.990234375,233898.59375
3407,34,NJ,CTCs,17039360.0,0.00489186542108655,0.013725456781685352,0.0021980103244933218,0.0010412202414998232,85717.6484375,86139.03125,787621.5,14110.291015625,14306.65625,190673.96875
3407,34,NJ,CTCs and EITCs,38899712.0,0.013150048442184925,0.04629687964916229,0.019690018771689355,0.0025519444511553193,85717.6484375,86859.859375,787621.5,14110.291015625,14795.2666015625,190673.96875
3407,34,NJ,EITCs,21864448.0,0.013150048442184925,0.04629687964916229,0.017442052669107654,0.0015110930870843185,85717.6484375,86859.859375,787621.5,14110.291015625,14795.2666015625,190673.96875
3408,34,NJ,CTCs,42291200.0,0.02447718381881714,0.022198297083377838,0.025810824542062582,0.0015448228613773732,28681.91796875,29401.5859375,784980.1875,10566.779296875,10806.6689453125,180047.5
3408,34,NJ,CTCs and EITCs,99340288.0,0.525738537311554,0.6004602909088135,0.18824782015026983,0.003620190445794732,28681.91796875,60477.015625,784980.1875,10566.779296875,26447.380859375,180047.5
3408,34,NJ,EITCs,57053184.0,0.5181686878204346,0.5906040668487549,0.1671023485914002,0.002072824905338381,28681.91796875,59526.8828125,784980.1875,10566.779296875,25810.66015625,180047.5
3409,34,NJ,CTCs,13029376.0,0.01572585105895996,0.019128955900669098,0.009026854859631213,0.0008287860404779763,31810.8984375,32319.14453125,784137.25,9803.96875,9995.166015625,187638.078125
3409,34,NJ,CTCs and EITCs,55918592.0,0.060365572571754456,0.07530289888381958,0.03362637885424793,0.0037761730371701947,31810.8984375,33854.546875,784137.25,9803.96875,10602.357421875,187638.078125
3409,34,NJ,EITCs,42893312.0,0.04371216893196106,0.05280093848705292,0.02453386628173983,0.0029416301308693715,31810.8984375,33264.984375,784137.25,9803.96875,10350.484375,187638.078125
3410,34,NJ,CTCs,51011584.0,0.0043632760643959045,0.009331058710813522,0.02089303468415741,0.002757377432250475,129794.3203125,130363.125,786601.875,38991.9921875,39359.25390625,193002.703125
3410,34,NJ,CTCs and EITCs,162897920.0,0.023598836734890938,0.04177461564540863,0.0667546822857581,0.008791743589256393,129794.3203125,132931.34375,786601.875,38991.9921875,40691.87890625,193002.703125
3410,34,NJ,EITCs,111890432.0,0.023598751053214073,0.04177461564540863,0.04715386548476196,0.006038414620462493,129794.3203125,132931.328125,786601.875,38991.9921875,40691.87890625,193002.703125
3411,34,NJ,CTCs,20377600.0,0.030010834336280823,0.06166653707623482,0.004164688224732335,0.0016192698111775522,23654.0390625,24385.87890625,786671.625,5567.939453125,5933.8603515625,136015.71875
3411,34,NJ,CTCs and EITCs,49479680.0,0.6477712392807007,0.8219941854476929,0.059807775025332674,0.0037944112727372396,23654.0390625,67155.3203125,786671.625,5567.939453125,31279.546875,136015.71875
3411,34,NJ,EITCs,29114368.0,0.6446941494941711,0.8199065923690796,0.018506041271455744,0.002175086959678516,23654.0390625,66573.734375,786671.625,5567.939453125,30916.9609375,136015.71875
3412,34,NJ,CTCs,28037120.0,0.013476666063070297,0.00807950459420681,0.023201006791145565,0.002251826595504042,101835.40625,103226.5625,788334.25,30413.08984375,30660.8125,152052.3125
3412,34,NJ,CTCs and EITCs,76783616.0,0.31027257442474365,0.46859219670295715,0.05036889877163641,0.006366697767833789,101835.40625,147645.875,788334.25,30413.08984375,57231.16796875,152052.3125
3412,34,NJ,EITCs,48742400.0,0.30615219473838806,0.46318385004997253,0.028063052598650533,0.004123658341811746,101835.40625,146769.078125,788334.25,30413.08984375,56654.5703125,152052.3125
3501,35,NM,CTCs,61210624.0,0.007706035394221544,0.006301917601376772,0.035063738777052135,0.006049484715500229,93134.140625,93857.40625,716921.375,27013.1953125,27184.51171875,180996.625
3501,35,NM,CTCs and EITCs,111869952.0,0.012586955912411213,0.009586130268871784,0.048030508257870114,0.010885175355106802,93134.140625,94321.359375,716921.375,27013.1953125,27274.654296875,180996.625
3501,35,NM,EITCs,50659328.0,0.010601130314171314,0.0071037751622498035,0.013794045105795459,0.004843149343286678,93134.140625,94132.046875,716921.375,27013.1953125,27206.46484375,180996.625
3502,35,NM,CTCs,64770048.0,0.024103356525301933,0.030614305287599564,0.07322712202928802,0.007159562218462344,93634.6328125,95947.28125,716227.875,25423.611328125,26226.517578125,166804.890625
3502,35,NM,CTCs and EITCs,123568128.0,0.029553595930337906,0.03819502890110016,0.11557308637546643,0.013501808762911276,93634.6328125,96486.140625,716227.875,25423.611328125,26433.228515625,166804.890625
3502,35,NM,EITCs,58802176.0,0.017551247030496597,0.008530095219612122,0.04869943318203829,0.0063471805179246095,93634.6328125,95307.390625,716227.875,25423.611328125,25642.341796875,166804.890625
3503,35,NM,CTCs,53841920.0,0.13804014027118683,0.17632688581943512,0.04031440632411057,0.004339387149457092,63390.08984375,73541.8125,716279.375,21607.150390625,26232.677734375,182680.8125
3503,35,NM,CTCs and EITCs,88956928.0,0.14830352365970612,0.19003771245479584,0.05438519136620625,0.00733776034661821,63390.08984375,74428.03125,716279.375,21607.150390625,26676.736328125,182680.8125
3503,35,NM,EITCs,35110912.0,0.0064106532372534275,0.002723017241805792,0.012525974950799152,0.003002955683124063,63390.08984375,63799.0859375,716279.375,21607.150390625,21666.1484375,182680.8125
3601,36,NY,CTCs,34533376.0,0.0009506691130809486,0.0007395131979137659,0.04338792738453907,0.0022254841620256006,93253.1328125,93341.875,791895.625,47959.46484375,47994.95703125,94429.453125
3601,36,NY,CTCs and EITCs,95162368.0,0.021712547168135643,0.02774982340633869,0.08933861858578264,0.005307205824086263,93253.1328125,95322.8359375,791895.625,47959.46484375,49328.31640625,94429.453125
3601,36,NY,EITCs,60620800.0,0.0009506059577688575,0.0007395131979137659,0.049788966778229554,0.003090358440685749,93253.1328125,93341.8671875,791895.625,47959.46484375,47994.95703125,94429.453125
3602,36,NY,CTCs,64839680.0,0.016683068126440048,0.033258385956287384,0.034868490148894635,0.0023814972373462735,87129.390625,88607.640625,789726.6875,24461.5078125,25303.046875,129270.28125
3602,36,NY,CTCs and EITCs,94932992.0,0.02747192792594433,0.05140653997659683,0.09294072003408088,0.003841855614737199,87129.390625,89590.6171875,789726.6875,24461.5078125,25787.13671875,129270.28125
3602,36,NY,EITCs,30093312.0,0.020766912028193474,0.04339709132909775,0.06121381011046766,0.0014613370098049165,87129.390625,88977.171875,789726.6875,24461.5078125,25571.224609375,129270.28125
3603,36,NY,CTCs,26959872.0,0.0018293651519343257,0.004951405338943005,0.014188647122764415,0.002002548676544113,32928.24609375,32988.59375,792117.375,6454.359375,6486.4765625,142074.890625
3603,36,NY,CTCs and EITCs,55754752.0,0.048036105930805206,0.10362709313631058,0.03290970370388761,0.004027214219022057,32928.24609375,34589.8046875,792117.375,6454.359375,7200.529296875,142074.890625
3603,36,NY,EITCs,28790784.0,0.004899153020232916,0.01313723437488079,0.018532454846734003,0.0020302555820312616,32928.24609375,33090.359375,792117.375,6454.359375,6540.2802734375,142074.890625
3604,36,NY,CTCs,40869888.0,0.00416413601487875,0.0067865243181586266,0.04817256431782547,0.0009903018398959066,94624.1015625,95019.7734375,788845.1875,33281.4140625,33508.82421875,261953.046875
3604,36,NY,CTCs and EITCs,96673792.0,0.007229259237647057,0.011328108608722687,0.08899644061102795,0.002163290770656973,94624.1015625,95313.140625,788845.1875,33281.4140625,33662.75,261953.046875
3604,36,NY,EITCs,55812096.0,0.0038754113484174013,0.006592923309653997,0.04474268106898376,0.0011715455401793765,94624.1015625,94992.234375,788845.1875,33281.4140625,33502.29296875,261953.046875
3605,36,NY,CTCs,23887872.0,0.01809755712747574,0.051092520356178284,0.015179100071363546,0.0006892381148391503,63980.90625,65160.1484375,789786.75,8098.7099609375,8534.7724609375,134858.078125
3605,36,NY,CTCs and EITCs,51757056.0,0.29418593645095825,0.6189431548118591,0.07717502777512177,0.0014690108897239143,63980.90625,90648.390625,789786.75,8098.7099609375,21253.283203125,134858.078125
3605,36,NY,EITCs,27860992.0,0.28425633907318115,0.6079896092414856,0.04346957664971098,0.0007788352245982401,63980.90625,89390.8125,789786.75,8098.7099609375,20659.42578125,134858.078125
3606,36,NY,CTCs,96061440.0,0.01759295165538788,0.054198287427425385,0.038041228221867854,0.00609554218078878,237283.1875,241532.453125,785986.0625,40475.23046875,42794.625,210423.5625
3606,36,NY,CTCs and EITCs,137889792.0,0.03839106485247612,0.11409483104944229,0.04900337809919184,0.009494365657670326,237283.1875,246756.4375,785986.0625,40475.23046875,45687.9921875,210423.5625
3606,36,NY,EITCs,41830400.0,0.008142282254993916,0.01914251036942005,0.011017143277460353,0.003382643774031927,237283.1875,239231.09375,785986.0625,40475.23046875,41265.1484375,210423.5625
3607,36,NY,CTCs,84381696.0,0.01209708210080862,0.015884870663285255,0.08638104415820148,0.005001386264587024,204143.78125,206643.5625,790191.625,84663.1953125,86029.765625,245864.890625
3607,36,NY,CTCs and EITCs,165081088.0,0.02185617946088314,0.02664138190448284,0.17479191050367232,0.010187846857638572,204143.78125,208705.28125,790191.625,84663.1953125,86980.4765625,245864.890625
3607,36,NY,EITCs,80707584.0,0.011967931874096394,0.015191448852419853,0.10423346641568604,0.005115685883642697,204143.78125,206616.5625,790191.625,84663.1953125,85969.1953125,245864.890625
3608,36,NY,CTCs,57802752.0,0.019969599321484566,0.044496189802885056,0.06695394525461043,0.003857624868587537,114662.6796875,116999.109375,788401.125,35875.75390625,37546.42578125,214662.96875
3608,36,NY,CTCs and EITCs,111861760.0,0.03909868746995926,0.07439634203910828,0.12947470000068412,0.007250875135856438,114662.6796875,119328.2578125,788401.125,35875.75390625,38759.3046875,214662.96875
3608,36,NY,EITCs,54063104.0,0.011592090129852295,0.01980810984969139,0.06823708368731059,0.003392238737246987,114662.6796875,116007.453125,788401.125,35875.75390625,36600.74609375,214662.96875
3609,36,NY,CTCs,78987264.0,0.015759127214550972,0.06289199739694595,0.016836674831357704,0.004111050198707269,136183.9375,138364.4375,790910.3125,21448.6875,22888.169921875,190171.0625
3609,36,NY,CTCs and EITCs,165208064.0,0.04574251174926758,0.15734878182411194,0.029946628402001883,0.008850661526846847,136183.9375,142711.9375,790910.3125,21448.6875,25453.814453125,190171.0625
3609,36,NY,EITCs,86218752.0,0.011838547885417938,0.043292902410030365,0.012304501694007474,0.004717425037673346,136183.9375,137815.46875,790910.3125,21448.6875,22419.283203125,190171.0625
3610,36,NY,CTCs,117227520.0,0.03458583354949951,0.07042716443538666,0.021588001783144822,0.00566015489730699,136981.0625,141888.390625,788466.75,39653.51953125,42657.78515625,275815.96875
3610,36,NY,CTCs and EITCs,164628480.0,0.04321715608239174,0.08125349134206772,0.03242023441817236,0.008378700975868644,136981.0625,143168.390625,788466.75,39653.51953125,43160.45703125,275815.96875
3610,36,NY,EITCs,47403008.0,0.0345756821334362,0.06564577668905258,0.010215179867091355,0.0027207718303378847,136981.0625,141886.890625,788466.75,39653.51953125,42439.4921875,275815.96875
3611,36,NY,CTCs,62038016.0,0.045094966888427734,0.09805689007043839,0.013930346065152819,0.002304776172596649,53917.39453125,56463.6171875,791427.1875,11465.68359375,12712.203125,214138.015625
3611,36,NY,CTCs and EITCs,98902016.0,0.0832751914858818,0.17157061398029327,0.027496581047622527,0.0038773502029361565,53917.39453125,58815.24609375,791427.1875,11465.68359375,13840.267578125,214138.015625
3611,36,NY,EITCs,36864000.0,0.06123477593064308,0.12123879790306091,0.011753579587102575,0.0015690591330881896,53917.39453125,57434.375,791427.1875,11465.68359375,13047.5537109375,214138.015625
3612,36,NY,CTCs,64835584.0,0.1125691682100296,0.22314877808094025,0.017555534794499474,0.002553795068392153,345122.1875,388900.375,786252.0625,76202.78125,98091.859375,181434.078125
3612,36,NY,CTCs and EITCs,119312384.0,0.11296461522579193,0.2236061990261078,0.03248702820713758,0.005215244236857255,345122.1875,389073.75,786252.0625,76202.78125,98149.6484375,181434.078125
3612,36,NY,EITCs,54476800.0,0.0005021042888984084,0.0007578187505714595,0.015457574038517935,0.002630370690943456,345122.1875,345295.5625,786252.0625,76202.78125,76260.5703125,181434.078125
3613,36,NY,CTCs,65644544.0,0.006056345067918301,0.012741058133542538,0.0214388085323183,0.003991066849551819,346162.78125,348272.03125,789721.875,77642.6875,78644.703125,157507.140625
3613,36,NY,CTCs and EITCs,107575296.0,0.017458582296967506,0.033764295279979706,0.03044070406173202,0.006085882290207326,346162.78125,352313.6875,789721.875,77642.6875,80355.84375,157507.140625
3613,36,NY,EITCs,41928704.0,0.009686140343546867,0.016194649040699005,0.008764206890182551,0.0020927426656352595,346162.78125,349548.5625,789721.875,77642.6875,78920.78125,157507.140625
3614,36,NY,CTCs,75116544.0,0.017271045595407486,0.041904691606760025,0.019323168655275176,0.004551105603465364,215131.0625,218911.890625,792616.6875,54387.265625,56766.02734375,175357.96875
3614,36,NY,CTCs and EITCs,122314752.0,0.027422629296779633,0.06284894794225693,0.0307960634868511,0.008364783982973906,215131.0625,221196.84375,792616.6875,54387.265625,58034.6796875,175357.96875
3614,36,NY,EITCs,47194112.0,0.022372927516698837,0.05105787515640259,0.011107589802114279,0.0038894307027339094,215131.0625,220054.3125,792616.6875,54387.265625,57313.5703125,175357.96875
3615,36,NY,CTCs,88580096.0,0.003094945102930069,0.01050941925495863,0.015386365910518061,0.004240210701670615,238462.28125,239202.59375,790862.125,34850.96484375,35221.1171875,182991.75
3615,36,NY,CTCs and EITCs,143028224.0,0.02995961904525757,0.09353922307491302,0.031850369977578244,0.00839206400455985,238462.28125,245827.15625,790862.125,34850.96484375,38447.29296875,182991.75
3615,36,NY,EITCs,54444032.0,0.015305045060813427,0.03616292029619217,0.016306886268287964,0.0041199999574827485,238462.28125,242168.671875,790862.125,34850.96484375,36158.5625,182991.75
3616,36,NY,CTCs,29814784.0,0.016491327434778214,0.039508044719696045,0.013473637879962887,0.0013846260449794981,91236.234375,92766.0703125,789987.0625,21256.61328125,22130.96484375,149061.875
3616,36,NY,CTCs and EITCs,49283072.0,0.026119815185666084,0.053368888795375824,0.036620913054875595,0.002441482095466604,91236.234375,93683.21875,789987.0625,21256.61328125,22455.013671875,149061.875
3616,36,NY,EITCs,19472384.0,0.004954840987920761,0.010659965686500072,0.023660828601916383,0.001054914227229634,91236.234375,91690.546875,789987.0625,21256.61328125,21485.650390625,149061.875
3617,36,NY,CTCs,55595008.0,0.035403717309236526,0.06187841296195984,0.026498274321336706,0.004777698477657705,66304.390625,68737.96875,790648.5,19875.26171875,21186.232421875,221508.1875
3617,36,NY,CTCs and EITCs,68853760.0,0.047099873423576355,0.08354917168617249,0.043945890424101575,0.005703412918971789,66304.390625,69581.6796875,790648.5,19875.26171875,21687.2109375,221508.1875
3617,36,NY,EITCs,13250560.0,0.02587241493165493,0.038540370762348175,0.01730076625745015,0.0009247213417718045,66304.390625,68065.40625,790648.5,19875.26171875,20671.966796875,221508.1875
3618,36,NY,CTCs,67237888.0,0.015359998680651188,0.16285812854766846,0.00628476505959157,0.004338965870898716,192355.59375,195356.265625,789584.5,9738.6318359375,11633.19140625,171754.109375
3618,36,NY,CTCs and EITCs,99885056.0,0.016423199325799942,0.16730564832687378,0.01701950183592715,0.0073060009016207,192355.59375,195567.4375,789584.5,9738.6318359375,11695.326171875,171754.109375
3618,36,NY,EITCs,32647168.0,0.01607205532491207,0.1635620892047882,0.010520833034994287,0.0029493068733730844,192355.59375,195497.640625,789584.5,9738.6318359375,11642.982421875,171754.109375
3619,36,NY,CTCs,59244544.0,0.012989295646548271,0.06121149659156799,0.011340318818986062,0.0051348599089181355,114204.28125,115707.234375,792420.3125,13431.3076171875,14307.064453125,154427.984375
3619,36,NY,CTCs and EITCs,107171840.0,0.01927454024553299,0.08384664356708527,0.029977978373982007,0.009639282102699936,114204.28125,116448.78125,792420.3125,13431.3076171875,14660.544921875,154427.984375
3619,36,NY,EITCs,47927296.0,0.008099570870399475,0.02443767711520195,0.018648567875179465,0.0045142904533951155,114204.28125,115136.84375,792420.3125,13431.3076171875,13767.759765625,154427.984375
3620,36,NY,CTCs,29048832.0,0.09907504916191101,0.25399309396743774,0.008019968029465634,0.0024009538032947093,12565.859375,13947.732421875,788756.5,1863.651123046875,2498.168701171875,148372.109375
3620,36,NY,CTCs and EITCs,42213376.0,0.10013353079557419,0.2564346194267273,0.01599714814562223,0.0035560039396336455,12565.859375,13964.138671875,788756.5,1863.651123046875,2506.37158203125,148372.109375
3620,36,NY,EITCs,13168640.0,0.0841665044426918,0.21847817301750183,0.0067298223991491424,0.001155594854773949,12565.859375,13720.681640625,788756.5,1863.651123046875,2384.6435546875,148372.109375
3621,36,NY,CTCs,106620928.0,0.02511759288609028,0.09479895234107971,0.03129018003795171,0.005251484948607577,40448.875,41491.02734375,790240.0,5172.619140625,5714.33203125,212428.71875
3621,36,NY,CTCs and EITCs,198363136.0,0.03046269528567791,0.11223705112934113,0.07286471490540554,0.010581863561963096,40448.875,41719.76953125,790240.0,5172.619140625,5826.5771484375,212428.71875
3621,36,NY,EITCs,91738112.0,0.0019756352994590998,0.008248915895819664,0.040260537988274635,0.005302870358850778,40448.875,40528.9453125,790240.0,5172.619140625,5215.642578125,212428.71875
3622,36,NY,CTCs,86691840.0,0.00799163430929184,0.02015693485736847,0.03595354376315143,0.005699692096760375,93748.875,94504.1171875,791384.875,24980.919921875,25494.81640625,211419.515625
3622,36,NY,CTCs and EITCs,142065664.0,0.019147256389260292,0.03912229463458061,0.08339387010896508,0.011838154794232012,93748.875,95578.9453125,791384.875,24980.919921875,25998.021484375,211419.515625
3622,36,NY,EITCs,55369728.0,0.005625088233500719,0.008254753425717354,0.05013814515113405,0.006107198488401421,93748.875,94279.203125,791384.875,24980.919921875,25188.84765625,211419.515625
3623,36,NY,CTCs,64655360.0,0.005852030590176582,0.005715943872928619,0.034088218621167184,0.004913941169884229,40689.3515625,40928.8671875,789494.5,19576.56640625,19689.109375,177673.734375
3623,36,NY,CTCs and EITCs,85393408.0,0.006685158703476191,0.0067943911999464035,0.048098618268450334,0.007196601467832469,40689.3515625,40963.1953125,789494.5,19576.56640625,19710.48828125,177673.734375
3623,36,NY,EITCs,20742144.0,0.00046405004104599357,0.0005826146225444973,0.014987953738852039,0.00224875963235978,40689.3515625,40708.2421875,789494.5,19576.56640625,19587.978515625,177673.734375
3624,36,NY,CTCs,86302720.0,0.016987932845950127,0.05747264623641968,0.008684472022238914,0.006380658318291464,15177.095703125,15439.3779296875,789890.375,2910.16650390625,3087.6201171875,152992.875
3624,36,NY,CTCs and EITCs,118882304.0,0.023781681433320045,0.07051742076873779,0.01274424179158519,0.008658702034487651,15177.095703125,15546.8251953125,789890.375,2910.16650390625,3130.953125,152992.875
3624,36,NY,EITCs,32575488.0,0.011494246311485767,0.04350254684686661,0.0039760748372848955,0.002292559750664309,15177.095703125,15353.5732421875,789890.375,2910.16650390625,3042.524169921875,152992.875
3625,36,NY,CTCs,54530048.0,0.003564926330000162,0.006052409764379263,0.07122277477248753,0.004749392729519227,126142.328125,126593.625,790386.375,43728.671875,43994.94921875,160074.5625
3625,36,NY,CTCs and EITCs,88621056.0,0.003811456961557269,0.006406121421605349,0.1167404757260236,0.007574908099230546,126142.328125,126624.9453125,790386.375,43728.671875,44010.609375,160074.5625
3625,36,NY,EITCs,34091008.0,0.0019342938903719187,0.002086123451590538,0.05236493265279993,0.0028362476465743597,126142.328125,126386.796875,790386.375,43728.671875,43820.0859375,160074.5625
3626,36,NY,CTCs,89167872.0,0.0037043229676783085,0.005477085243910551,0.07966052825375533,0.0065468228220554705,57453.2578125,57666.875,789164.9375,23994.515625,24126.658203125,207409.90625
3626,36,NY,CTCs and EITCs,151496704.0,0.47207561135292053,0.418475866317749,0.16119056711774696,0.012501470681469345,57453.2578125,108828.5703125,789164.9375,23994.515625,41261.42578125,207409.90625
3626,36,NY,EITCs,62330880.0,0.47119274735450745,0.41719263792037964,0.08149049963849964,0.005977892053627745,57453.2578125,108646.875,789164.9375,23994.515625,41170.578125,207409.90625
3701,37,NC,CTCs,0.0,-0.0,-0.0,-0.0,-0.0,23457.47265625,23457.47265625,757221.5,5330.2568359375,5330.2568359375,185702.015625
3701,37,NC,CTCs and EITCs,0.0,-0.0,-0.0,-0.0,-0.0,23457.47265625,23457.47265625,757221.5,5330.2568359375,5330.2568359375,185702.015625
3701,37,NC,EITCs,0.0,-0.0,-0.0,-0.0,-0.0,23457.47265625,23457.47265625,757221.5,5330.2568359375,5330.2568359375,185702.015625
3702,37,NC,CTCs,0.0,-0.0,-0.0,-0.0,-0.0,42746.87890625,42746.87890625,758826.875,11904.3623046875,11904.3623046875,178276.015625
3702,37,NC,CTCs and EITCs,0.0,-0.0,-0.0,-0.0,-0.0,42746.87890625,42746.87890625,758826.875,11904.3623046875,11904.3623046875,178276.015625
3702,37,NC,EITCs,0.0,-0.0,-0.0,-0.0,-0.0,42746.87890625,42746.87890625,758826.875,11904.3623046875,11904.3623046875,178276.015625
3703,37,NC,CTCs,0.0,-0.0,-0.0,-0.0,-0.0,23913.3203125,23913.3203125,758805.75,3550.99658203125,3550.99658203125,125367.59375
3703,37,NC,CTCs and EITCs,0.0,-0.0,-0.0,-0.0,-0.0,23913.3203125,23913.3203125,758805.75,3550.99658203125,3550.99658203125,125367.59375
3703,37,NC,EITCs,0.0,-0.0,-0.0,-0.0,-0.0,23913.3203125,23913.3203125,758805.75,3550.99658203125,3550.99658203125,125367.59375
3704,37,NC,CTCs,0.0,-0.0,-0.0,-0.0,-0.0,59713.53515625,59713.53515625,759622.75,7156.1259765625,7156.1259765625,153259.8125
3704,37,NC,CTCs and EITCs,0.0,-0.0,-0.0,-0.0,-0.0,59713.53515625,59713.53515625,759622.75,7156.1259765625,7156.1259765625,153259.8125
3704,37,NC,EITCs,0.0,-0.0,-0.0,-0.0,-0.0,59713.53515625,59713.53515625,759622.75,7156.1259765625,7156.1259765625,153259.8125
3705,37,NC,CTCs,0.0,-0.0,-0.0,-0.0,-0.0,38655.6640625,38655.6640625,759140.9375,13201.201171875,13201.201171875,215681.46875
3705,37,NC,CTCs and EITCs,0.0,-0.0,-0.0,-0.0,-0.0,38655.6640625,38655.6640625,759140.9375,13201.201171875,13201.201171875,215681.46875
3705,37,NC,EITCs,0.0,-0.0,-0.0,-0.0,-0.0,38655.6640625,38655.6640625,759140.9375,13201.201171875,13201.201171875,215681.46875
3706,37,NC,CTCs,0.0,-0.0,-0.0,-0.0,-0.0,84762.59375,84762.59375,757318.125,39743.078125,39743.078125,237819.03125
3706,37,NC,CTCs and EITCs,0.0,-0.0,-0.0,-0.0,-0.0,84762.59375,84762.59375,757318.125,39743.078125,39743.078125,237819.03125
3706,37,NC,EITCs,0.0,-0.0,-0.0,-0.0,-0.0,84762.59375,84762.59375,757318.125,39743.078125,39743.078125,237819.03125
3707,37,NC,CTCs,0.0,-0.0,-0.0,-0.0,-0.0,23558.42578125,23558.42578125,757701.75,6210.392578125,6210.392578125,208766.03125
3707,37,NC,CTCs and EITCs,0.0,-0.0,-0.0,-0.0,-0.0,23558.42578125,23558.42578125,757701.75,6210.392578125,6210.392578125,208766.03125
3707,37,NC,EITCs,0.0,-0.0,-0.0,-0.0,-0.0,23558.42578125,23558.42578125,757701.75,6210.392578125,6210.392578125,208766.03125
3708,37,NC,CTCs,0.0,-0.0,-0.0,-0.0,-0.0,20717.99609375,20717.99609375,757240.375,5500.58984375,5500.58984375,168771.734375
3708,37,NC,CTCs and EITCs,0.0,-0.0,-0.0,-0.0,-0.0,20717.99609375,20717.99609375,757240.375,5500.58984375,5500.58984375,168771.734375
3708,37,NC,EITCs,0.0,-0.0,-0.0,-0.0,-0.0,20717.99609375,20717.99609375,757240.375,5500.58984375,5500.58984375,168771.734375
3709,37,NC,CTCs,0.0,-0.0,-0.0,-0.0,-0.0,31457.15625,31457.15625,758666.125,7911.52294921875,7911.52294921875,252332.71875
3709,37,NC,CTCs and EITCs,0.0,-0.0,-0.0,-0.0,-0.0,31457.15625,31457.15625,758666.125,7911.52294921875,7911.52294921875,252332.71875
3709,37,NC,EITCs,0.0,-0.0,-0.0,-0.0,-0.0,31457.15625,31457.15625,758666.125,7911.52294921875,7911.52294921875,252332.71875
3710,37,NC,CTCs,0.0,-0.0,-0.0,-0.0,-0.0,35810.93359375,35810.93359375,757566.125,11005.740234375,11005.740234375,136945.1875
3710,37,NC,CTCs and EITCs,0.0,-0.0,-0.0,-0.0,-0.0,35810.93359375,35810.93359375,757566.125,11005.740234375,11005.740234375,136945.1875
3710,37,NC,EITCs,0.0,-0.0,-0.0,-0.0,-0.0,35810.93359375,35810.93359375,757566.125,11005.740234375,11005.740234375,136945.1875
3711,37,NC,CTCs,0.0,-0.0,-0.0,-0.0,-0.0,44812.81640625,44812.81640625,759068.0625,18636.703125,18636.703125,180670.625
3711,37,NC,CTCs and EITCs,0.0,-0.0,-0.0,-0.0,-0.0,44812.81640625,44812.81640625,759068.0625,18636.703125,18636.703125,180670.625
3711,37,NC,EITCs,0.0,-0.0,-0.0,-0.0,-0.0,44812.81640625,44812.81640625,759068.0625,18636.703125,18636.703125,180670.625
3712,37,NC,CTCs,0.0,-0.0,-0.0,-0.0,-0.0,55602.15234375,55602.15234375,757112.0,23777.8125,23777.8125,191336.28125
3712,37,NC,CTCs and EITCs,0.0,-0.0,-0.0,-0.0,-0.0,55602.15234375,55602.15234375,757112.0,23777.8125,23777.8125,191336.28125
3712,37,NC,EITCs,0.0,-0.0,-0.0,-0.0,-0.0,55602.15234375,55602.15234375,757112.0,23777.8125,23777.8125,191336.28125
3713,37,NC,CTCs,0.0,-0.0,-0.0,-0.0,-0.0,75019.640625,75019.640625,757233.875,22161.56640625,22161.56640625,151714.046875
3713,37,NC,CTCs and EITCs,0.0,-0.0,-0.0,-0.0,-0.0,75019.640625,75019.640625,757233.875,22161.56640625,22161.56640625,151714.046875
3713,37,NC,EITCs,0.0,-0.0,-0.0,-0.0,-0.0,75019.640625,75019.640625,757233.875,22161.56640625,22161.56640625,151714.046875
3714,37,NC,CTCs,0.0,-0.0,-0.0,-0.0,-0.0,171808.0625,171808.0625,760123.625,75996.71875,75996.71875,192448.65625
3714,37,NC,CTCs and EITCs,0.0,-0.0,-0.0,-0.0,-0.0,171808.0625,171808.0625,760123.625,75996.71875,75996.71875,192448.65625
3714,37,NC,EITCs,0.0,-0.0,-0.0,-0.0,-0.0,171808.0625,171808.0625,760123.625,75996.71875,75996.71875,192448.65625
3800,38,ND,CTCs,0.0,-0.0,-0.0,-0.0,-0.0,52782.50390625,52782.50390625,790996.625,20853.779296875,20853.779296875,204155.375
3800,38,ND,CTCs and EITCs,0.0,-0.0,-0.0,-0.0,-0.0,52782.50390625,52782.50390625,790996.625,20853.779296875,20853.779296875,204155.375
3800,38,ND,EITCs,0.0,-0.0,-0.0,-0.0,-0.0,52782.50390625,52782.50390625,790996.625,20853.779296875,20853.779296875,204155.375
3901,39,OH,CTCs,0.0,-0.0,-0.0,-0.0,-0.0,31344.091796875,31344.091796875,800019.9375,11371.748046875,11371.748046875,179345.359375
3901,39,OH,CTCs and EITCs,1892352.0,-0.0,-0.0,6.222476683839712e-06,0.00017443250896632368,31344.091796875,31344.091796875,800019.9375,11371.748046875,11371.748046875,179345.359375
3901,39,OH,EITCs,1892352.0,-0.0,-0.0,6.222476683839712e-06,0.00017443250896632368,31344.091796875,31344.091796875,800019.9375,11371.748046875,11371.748046875,179345.359375
3902,39,OH,CTCs,0.0,-0.0,-0.0,-0.0,-0.0,40327.59765625,40327.59765625,798187.9375,25335.802734375,25335.802734375,210792.34375
3902,39,OH,CTCs and EITCs,2527232.0,-0.0,-0.0,0.0003720310779808534,0.000171647576690176,40327.59765625,40327.59765625,798187.9375,25335.802734375,25335.802734375,210792.34375
3902,39,OH,EITCs,2527232.0,-0.0,-0.0,0.0003720310779808534,0.000171647576690176,40327.59765625,40327.59765625,798187.9375,25335.802734375,25335.802734375,210792.34375
3903,39,OH,CTCs,0.0,-0.0,-0.0,-0.0,-0.0,47497.3359375,47497.3359375,801601.625,12209.2109375,12209.2109375,150662.03125
3903,39,OH,CTCs and EITCs,5824512.0,0.0010122013045474887,0.0007876759627833962,0.0011375367814981368,0.0004653550140156643,47497.3359375,47545.4609375,801601.625,12209.2109375,12218.8359375,150662.03125
3903,39,OH,EITCs,5824512.0,0.0010122013045474887,0.0007876759627833962,0.0011375367814981368,0.0004653550140156643,47497.3359375,47545.4609375,801601.625,12209.2109375,12218.8359375,150662.03125
3904,39,OH,CTCs,0.0,-0.0,-0.0,-0.0,-0.0,14705.693359375,14705.693359375,797193.1875,4853.765625,4853.765625,176498.53125
3904,39,OH,CTCs and EITCs,2048000.0,-0.0,-0.0,0.00045600395343271707,0.00021541910155676778,14705.693359375,14705.693359375,797193.1875,4853.765625,4853.765625,176498.53125
3904,39,OH,EITCs,2048000.0,-0.0,-0.0,0.00045600395343271707,0.00021541910155676778,14705.693359375,14705.693359375,797193.1875,4853.765625,4853.765625,176498.53125
3905,39,OH,CTCs,0.0,-0.0,-0.0,-0.0,-0.0,30421.2109375,30421.2109375,800289.75,3316.5380859375,3316.5380859375,237081.90625
3905,39,OH,CTCs and EITCs,1720320.0,-0.0,-0.0,0.0001099528932502166,0.00023977563144868846,30421.2109375,30421.2109375,800289.75,3316.5380859375,3316.5380859375,237081.90625
3905,39,OH,EITCs,1720320.0,-0.0,-0.0,0.0001099528932502166,0.00023977563144868846,30421.2109375,30421.2109375,800289.75,3316.5380859375,3316.5380859375,237081.90625
3906,39,OH,CTCs,0.0,-0.0,-0.0,-0.0,-0.0,79296.6484375,79296.6484375,798032.6875,12626.322265625,12626.322265625,234629.3125
3906,39,OH,CTCs and EITCs,10553344.0,7.700039714109153e-05,0.00016119999054353684,0.00021751837346516611,0.0003374965239129146,79296.6484375,79302.75,798032.6875,12626.322265625,12628.357421875,234629.3125
3906,39,OH,EITCs,10553344.0,7.700039714109153e-05,0.00016119999054353684,0.00021751837346516611,0.0003374965239129146,79296.6484375,79302.75,798032.6875,12626.322265625,12628.357421875,234629.3125
3907,39,OH,CTCs,0.0,-0.0,-0.0,-0.0,-0.0,16430.333984375,16430.333984375,800243.25,6292.62451171875,6292.62451171875,204827.3125
3907,39,OH,CTCs and EITCs,2228224.0,-0.0,-0.0,6.946486968958715e-05,0.00018029507805979918,16430.333984375,16430.333984375,800243.25,6292.62451171875,6292.62451171875,204827.3125
3907,39,OH,EITCs,2228224.0,-0.0,-0.0,6.946486968958715e-05,0.00018029507805979918,16430.333984375,16430.333984375,800243.25,6292.62451171875,6292.62451171875,204827.3125
3908,39,OH,CTCs,0.0,-0.0,-0.0,-0.0,-0.0,16103.447265625,16103.447265625,798129.125,5892.08056640625,5892.08056640625,217097.9375
3908,39,OH,CTCs and EITCs,4526080.0,-0.0,-0.0,0.00029917392462996197,5.2396559767865765e-05,16103.447265625,16103.447265625,798129.125,5892.08056640625,5892.08056640625,217097.9375
3908,39,OH,EITCs,4526080.0,-0.0,-0.0,0.00029917392462996197,5.2396559767865765e-05,16103.447265625,16103.447265625,798129.125,5892.08056640625,5892.08056640625,217097.9375
3909,39,OH,CTCs,0.0,-0.0,-0.0,-0.0,-0.0,57602.7890625,57602.7890625,798636.1875,11937.255859375,11937.255859375,207170.546875
3909,39,OH,CTCs and EITCs,20217856.0,0.00346386362798512,-0.0,9.02115940352953e-05,0.0009610044382949581,57602.7890625,57803.01171875,798636.1875,11937.255859375,11937.255859375,207170.546875
3909,39,OH,EITCs,20217856.0,0.00346386362798512,-0.0,9.02115940352953e-05,0.0009610044382949581,57602.7890625,57803.01171875,798636.1875,11937.255859375,11937.255859375,207170.546875
3910,39,OH,CTCs,0.0,-0.0,-0.0,-0.0,-0.0,115798.203125,115798.203125,799188.125,25119.255859375,25119.255859375,159952.375
3910,39,OH,CTCs and EITCs,7499776.0,-0.0,-0.0,0.00010192485640912013,0.000527146927515674,115798.203125,115798.203125,799188.125,25119.255859375,25119.255859375,159952.375
3910,39,OH,EITCs,7499776.0,-0.0,-0.0,0.00010192485640912013,0.000527146927515674,115798.203125,115798.203125,799188.125,25119.255859375,25119.255859375,159952.375
3911,39,OH,CTCs,0.0,-0.0,-0.0,-0.0,-0.0,39365.0546875,39365.0546875,801770.625,12863.58203125,12863.58203125,152203.296875
3911,39,OH,CTCs and EITCs,4685824.0,-0.0,-0.0,-0.0,0.0003499322550395338,39365.0546875,39365.0546875,801770.625,12863.58203125,12863.58203125,152203.296875
3911,39,OH,EITCs,4685824.0,-0.0,-0.0,-0.0,0.0003499322550395338,39365.0546875,39365.0546875,801770.625,12863.58203125,12863.58203125,152203.296875
3912,39,OH,CTCs,0.0,-0.0,-0.0,-0.0,-0.0,23889.7734375,23889.7734375,803427.0625,8500.248046875,8500.248046875,190111.671875
3912,39,OH,CTCs and EITCs,4229120.0,-0.0,-0.0,3.620162690227375e-05,0.0005252940676666892,23889.7734375,23889.7734375,803427.0625,8500.248046875,8500.248046875,190111.671875
3912,39,OH,EITCs,4229120.0,-0.0,-0.0,3.620162690227375e-05,0.0005252940676666892,23889.7734375,23889.7734375,803427.0625,8500.248046875,8500.248046875,190111.671875
3913,39,OH,CTCs,0.0,-0.0,-0.0,-0.0,-0.0,36565.72265625,36565.72265625,801024.875,11520.2421875,11520.2421875,128755.4375
3913,39,OH,CTCs and EITCs,7124992.0,-0.0,-0.0,0.00012162773099385718,0.000649419733682889,36565.72265625,36565.72265625,801024.875,11520.2421875,11520.2421875,128755.4375
3913,39,OH,EITCs,7124992.0,-0.0,-0.0,0.00012162773099385718,0.000649419733682889,36565.72265625,36565.72265625,801024.875,11520.2421875,11520.2421875,128755.4375
3914,39,OH,CTCs,0.0,-0.0,-0.0,-0.0,-0.0,112338.2578125,112338.2578125,799669.875,25045.89453125,25045.89453125,170200.40625
3914,39,OH,CTCs and EITCs,4972544.0,-0.0,-0.0,-0.0,0.00024331203272240267,112338.2578125,112338.2578125,799669.875,25045.89453125,25045.89453125,170200.40625
3914,39,OH,EITCs,4972544.0,-0.0,-0.0,-0.0,0.00024331203272240267,112338.2578125,112338.2578125,799669.875,25045.89453125,25045.89453125,170200.40625
3915,39,OH,CTCs,0.0,-0.0,-0.0,-0.0,-0.0,44808.6484375,44808.6484375,799232.25,23879.65234375,23879.65234375,176326.8125
3915,39,OH,CTCs and EITCs,16646144.0,-0.0,-0.0,0.0008504815563145242,0.0009759203293322621,44808.6484375,44808.6484375,799232.25,23879.65234375,23879.65234375,176326.8125
3915,39,OH,EITCs,16646144.0,-0.0,-0.0,0.0008504815563145242,0.0009759203293322621,44808.6484375,44808.6484375,799232.25,23879.65234375,23879.65234375,176326.8125
4001,40,OK,CTCs,0.0,-0.0,-0.0,-0.0,-0.0,69441.3671875,69441.3671875,804971.0625,17713.712890625,17713.712890625,180278.203125
4001,40,OK,CTCs and EITCs,5435392.0,0.007156929466873407,0.016392221674323082,0.0038020507308160942,0.0005642281035808813,69441.3671875,69941.9375,804971.0625,17713.712890625,18008.919921875,180278.203125
4001,40,OK,EITCs,5435392.0,0.007156929466873407,0.016392221674323082,0.0038020507308160942,0.0005642281035808813,69441.3671875,69941.9375,804971.0625,17713.712890625,18008.919921875,180278.203125
4002,40,OK,CTCs,0.0,-0.0,-0.0,-0.0,-0.0,123851.7890625,123851.7890625,805042.875,20433.84375,20433.84375,240404.0
4002,40,OK,CTCs and EITCs,7645184.0,9.685828672445496e-08,2.629679727306211e-07,0.0015202573006214862,0.0005496272336259648,123851.7890625,123851.8046875,805042.875,20433.84375,20433.849609375,240404.0
4002,40,OK,EITCs,7645184.0,9.685828672445496e-08,2.629679727306211e-07,0.0015202573006214862,0.0005496272336259648,123851.7890625,123851.8046875,805042.875,20433.84375,20433.849609375,240404.0
4003,40,OK,CTCs,0.0,-0.0,-0.0,-0.0,-0.0,86111.640625,86111.640625,806394.125,39864.4296875,39864.4296875,214539.71875
4003,40,OK,CTCs and EITCs,10563584.0,-0.0,-0.0,0.00268492600936199,0.0010367578211039408,86111.640625,86111.640625,806394.125,39864.4296875,39864.4296875,214539.71875
4003,40,OK,EITCs,10563584.0,-0.0,-0.0,0.00268492600936199,0.0010367578211039408,86111.640625,86111.640625,806394.125,39864.4296875,39864.4296875,214539.71875
4004,40,OK,CTCs,0.0,-0.0,-0.0,-0.0,-0.0,35753.6875,35753.6875,804186.0,10701.75,10701.75,162918.390625
4004,40,OK,CTCs and EITCs,4599808.0,-0.0,-0.0,0.0017982259704139353,0.0003895379214902152,35753.6875,35753.6875,804186.0,10701.75,10701.75,162918.390625
4004,40,OK,EITCs,4599808.0,-0.0,-0.0,0.0017982259704139353,0.0003895379214902152,35753.6875,35753.6875,804186.0,10701.75,10701.75,162918.390625
4005,40,OK,CTCs,0.0,-0.0,-0.0,-0.0,-0.0,52608.828125,52608.828125,804968.0625,20382.81640625,20382.81640625,207608.484375
4005,40,OK,CTCs and EITCs,4681728.0,-0.0,-0.0,0.003098994657165734,0.00035973800007281433,52608.828125,52608.828125,804968.0625,20382.81640625,20382.81640625,207608.484375
4005,40,OK,EITCs,4681728.0,-0.0,-0.0,0.003098994657165734,0.00035973800007281433,52608.828125,52608.828125,804968.0625,20382.81640625,20382.81640625,207608.484375
4101,41,OR,CTCs,1650688.0,-0.0,-0.0,0.0010194622636565628,9.593411763093836e-05,152232.921875,152232.921875,718101.375,25639.41796875,25639.41796875,115002.78125
4101,41,OR,CTCs and EITCs,9039872.0,0.0026908447034657,0.007946226745843887,0.006142959937652932,0.0005920087439900581,152232.921875,152643.65625,718101.375,25639.41796875,25844.78515625,115002.78125
4101,41,OR,EITCs,7393280.0,0.0026908447034657,0.007946226745843887,0.005133934173496289,0.0004959762785404623,152232.921875,152643.65625,718101.375,25639.41796875,25844.78515625,115002.78125
4102,41,OR,CTCs,9977856.0,0.002316624391824007,0.009385419078171253,0.0035760844108289106,0.0006529893788037162,45465.06640625,45570.63671875,717509.25,6685.63671875,6748.978515625,149479.0
4102,41,OR,CTCs and EITCs,20668416.0,0.012693768367171288,0.05413702502846718,0.006187561770329316,0.0015336703538835921,45465.06640625,46049.609375,717509.25,6685.63671875,7068.29296875,149479.0
4102,41,OR,EITCs,10698752.0,0.010425140149891376,0.045584019273519516,0.0026019314196489536,0.0008775792418015628,45465.06640625,45944.0390625,717509.25,6685.63671875,7004.9501953125,149479.0
4103,41,OR,CTCs,1613824.0,-0.0,-0.0,0.0007982367912981683,9.328682219577102e-05,103259.65625,103259.65625,717338.75,24001.2890625,24001.2890625,182740.171875
4103,41,OR,CTCs and EITCs,19329024.0,0.002016071230173111,0.004964031744748354,0.00914648127759087,0.0015036552326462512,103259.65625,103468.25,717338.75,24001.2890625,24121.02734375,182740.171875
4103,41,OR,EITCs,17715200.0,0.0014200005680322647,0.0030493908561766148,0.00834852958824788,0.001410368953580861,103259.65625,103406.484375,717338.75,24001.2890625,24074.703125,182740.171875
4104,41,OR,CTCs,25423872.0,-0.0,-0.0,0.013597215603178432,0.0023457106837365474,122543.9765625,122543.9765625,717193.4375,27882.732421875,27882.732421875,150769.0625
4104,41,OR,CTCs and EITCs,47511552.0,0.00474504055455327,0.007989546284079552,0.01831327017552447,0.004159390482981333,122543.9765625,123128.21875,717193.4375,27882.732421875,28107.298828125,150769.0625
4104,41,OR,EITCs,22089728.0,0.0034450802486389875,0.0051473709754645824,0.004827243593300412,0.001832190366645915,122543.9765625,122967.609375,717193.4375,27882.732421875,28026.998046875,150769.0625
4105,41,OR,CTCs,2355200.0,0.0032492608297616243,0.009225338697433472,0.0009848423469852319,0.00011844677603369173,105645.6796875,105990.0703125,717327.625,6164.4033203125,6221.8017578125,144925.171875
4105,41,OR,CTCs and EITCs,8695808.0,0.005989962723106146,0.027131523936986923,0.0029191757155172856,0.0004139322805138897,105645.6796875,106282.3046875,717327.625,6164.4033203125,6336.3173828125,144925.171875
4105,41,OR,EITCs,6338560.0,0.0017916811630129814,0.010149803943932056,0.0018787558522218003,0.00029427550803808804,105645.6796875,105835.3046875,717327.625,6164.4033203125,6227.6123046875,144925.171875
4106,41,OR,CTCs,7524352.0,0.10497526824474335,0.4623979330062866,0.008068910849967309,0.0003576217983459904,84175.3046875,94048.0234375,718060.0,5864.9736328125,10909.5078125,164447.890625
4106,41,OR,CTCs and EITCs,24969216.0,0.11115720868110657,0.47850966453552246,0.01836170930960515,0.0018154890642725012,84175.3046875,94702.1328125,718060.0,5864.9736328125,11246.5625,164447.890625
4106,41,OR,EITCs,17444864.0,0.1007084995508194,0.4455614686012268,0.004945013493170766,0.0014553747227895235,84175.3046875,93601.796875,718060.0,5864.9736328125,10578.2216796875,164447.890625
4201,42,PA,CTCs,0.0,-0.0,-0.0,-0.0,-0.0,16617.2890625,16617.2890625,775975.75,3968.8515625,3968.8515625,133127.40625
4201,42,PA,CTCs and EITCs,11632640.0,-0.0,-0.0,0.0035570792811414668,0.0009265816484545764,16617.2890625,16617.2890625,775975.75,3968.8515625,3968.8515625,133127.40625
4201,42,PA,EITCs,11632640.0,-0.0,-0.0,0.0035570792811414668,0.0009265816484545764,16617.2890625,16617.2890625,775975.75,3968.8515625,3968.8515625,133127.40625
4202,42,PA,CTCs,0.0,-0.0,-0.0,-0.0,-0.0,185828.5,185828.5,776588.4375,80008.71875,80008.71875,148490.75
4202,42,PA,CTCs and EITCs,8273920.0,0.02128787711262703,0.03267156705260277,0.003958720212617048,0.0007516227674413264,185828.5,189870.4375,776588.4375,80008.71875,82711.015625,148490.75
4202,42,PA,EITCs,8273920.0,0.02128787711262703,0.03267156705260277,0.003958720212617048,0.0007516227674413264,185828.5,189870.4375,776588.4375,80008.71875,82711.015625,148490.75
4203,42,PA,CTCs,0.0,-0.0,-0.0,-0.0,-0.0,221670.59375,221670.59375,776748.875,74842.28125,74842.28125,231741.59375
4203,42,PA,CTCs and EITCs,17680384.0,0.0014565448509529233,0.0027486400213092566,0.003959843019737734,0.001319028243812052,221670.59375,221993.9375,776748.875,74842.28125,75048.5625,231741.59375
4203,42,PA,EITCs,17680384.0,0.0014565448509529233,0.0027486400213092566,0.003959843019737734,0.001319028243812052,221670.59375,221993.9375,776748.875,74842.28125,75048.5625,231741.59375
4204,42,PA,CTCs,0.0,-0.0,-0.0,-0.0,-0.0,100688.5703125,100688.5703125,777274.625,37044.8359375,37044.8359375,195334.703125
4204,42,PA,CTCs and EITCs,22478848.0,0.0013248934410512447,0.0023980112746357918,0.011185635486708749,0.0012911531835078762,100688.5703125,100822.1484375,777274.625,37044.8359375,37133.8828125,195334.703125
4204,42,PA,EITCs,22478848.0,0.0013248934410512447,0.0023980112746357918,0.011185635486708749,0.0012911531835078762,100688.5703125,100822.1484375,777274.625,37044.8359375,37133.8828125,195334.703125
4205,42,PA,CTCs,0.0,-0.0,-0.0,-0.0,-0.0,62700.4140625,62700.4140625,776311.6875,12371.44921875,12371.44921875,204450.0
4205,42,PA,CTCs and EITCs,11116544.0,0.02207235060632229,0.06422671675682068,0.002512013793300761,0.0007901856459569342,62700.4140625,64115.6015625,776311.6875,12371.44921875,13220.5625,204450.0
4205,42,PA,EITCs,11116544.0,0.02207235060632229,0.06422671675682068,0.002512013793300761,0.0007901856459569342,62700.4140625,64115.6015625,776311.6875,12371.44921875,13220.5625,204450.0
4206,42,PA,CTCs,0.0,-0.0,-0.0,-0.0,-0.0,19690.171875,19690.171875,776959.5,5942.9287109375,5942.9287109375,172216.90625
4206,42,PA,CTCs and EITCs,7454720.0,0.011322802864015102,0.024271665140986443,0.005927689646950435,0.0007579413542050776,19690.171875,19915.671875,776959.5,5942.9287109375,6090.76171875,172216.90625
4206,42,PA,EITCs,7454720.0,0.011322802864015102,0.024271665140986443,0.005927689646950435,0.0007579413542050776,19690.171875,19915.671875,776959.5,5942.9287109375,6090.76171875,172216.90625
4207,42,PA,CTCs,0.0,-0.0,-0.0,-0.0,-0.0,22503.875,22503.875,780505.875,5138.18505859375,5138.18505859375,176084.59375
4207,42,PA,CTCs and EITCs,14397440.0,0.04512008652091026,0.11347047984600067,0.008386456415840338,0.0011238979764143012,22503.875,23567.23046875,780505.875,5138.18505859375,5795.84228515625,176084.59375
4207,42,PA,EITCs,14397440.0,0.04512008652091026,0.11347047984600067,0.008386456415840338,0.0011238979764143012,22503.875,23567.23046875,780505.875,5138.18505859375,5795.84228515625,176084.59375
4208,42,PA,CTCs,0.0,-0.0,-0.0,-0.0,-0.0,63681.74609375,63681.74609375,777643.75,13007.1015625,13007.1015625,163105.421875
4208,42,PA,CTCs and EITCs,15843328.0,0.0029322810005396605,0.006879854016005993,0.012588781575318697,0.0011430734708608292,63681.74609375,63869.03125,777643.75,13007.1015625,13097.2080078125,163105.421875
4208,42,PA,EITCs,15843328.0,0.0029322810005396605,0.006879854016005993,0.012588781575318697,0.0011430734708608292,63681.74609375,63869.03125,777643.75,13007.1015625,13097.2080078125,163105.421875
4209,42,PA,CTCs,0.0,-0.0,-0.0,-0.0,-0.0,32117.2890625,32117.2890625,778399.3125,8814.533203125,8814.533203125,148113.796875
4209,42,PA,CTCs and EITCs,18919424.0,0.007165441755205393,0.007863014936447144,0.002420553938425199,0.000992027249261381,32117.2890625,32349.0859375,778399.3125,8814.533203125,8884.3916015625,148113.796875
4209,42,PA,EITCs,18919424.0,0.007165441755205393,0.007863014936447144,0.002420553938425199,0.000992027249261381,32117.2890625,32349.0859375,778399.3125,8814.533203125,8884.3916015625,148113.796875
4210,42,PA,CTCs,0.0,-0.0,-0.0,-0.0,-0.0,89187.9296875,89187.9296875,778216.3125,13615.859375,13615.859375,146336.5625
4210,42,PA,CTCs and EITCs,7917568.0,-0.0,-0.0,0.005321299895568212,0.0005468921225394026,89187.9296875,89187.9296875,778216.3125,13615.859375,13615.859375,146336.5625
4210,42,PA,EITCs,7917568.0,-0.0,-0.0,0.005321299895568212,0.0005468921225394026,89187.9296875,89187.9296875,778216.3125,13615.859375,13615.859375,146336.5625
4211,42,PA,CTCs,0.0,-0.0,-0.0,-0.0,-0.0,44312.7578125,44312.7578125,775303.5,17679.150390625,17679.150390625,152254.265625
4211,42,PA,CTCs and EITCs,8810496.0,0.0006729039596393704,0.0005670252721756697,0.0004810046892975921,0.0007772822142615294,44312.7578125,44342.59765625,775303.5,17679.150390625,17689.1796875,152254.265625
4211,42,PA,EITCs,8810496.0,0.0006729039596393704,0.0005670252721756697,0.0004810046892975921,0.0007772822142615294,44312.7578125,44342.59765625,775303.5,17679.150390625,17689.1796875,152254.265625
4212,42,PA,CTCs,0.0,-0.0,-0.0,-0.0,-0.0,38832.3671875,38832.3671875,777321.75,7368.15234375,7368.15234375,144463.5
4212,42,PA,CTCs and EITCs,11190272.0,0.01159802358597517,0.029993606731295586,0.0018728890071791553,0.0009364320648784218,38832.3671875,39288.03125,777321.75,7368.15234375,7595.9833984375,144463.5
4212,42,PA,EITCs,11190272.0,0.01159802358597517,0.029993606731295586,0.0018728890071791553,0.0009364320648784218,38832.3671875,39288.03125,777321.75,7368.15234375,7595.9833984375,144463.5
4213,42,PA,CTCs,0.0,-0.0,-0.0,-0.0,-0.0,49739.1875,49739.1875,778977.8125,9761.392578125,9761.392578125,168449.0
4213,42,PA,CTCs and EITCs,6062080.0,0.0026476809289306402,0.0027715761680155993,0.004446688497508022,0.0005296824711731474,49739.1875,49871.2265625,778977.8125,9761.392578125,9788.5224609375,168449.0
4213,42,PA,EITCs,6062080.0,0.0026476809289306402,0.0027715761680155993,0.004446688497508022,0.0005296824711731474,49739.1875,49871.2265625,778977.8125,9761.392578125,9788.5224609375,168449.0
4214,42,PA,CTCs,0.0,-0.0,-0.0,-0.0,-0.0,15395.25,15395.25,777031.3125,4660.52490234375,4660.52490234375,205347.953125
4214,42,PA,CTCs and EITCs,10631168.0,-0.0,-0.0,0.00610544623659787,0.0014709657188909987,15395.25,15395.25,777031.3125,4660.52490234375,4660.52490234375,205347.953125
4214,42,PA,EITCs,10631168.0,-0.0,-0.0,0.00610544623659787,0.0014709657188909987,15395.25,15395.25,777031.3125,4660.52490234375,4660.52490234375,205347.953125
4215,42,PA,CTCs,0.0,-0.0,-0.0,-0.0,-0.0,112679.4765625,112679.4765625,777939.4375,3552.062744140625,3552.062744140625,197607.015625
4215,42,PA,CTCs and EITCs,20193280.0,0.00044721487211063504,0.007045420818030834,0.003303104189967001,0.0015373474971182883,112679.4765625,112729.8828125,777939.4375,3552.062744140625,3577.26611328125,197607.015625
4215,42,PA,EITCs,20193280.0,0.00044721487211063504,0.007045420818030834,0.003303104189967001,0.0015373474971182883,112679.4765625,112729.8828125,777939.4375,3552.062744140625,3577.26611328125,197607.015625
4216,42,PA,CTCs,0.0,-0.0,-0.0,-0.0,-0.0,106296.2421875,106296.2421875,777005.625,31857.6015625,31857.6015625,182151.40625
4216,42,PA,CTCs and EITCs,12996608.0,-0.0,-0.0,0.0014988179378548864,0.0011736930034579457,106296.2421875,106296.2421875,777005.625,31857.6015625,31857.6015625,182151.40625
4216,42,PA,EITCs,12996608.0,-0.0,-0.0,0.0014988179378548864,0.0011736930034579457,106296.2421875,106296.2421875,777005.625,31857.6015625,31857.6015625,182151.40625
4217,42,PA,CTCs,0.0,-0.0,-0.0,-0.0,-0.0,51930.09375,51930.09375,775868.5,3751.4560546875,3751.4560546875,137247.921875
4217,42,PA,CTCs and EITCs,13471744.0,0.001265288912691176,0.011555777862668037,0.004273735814177664,0.0010311112180879439,51930.09375,51995.8828125,775868.5,3751.4560546875,3795.31396484375,137247.921875
4217,42,PA,EITCs,13471744.0,0.001265288912691176,0.011555777862668037,0.004273735814177664,0.0010311112180879439,51930.09375,51995.8828125,775868.5,3751.4560546875,3795.31396484375,137247.921875
4401,44,RI,CTCs,0.0,-0.0,-0.0,-0.0,-0.0,58306.1328125,58306.1328125,556266.75,12637.216796875,12637.216796875,111551.96875
4401,44,RI,CTCs and EITCs,14979072.0,0.022130493074655533,0.05776195228099823,0.013815213932176856,0.0015309504061569832,58306.1328125,59625.6796875,556266.75,12637.216796875,13411.9150390625,111551.96875
4401,44,RI,EITCs,14979072.0,0.022130493074655533,0.05776195228099823,0.013815213932176856,0.0015309504061569832,58306.1328125,59625.6796875,556266.75,12637.216796875,13411.9150390625,111551.96875
4402,44,RI,CTCs,0.0,-0.0,-0.0,-0.0,-0.0,49132.41015625,49132.41015625,558355.9375,11999.5986328125,11999.5986328125,118509.625
4402,44,RI,CTCs and EITCs,14839808.0,0.019157491624355316,0.038448721170425415,0.009252869494238118,0.0013907389666733992,49132.41015625,50092.046875,558355.9375,11999.5986328125,12479.416015625,118509.625
4402,44,RI,EITCs,14839808.0,0.019157491624355316,0.038448721170425415,0.009252869494238118,0.0013907389666733992,49132.41015625,50092.046875,558355.9375,11999.5986328125,12479.416015625,118509.625
4501,45,SC,CTCs,0.0,-0.0,-0.0,-0.0,-0.0,79845.6640625,79845.6640625,741361.9375,29324.42578125,29324.42578125,200179.234375
4501,45,SC,CTCs and EITCs,2109440.0,-0.0,-0.0,8.638965591193811e-05,0.00014276852613183042,79845.6640625,79845.6640625,741361.9375,29324.42578125,29324.42578125,200179.234375
4501,45,SC,EITCs,2109440.0,-0.0,-0.0,8.638965591193811e-05,0.00014276852613183042,79845.6640625,79845.6640625,741361.9375,29324.42578125,29324.42578125,200179.234375
4502,45,SC,CTCs,0.0,-0.0,-0.0,-0.0,-0.0,34476.8203125,34476.8203125,744592.625,15535.07421875,15535.07421875,209082.15625
4502,45,SC,CTCs and EITCs,3780608.0,-0.0,-0.0,5.227448869544226e-05,0.00014851875575751092,34476.8203125,34476.8203125,744592.625,15535.07421875,15535.07421875,209082.15625
4502,45,SC,EITCs,3780608.0,-0.0,-0.0,5.227448869544226e-05,0.00014851875575751092,34476.8203125,34476.8203125,744592.625,15535.07421875,15535.07421875,209082.15625
4503,45,SC,CTCs,0.0,-0.0,-0.0,-0.0,-0.0,39251.1484375,39251.1484375,742486.375,8306.87109375,8306.87109375,208235.75
4503,45,SC,CTCs and EITCs,3104768.0,-0.0,-0.0,0.00011581298338566354,0.00025603366938994925,39251.1484375,39251.1484375,742486.375,8306.87109375,8306.87109375,208235.75
4503,45,SC,EITCs,3104768.0,-0.0,-0.0,0.00011581298338566354,0.00025603366938994925,39251.1484375,39251.1484375,742486.375,8306.87109375,8306.87109375,208235.75
4504,45,SC,CTCs,0.0,-0.0,-0.0,-0.0,-0.0,59091.484375,59091.484375,745659.0,9218.482421875,9218.482421875,164073.53125
4504,45,SC,CTCs and EITCs,2297856.0,-0.0,-0.0,6.0874705506555805e-05,0.00018797125044338876,59091.484375,59091.484375,745659.0,9218.482421875,9218.482421875,164073.53125
4504,45,SC,EITCs,2297856.0,-0.0,-0.0,6.0874705506555805e-05,0.00018797125044338876,59091.484375,59091.484375,745659.0,9218.482421875,9218.482421875,164073.53125
4505,45,SC,CTCs,0.0,-0.0,-0.0,-0.0,-0.0,65760.15625,65760.15625,743259.75,24030.470703125,24030.470703125,166260.09375
4505,45,SC,CTCs and EITCs,872448.0,-0.0,-0.0,2.0375355418075725e-05,7.319131269401728e-05,65760.15625,65760.15625,743259.75,24030.470703125,24030.470703125,166260.09375
4505,45,SC,EITCs,872448.0,-0.0,-0.0,2.0375355418075725e-05,7.319131269401728e-05,65760.15625,65760.15625,743259.75,24030.470703125,24030.470703125,166260.09375
4506,45,SC,CTCs,0.0,-0.0,-0.0,-0.0,-0.0,63117.125,63117.125,743479.5,26873.67578125,26873.67578125,213551.421875
4506,45,SC,CTCs and EITCs,868352.0,-0.0,-0.0,2.6994242020975553e-05,4.2239444994702186e-05,63117.125,63117.125,743479.5,26873.67578125,26873.67578125,213551.421875
4506,45,SC,EITCs,868352.0,-0.0,-0.0,2.6994242020975553e-05,4.2239444994702186e-05,63117.125,63117.125,743479.5,26873.67578125,26873.67578125,213551.421875
4507,45,SC,CTCs,0.0,-0.0,-0.0,-0.0,-0.0,53516.0234375,53516.0234375,742913.875,12269.8203125,12269.8203125,156146.75
4507,45,SC,CTCs and EITCs,2906112.0,-0.0,-0.0,0.00016017894074371914,0.0001693278193852725,53516.0234375,53516.0234375,742913.875,12269.8203125,12269.8203125,156146.75
4507,45,SC,EITCs,2906112.0,-0.0,-0.0,0.00016017894074371914,0.0001693278193852725,53516.0234375,53516.0234375,742913.875,12269.8203125,12269.8203125,156146.75
4600,46,SD,CTCs,0.0,-0.0,-0.0,-0.0,-0.0,68396.4375,68396.4375,907038.125,22032.935546875,22032.935546875,256414.71875
4600,46,SD,CTCs and EITCs,0.0,-0.0,-0.0,-0.0,-0.0,68396.4375,68396.4375,907038.125,22032.935546875,22032.935546875,256414.71875
4600,46,SD,EITCs,0.0,-0.0,-0.0,-0.0,-0.0,68396.4375,68396.4375,907038.125,22032.935546875,22032.935546875,256414.71875
4701,47,TN,CTCs,0.0,-0.0,-0.0,-0.0,-0.0,45989.48828125,45989.48828125,781895.3125,9422.66015625,9422.66015625,169923.03125
4701,47,TN,CTCs and EITCs,0.0,-0.0,-0.0,-0.0,-0.0,45989.48828125,45989.48828125,781895.3125,9422.66015625,9422.66015625,169923.03125
4701,47,TN,EITCs,0.0,-0.0,-0.0,-0.0,-0.0,45989.48828125,45989.48828125,781895.3125,9422.66015625,9422.66015625,169923.03125
4702,47,TN,CTCs,0.0,-0.0,-0.0,-0.0,-0.0,87973.078125,87973.078125,781816.625,25081.939453125,25081.939453125,199572.3125
4702,47,TN,CTCs and EITCs,0.0,-0.0,-0.0,-0.0,-0.0,87973.078125,87973.078125,781816.625,25081.939453125,25081.939453125,199572.3125
4702,47,TN,EITCs,0.0,-0.0,-0.0,-0.0,-0.0,87973.078125,87973.078125,781816.625,25081.939453125,25081.939453125,199572.3125
4703,47,TN,CTCs,0.0,-0.0,-0.0,-0.0,-0.0,32498.296875,32498.296875,778886.0,8987.7568359375,8987.7568359375,158994.65625
4703,47,TN,CTCs and EITCs,0.0,-0.0,-0.0,-0.0,-0.0,32498.296875,32498.296875,778886.0,8987.7568359375,8987.7568359375,158994.65625
4703,47,TN,EITCs,0.0,-0.0,-0.0,-0.0,-0.0,32498.296875,32498.296875,778886.0,8987.7568359375,8987.7568359375,158994.65625
4704,47,TN,CTCs,0.0,-0.0,-0.0,-0.0,-0.0,88553.96875,88553.96875,782084.0625,36029.80859375,36029.80859375,211627.546875
4704,47,TN,CTCs and EITCs,0.0,-0.0,-0.0,-0.0,-0.0,88553.96875,88553.96875,782084.0625,36029.80859375,36029.80859375,211627.546875
4704,47,TN,EITCs,0.0,-0.0,-0.0,-0.0,-0.0,88553.96875,88553.96875,782084.0625,36029.80859375,36029.80859375,211627.546875
4705,47,TN,CTCs,0.0,-0.0,-0.0,-0.0,-0.0,107705.9375,107705.9375,780867.125,36090.4296875,36090.4296875,183743.078125
4705,47,TN,CTCs and EITCs,0.0,-0.0,-0.0,-0.0,-0.0,107705.9375,107705.9375,780867.125,36090.4296875,36090.4296875,183743.078125
4705,47,TN,EITCs,0.0,-0.0,-0.0,-0.0,-0.0,107705.9375,107705.9375,780867.125,36090.4296875,36090.4296875,183743.078125
4706,47,TN,CTCs,0.0,-0.0,-0.0,-0.0,-0.0,163188.4375,163188.4375,779734.875,80350.453125,80350.453125,215428.046875
4706,47,TN,CTCs and EITCs,0.0,-0.0,-0.0,-0.0,-0.0,163188.4375,163188.4375,779734.875,80350.453125,80350.453125,215428.046875
4706,47,TN,EITCs,0.0,-0.0,-0.0,-0.0,-0.0,163188.4375,163188.4375,779734.875,80350.453125,80350.453125,215428.046875
4707,47,TN,CTCs,0.0,-0.0,-0.0,-0.0,-0.0,34063.08203125,34063.08203125,782421.8125,8202.7568359375,8202.7568359375,221417.46875
4707,47,TN,CTCs and EITCs,0.0,-0.0,-0.0,-0.0,-0.0,34063.08203125,34063.08203125,782421.8125,8202.7568359375,8202.7568359375,221417.46875
4707,47,TN,EITCs,0.0,-0.0,-0.0,-0.0,-0.0,34063.08203125,34063.08203125,782421.8125,8202.7568359375,8202.7568359375,221417.46875
4708,47,TN,CTCs,0.0,-0.0,-0.0,-0.0,-0.0,70943.234375,70943.234375,780235.75,31037.86328125,31037.86328125,164553.4375
4708,47,TN,CTCs and EITCs,0.0,-0.0,-0.0,-0.0,-0.0,70943.234375,70943.234375,780235.75,31037.86328125,31037.86328125,164553.4375
4708,47,TN,EITCs,0.0,-0.0,-0.0,-0.0,-0.0,70943.234375,70943.234375,780235.75,31037.86328125,31037.86328125,164553.4375
4709,47,TN,CTCs,0.0,-0.0,-0.0,-0.0,-0.0,198234.75,198234.75,779965.0,65727.328125,65727.328125,217713.96875
4709,47,TN,CTCs and EITCs,0.0,-0.0,-0.0,-0.0,-0.0,198234.75,198234.75,779965.0,65727.328125,65727.328125,217713.96875
4709,47,TN,EITCs,0.0,-0.0,-0.0,-0.0,-0.0,198234.75,198234.75,779965.0,65727.328125,65727.328125,217713.96875
4801,48,TX,CTCs,0.0,-0.0,-0.0,-0.0,-0.0,52354.1796875,52354.1796875,780241.25,15911.1376953125,15911.1376953125,150968.375
4801,48,TX,CTCs and EITCs,0.0,-0.0,-0.0,-0.0,-0.0,52354.1796875,52354.1796875,780241.25,15911.1376953125,15911.1376953125,150968.375
4801,48,TX,EITCs,0.0,-0.0,-0.0,-0.0,-0.0,52354.1796875,52354.1796875,780241.25,15911.1376953125,15911.1376953125,150968.375
4802,48,TX,CTCs,0.0,-0.0,-0.0,-0.0,-0.0,148092.359375,148092.359375,780984.1875,57572.5,57572.5,243222.515625
4802,48,TX,CTCs and EITCs,0.0,-0.0,-0.0,-0.0,-0.0,148092.359375,148092.359375,780984.1875,57572.5,57572.5,243222.515625
4802,48,TX,EITCs,0.0,-0.0,-0.0,-0.0,-0.0,148092.359375,148092.359375,780984.1875,57572.5,57572.5,243222.515625
4803,48,TX,CTCs,0.0,-0.0,-0.0,-0.0,-0.0,20337.484375,20337.484375,778790.125,7729.1162109375,7729.1162109375,211249.46875
4803,48,TX,CTCs and EITCs,0.0,-0.0,-0.0,-0.0,-0.0,20337.484375,20337.484375,778790.125,7729.1162109375,7729.1162109375,211249.46875
4803,48,TX,EITCs,0.0,-0.0,-0.0,-0.0,-0.0,20337.484375,20337.484375,778790.125,7729.1162109375,7729.1162109375,211249.46875
4804,48,TX,CTCs,0.0,-0.0,-0.0,-0.0,-0.0,58423.42578125,58423.42578125,780400.25,12672.7109375,12672.7109375,199691.28125
4804,48,TX,CTCs and EITCs,0.0,-0.0,-0.0,-0.0,-0.0,58423.42578125,58423.42578125,780400.25,12672.7109375,12672.7109375,199691.28125
4804,48,TX,EITCs,0.0,-0.0,-0.0,-0.0,-0.0,58423.42578125,58423.42578125,780400.25,12672.7109375,12672.7109375,199691.28125
4805,48,TX,CTCs,0.0,-0.0,-0.0,-0.0,-0.0,56570.8125,56570.8125,777712.75,19146.265625,19146.265625,184210.71875
4805,48,TX,CTCs and EITCs,0.0,-0.0,-0.0,-0.0,-0.0,56570.8125,56570.8125,777712.75,19146.265625,19146.265625,184210.71875
4805,48,TX,EITCs,0.0,-0.0,-0.0,-0.0,-0.0,56570.8125,56570.8125,777712.75,19146.265625,19146.265625,184210.71875
4806,48,TX,CTCs,0.0,-0.0,-0.0,-0.0,-0.0,44411.11328125,44411.11328125,781548.875,20706.275390625,20706.275390625,214734.21875
4806,48,TX,CTCs and EITCs,0.0,-0.0,-0.0,-0.0,-0.0,44411.11328125,44411.11328125,781548.875,20706.275390625,20706.275390625,214734.21875
4806,48,TX,EITCs,0.0,-0.0,-0.0,-0.0,-0.0,44411.11328125,44411.11328125,781548.875,20706.275390625,20706.275390625,214734.21875
4807,48,TX,CTCs,0.0,-0.0,-0.0,-0.0,-0.0,288255.78125,288255.78125,776579.75,82361.375,82361.375,192641.984375
4807,48,TX,CTCs and EITCs,0.0,-0.0,-0.0,-0.0,-0.0,288255.78125,288255.78125,776579.75,82361.375,82361.375,192641.984375
4807,48,TX,EITCs,0.0,-0.0,-0.0,-0.0,-0.0,288255.78125,288255.78125,776579.75,82361.375,82361.375,192641.984375
4808,48,TX,CTCs,0.0,-0.0,-0.0,-0.0,-0.0,147599.5625,147599.5625,780999.625,68732.6328125,68732.6328125,332847.53125
4808,48,TX,CTCs and EITCs,0.0,-0.0,-0.0,-0.0,-0.0,147599.5625,147599.5625,780999.625,68732.6328125,68732.6328125,332847.53125
4808,48,TX,EITCs,0.0,-0.0,-0.0,-0.0,-0.0,147599.5625,147599.5625,780999.625,68732.6328125,68732.6328125,332847.53125
4809,48,TX,CTCs,0.0,-0.0,-0.0,-0.0,-0.0,157617.390625,157617.390625,778556.9375,66297.0078125,66297.0078125,199292.625
4809,48,TX,CTCs and EITCs,0.0,-0.0,-0.0,-0.0,-0.0,157617.390625,157617.390625,778556.9375,66297.0078125,66297.0078125,199292.625
4809,48,TX,EITCs,0.0,-0.0,-0.0,-0.0,-0.0,157617.390625,157617.390625,778556.9375,66297.0078125,66297.0078125,199292.625
4810,48,TX,CTCs,0.0,-0.0,-0.0,-0.0,-0.0,99639.75,99639.75,779919.8125,43541.12109375,43541.12109375,264019.8125
4810,48,TX,CTCs and EITCs,0.0,-0.0,-0.0,-0.0,-0.0,99639.75,99639.75,779919.8125,43541.12109375,43541.12109375,264019.8125
4810,48,TX,EITCs,0.0,-0.0,-0.0,-0.0,-0.0,99639.75,99639.75,779919.8125,43541.12109375,43541.12109375,264019.8125
4811,48,TX,CTCs,0.0,-0.0,-0.0,-0.0,-0.0,45998.1328125,45998.1328125,781878.6875,13462.015625,13462.015625,221084.5625
4811,48,TX,CTCs and EITCs,0.0,-0.0,-0.0,-0.0,-0.0,45998.1328125,45998.1328125,781878.6875,13462.015625,13462.015625,221084.5625
4811,48,TX,EITCs,0.0,-0.0,-0.0,-0.0,-0.0,45998.1328125,45998.1328125,781878.6875,13462.015625,13462.015625,221084.5625
4812,48,TX,CTCs,0.0,-0.0,-0.0,-0.0,-0.0,122137.6953125,122137.6953125,780398.6875,55874.91796875,55874.91796875,209120.3125
4812,48,TX,CTCs and EITCs,0.0,-0.0,-0.0,-0.0,-0.0,122137.6953125,122137.6953125,780398.6875,55874.91796875,55874.91796875,209120.3125
4812,48,TX,EITCs,0.0,-0.0,-0.0,-0.0,-0.0,122137.6953125,122137.6953125,780398.6875,55874.91796875,55874.91796875,209120.3125
4813,48,TX,CTCs,0.0,-0.0,-0.0,-0.0,-0.0,23788.87109375,23788.87109375,779855.8125,6857.5673828125,6857.5673828125,229676.8125
4813,48,TX,CTCs and EITCs,0.0,-0.0,-0.0,-0.0,-0.0,23788.87109375,23788.87109375,779855.8125,6857.5673828125,6857.5673828125,229676.8125
4813,48,TX,EITCs,0.0,-0.0,-0.0,-0.0,-0.0,23788.87109375,23788.87109375,779855.8125,6857.5673828125,6857.5673828125,229676.8125
4814,48,TX,CTCs,0.0,-0.0,-0.0,-0.0,-0.0,62643.578125,62643.578125,780525.9375,18279.08984375,18279.08984375,231935.34375
4814,48,TX,CTCs and EITCs,0.0,-0.0,-0.0,-0.0,-0.0,62643.578125,62643.578125,780525.9375,18279.08984375,18279.08984375,231935.34375
4814,48,TX,EITCs,0.0,-0.0,-0.0,-0.0,-0.0,62643.578125,62643.578125,780525.9375,18279.08984375,18279.08984375,231935.34375
4815,48,TX,CTCs,0.0,-0.0,-0.0,-0.0,-0.0,96937.0625,96937.0625,779865.375,22338.994140625,22338.994140625,206753.78125
4815,48,TX,CTCs and EITCs,0.0,-0.0,-0.0,-0.0,-0.0,96937.0625,96937.0625,779865.375,22338.994140625,22338.994140625,206753.78125
4815,48,TX,EITCs,0.0,-0.0,-0.0,-0.0,-0.0,96937.0625,96937.0625,779865.375,22338.994140625,22338.994140625,206753.78125
4816,48,TX,CTCs,0.0,-0.0,-0.0,-0.0,-0.0,77154.796875,77154.796875,776774.1875,11236.990234375,11236.990234375,280336.21875
4816,48,TX,CTCs and EITCs,0.0,-0.0,-0.0,-0.0,-0.0,77154.796875,77154.796875,776774.1875,11236.990234375,11236.990234375,280336.21875
4816,48,TX,EITCs,0.0,-0.0,-0.0,-0.0,-0.0,77154.796875,77154.796875,776774.1875,11236.990234375,11236.990234375,280336.21875
4817,48,TX,CTCs,0.0,-0.0,-0.0,-0.0,-0.0,29546.607421875,29546.607421875,779563.6875,10361.8486328125,10361.8486328125,245832.015625
4817,48,TX,CTCs and EITCs,0.0,-0.0,-0.0,-0.0,-0.0,29546.607421875,29546.607421875,779563.6875,10361.8486328125,10361.8486328125,245832.015625
4817,48,TX,EITCs,0.0,-0.0,-0.0,-0.0,-0.0,29546.607421875,29546.607421875,779563.6875,10361.8486328125,10361.8486328125,245832.015625
4818,48,TX,CTCs,0.0,-0.0,-0.0,-0.0,-0.0,46179.9296875,46179.9296875,777696.5,15738.9462890625,15738.9462890625,247872.484375
4818,48,TX,CTCs and EITCs,0.0,-0.0,-0.0,-0.0,-0.0,46179.9296875,46179.9296875,777696.5,15738.9462890625,15738.9462890625,247872.484375
4818,48,TX,EITCs,0.0,-0.0,-0.0,-0.0,-0.0,46179.9296875,46179.9296875,777696.5,15738.9462890625,15738.9462890625,247872.484375
4819,48,TX,CTCs,0.0,-0.0,-0.0,-0.0,-0.0,218033.953125,218033.953125,779119.0625,53025.94140625,53025.94140625,245106.96875
4819,48,TX,CTCs and EITCs,0.0,-0.0,-0.0,-0.0,-0.0,218033.953125,218033.953125,779119.0625,53025.94140625,53025.94140625,245106.96875
4819,48,TX,EITCs,0.0,-0.0,-0.0,-0.0,-0.0,218033.953125,218033.953125,779119.0625,53025.94140625,53025.94140625,245106.96875
4820,48,TX,CTCs,0.0,-0.0,-0.0,-0.0,-0.0,88914.953125,88914.953125,780353.75,28107.08984375,28107.08984375,235191.28125
4820,48,TX,CTCs and EITCs,0.0,-0.0,-0.0,-0.0,-0.0,88914.953125,88914.953125,780353.75,28107.08984375,28107.08984375,235191.28125
4820,48,TX,EITCs,0.0,-0.0,-0.0,-0.0,-0.0,88914.953125,88914.953125,780353.75,28107.08984375,28107.08984375,235191.28125
4821,48,TX,CTCs,0.0,-0.0,-0.0,-0.0,-0.0,24895.41796875,24895.41796875,780000.875,7233.47216796875,7233.47216796875,97355.78125
4821,48,TX,CTCs and EITCs,0.0,-0.0,-0.0,-0.0,-0.0,24895.41796875,24895.41796875,780000.875,7233.47216796875,7233.47216796875,97355.78125
4821,48,TX,EITCs,0.0,-0.0,-0.0,-0.0,-0.0,24895.41796875,24895.41796875,780000.875,7233.47216796875,7233.47216796875,97355.78125
4822,48,TX,CTCs,0.0,-0.0,-0.0,-0.0,-0.0,118345.3203125,118345.3203125,774521.5625,36364.75,36364.75,207978.578125
4822,48,TX,CTCs and EITCs,0.0,-0.0,-0.0,-0.0,-0.0,118345.3203125,118345.3203125,774521.5625,36364.75,36364.75,207978.578125
4822,48,TX,EITCs,0.0,-0.0,-0.0,-0.0,-0.0,118345.3203125,118345.3203125,774521.5625,36364.75,36364.75,207978.578125
4823,48,TX,CTCs,0.0,-0.0,-0.0,-0.0,-0.0,76515.328125,76515.328125,781213.0625,17219.36328125,17219.36328125,175285.421875
4823,48,TX,CTCs and EITCs,0.0,-0.0,-0.0,-0.0,-0.0,76515.328125,76515.328125,781213.0625,17219.36328125,17219.36328125,175285.421875
4823,48,TX,EITCs,0.0,-0.0,-0.0,-0.0,-0.0,76515.328125,76515.328125,781213.0625,17219.36328125,17219.36328125,175285.421875
4824,48,TX,CTCs,0.0,-0.0,-0.0,-0.0,-0.0,130996.71875,130996.71875,777528.0,45734.734375,45734.734375,225635.9375
4824,48,TX,CTCs and EITCs,0.0,-0.0,-0.0,-0.0,-0.0,130996.71875,130996.71875,777528.0,45734.734375,45734.734375,225635.9375
4824,48,TX,EITCs,0.0,-0.0,-0.0,-0.0,-0.0,130996.71875,130996.71875,777528.0,45734.734375,45734.734375,225635.9375
4825,48,TX,CTCs,0.0,-0.0,-0.0,-0.0,-0.0,108535.3671875,108535.3671875,779002.8125,44948.8984375,44948.8984375,182061.78125
4825,48,TX,CTCs and EITCs,0.0,-0.0,-0.0,-0.0,-0.0,108535.3671875,108535.3671875,779002.8125,44948.8984375,44948.8984375,182061.78125
4825,48,TX,EITCs,0.0,-0.0,-0.0,-0.0,-0.0,108535.3671875,108535.3671875,779002.8125,44948.8984375,44948.8984375,182061.78125
4826,48,TX,CTCs,0.0,-0.0,-0.0,-0.0,-0.0,23341.9453125,23341.9453125,779909.0625,5795.8359375,5795.8359375,199254.125
4826,48,TX,CTCs and EITCs,0.0,-0.0,-0.0,-0.0,-0.0,23341.9453125,23341.9453125,779909.0625,5795.8359375,5795.8359375,199254.125
4826,48,TX,EITCs,0.0,-0.0,-0.0,-0.0,-0.0,23341.9453125,23341.9453125,779909.0625,5795.8359375,5795.8359375,199254.125
4827,48,TX,CTCs,0.0,-0.0,-0.0,-0.0,-0.0,187916.609375,187916.609375,774494.5,47309.796875,47309.796875,200126.46875
4827,48,TX,CTCs and EITCs,0.0,-0.0,-0.0,-0.0,-0.0,187916.609375,187916.609375,774494.5,47309.796875,47309.796875,200126.46875
4827,48,TX,EITCs,0.0,-0.0,-0.0,-0.0,-0.0,187916.609375,187916.609375,774494.5,47309.796875,47309.796875,200126.46875
4828,48,TX,CTCs,0.0,-0.0,-0.0,-0.0,-0.0,136316.671875,136316.671875,780271.5,33542.015625,33542.015625,185059.625
4828,48,TX,CTCs and EITCs,0.0,-0.0,-0.0,-0.0,-0.0,136316.671875,136316.671875,780271.5,33542.015625,33542.015625,185059.625
4828,48,TX,EITCs,0.0,-0.0,-0.0,-0.0,-0.0,136316.671875,136316.671875,780271.5,33542.015625,33542.015625,185059.625
4829,48,TX,CTCs,0.0,-0.0,-0.0,-0.0,-0.0,80038.21875,80038.21875,779910.125,35016.921875,35016.921875,235844.34375
4829,48,TX,CTCs and EITCs,0.0,-0.0,-0.0,-0.0,-0.0,80038.21875,80038.21875,779910.125,35016.921875,35016.921875,235844.34375
4829,48,TX,EITCs,0.0,-0.0,-0.0,-0.0,-0.0,80038.21875,80038.21875,779910.125,35016.921875,35016.921875,235844.34375
4830,48,TX,CTCs,0.0,-0.0,-0.0,-0.0,-0.0,71664.703125,71664.703125,779372.4375,13703.23046875,13703.23046875,210869.859375
4830,48,TX,CTCs and EITCs,0.0,-0.0,-0.0,-0.0,-0.0,71664.703125,71664.703125,779372.4375,13703.23046875,13703.23046875,210869.859375
4830,48,TX,EITCs,0.0,-0.0,-0.0,-0.0,-0.0,71664.703125,71664.703125,779372.4375,13703.23046875,13703.23046875,210869.859375
4831,48,TX,CTCs,0.0,-0.0,-0.0,-0.0,-0.0,31778.41796875,31778.41796875,783194.0,8724.6923828125,8724.6923828125,219640.171875
4831,48,TX,CTCs and EITCs,0.0,-0.0,-0.0,-0.0,-0.0,31778.41796875,31778.41796875,783194.0,8724.6923828125,8724.6923828125,219640.171875
4831,48,TX,EITCs,0.0,-0.0,-0.0,-0.0,-0.0,31778.41796875,31778.41796875,783194.0,8724.6923828125,8724.6923828125,219640.171875
4832,48,TX,CTCs,0.0,-0.0,-0.0,-0.0,-0.0,98235.34375,98235.34375,781479.25,25170.328125,25170.328125,133644.34375
4832,48,TX,CTCs and EITCs,0.0,-0.0,-0.0,-0.0,-0.0,98235.34375,98235.34375,781479.25,25170.328125,25170.328125,133644.34375
4832,48,TX,EITCs,0.0,-0.0,-0.0,-0.0,-0.0,98235.34375,98235.34375,781479.25,25170.328125,25170.328125,133644.34375
4833,48,TX,CTCs,0.0,-0.0,-0.0,-0.0,-0.0,195301.1875,195301.1875,780301.1875,79684.6796875,79684.6796875,267398.625
4833,48,TX,CTCs and EITCs,0.0,-0.0,-0.0,-0.0,-0.0,195301.1875,195301.1875,780301.1875,79684.6796875,79684.6796875,267398.625
4833,48,TX,EITCs,0.0,-0.0,-0.0,-0.0,-0.0,195301.1875,195301.1875,780301.1875,79684.6796875,79684.6796875,267398.625
4834,48,TX,CTCs,0.0,-0.0,-0.0,-0.0,-0.0,78455.34375,78455.34375,780028.25,18205.189453125,18205.189453125,371756.4375
4834,48,TX,CTCs and EITCs,0.0,-0.0,-0.0,-0.0,-0.0,78455.34375,78455.34375,780028.25,18205.189453125,18205.189453125,371756.4375
4834,48,TX,EITCs,0.0,-0.0,-0.0,-0.0,-0.0,78455.34375,78455.34375,780028.25,18205.189453125,18205.189453125,371756.4375
4835,48,TX,CTCs,0.0,-0.0,-0.0,-0.0,-0.0,62352.5078125,62352.5078125,780786.4375,24541.05078125,24541.05078125,205304.15625
4835,48,TX,CTCs and EITCs,0.0,-0.0,-0.0,-0.0,-0.0,62352.5078125,62352.5078125,780786.4375,24541.05078125,24541.05078125,205304.15625
4835,48,TX,EITCs,0.0,-0.0,-0.0,-0.0,-0.0,62352.5078125,62352.5078125,780786.4375,24541.05078125,24541.05078125,205304.15625
4836,48,TX,CTCs,0.0,-0.0,-0.0,-0.0,-0.0,105820.03125,105820.03125,781115.5625,35521.39453125,35521.39453125,216486.671875
4836,48,TX,CTCs and EITCs,0.0,-0.0,-0.0,-0.0,-0.0,105820.03125,105820.03125,781115.5625,35521.39453125,35521.39453125,216486.671875
4836,48,TX,EITCs,0.0,-0.0,-0.0,-0.0,-0.0,105820.03125,105820.03125,781115.5625,35521.39453125,35521.39453125,216486.671875
4837,48,TX,CTCs,0.0,-0.0,-0.0,-0.0,-0.0,106852.171875,106852.171875,778251.8125,39398.30078125,39398.30078125,143295.046875
4837,48,TX,CTCs and EITCs,0.0,-0.0,-0.0,-0.0,-0.0,106852.171875,106852.171875,778251.8125,39398.30078125,39398.30078125,143295.046875
4837,48,TX,EITCs,0.0,-0.0,-0.0,-0.0,-0.0,106852.171875,106852.171875,778251.8125,39398.30078125,39398.30078125,143295.046875
4838,48,TX,CTCs,0.0,-0.0,-0.0,-0.0,-0.0,88156.8984375,88156.8984375,775998.8125,29289.99609375,29289.99609375,211131.15625
4838,48,TX,CTCs and EITCs,0.0,-0.0,-0.0,-0.0,-0.0,88156.8984375,88156.8984375,775998.8125,29289.99609375,29289.99609375,211131.15625
4838,48,TX,EITCs,0.0,-0.0,-0.0,-0.0,-0.0,88156.8984375,88156.8984375,775998.8125,29289.99609375,29289.99609375,211131.15625
4901,49,UT,CTCs,1048576.0,-0.0,-0.0,5.240405871280434e-05,4.742669693810138e-05,77036.1640625,77036.1640625,830871.125,23954.90234375,23954.90234375,234647.6875
4901,49,UT,CTCs and EITCs,2899968.0,-0.0,-0.0,0.0011145062292742666,0.0001876683503509253,77036.1640625,77036.1640625,830871.125,23954.90234375,23954.90234375,234647.6875
4901,49,UT,EITCs,1531904.0,-0.0,-0.0,0.0010365807895867064,0.00011380859061575248,77036.1640625,77036.1640625,830871.125,23954.90234375,23954.90234375,234647.6875
4902,49,UT,CTCs,4378624.0,-0.0,-0.0,0.0001438348850488392,0.00041584109387072816,59192.1953125,59192.1953125,831343.8125,21299.349609375,21299.349609375,223085.28125
4902,49,UT,CTCs and EITCs,6025216.0,-0.0,-0.0,0.0003698067105563546,0.0005748687087128345,59192.1953125,59192.1953125,831343.8125,21299.349609375,21299.349609375,223085.28125
4902,49,UT,EITCs,614400.0,-0.0,-0.0,0.00022603683744942878,6.422505671568213e-05,59192.1953125,59192.1953125,831343.8125,21299.349609375,21299.349609375,223085.28125
4903,49,UT,CTCs,1540096.0,0.00018537184223532677,0.00036941730650141835,0.0008656514736101759,0.0001552931240687848,67500.6875,67513.203125,831143.5625,11282.986328125,11287.15625,269253.65625
4903,49,UT,CTCs and EITCs,5611520.0,0.0026392515283077955,0.009119008667767048,0.0008847567430496467,0.0005122888101113736,67500.6875,67679.3125,831143.5625,11282.986328125,11386.8232421875,269253.65625
4903,49,UT,EITCs,2093056.0,-0.0,-0.0,5.603469965698134e-06,0.00017783967415584863,67500.6875,67500.6875,831143.5625,11282.986328125,11282.986328125,269253.65625
4904,49,UT,CTCs,2539520.0,-0.0,-0.0,1.7881938577325328e-07,0.00017302489323840273,81667.515625,81667.515625,832028.1875,33033.1875,33033.1875,269430.5625
4904,49,UT,CTCs and EITCs,5050368.0,-0.0,-0.0,0.0024391027133714967,0.0003542272236327947,81667.515625,81667.515625,832028.1875,33033.1875,33033.1875,269430.5625
4904,49,UT,EITCs,806912.0,-0.0,-0.0,0.0005425111029224734,6.788372983537904e-05,81667.515625,81667.515625,832028.1875,33033.1875,33033.1875,269430.5625
5000,50,VT,CTCs,27226112.0,0.0014612197410315275,0.001927428413182497,0.0016621861094908603,0.002240496167561437,58554.87890625,58640.5625,654042.375,13647.560546875,13673.916015625,130742.703125
5000,50,VT,CTCs and EITCs,60551168.0,0.092600978910923,0.18931496143341064,0.010765706660299025,0.005586192053103959,58554.87890625,64530.4609375,654042.375,13647.560546875,16834.603515625,130742.703125
5000,50,VT,EITCs,33320960.0,0.016613442450761795,0.0482034832239151,0.009048522263590479,0.003343919066417504,58554.87890625,59544.109375,654042.375,13647.560546875,14338.73828125,130742.703125
5101,51,VA,CTCs,0.0,-0.0,-0.0,-0.0,-0.0,93006.4609375,93006.4609375,797391.3125,40156.41015625,40156.41015625,178460.375
5101,51,VA,CTCs and EITCs,23977984.0,0.0041385493241250515,0.004789357073605061,0.016920503543856037,0.0016722499151426997,93006.4609375,93392.96875,797391.3125,40156.41015625,40349.66015625,178460.375
5101,51,VA,EITCs,23977984.0,0.0041385493241250515,0.004789357073605061,0.016920503543856037,0.0016722499151426997,93006.4609375,93392.96875,797391.3125,40156.41015625,40349.66015625,178460.375
5102,51,VA,CTCs,0.0,-0.0,-0.0,-0.0,-0.0,109844.234375,109844.234375,800463.4375,35393.7890625,35393.7890625,173642.234375
5102,51,VA,CTCs and EITCs,13531136.0,0.013073228299617767,0.022344840690493584,0.002301428916642307,0.0007314705546603454,109844.234375,111299.265625,800463.4375,35393.7890625,36202.734375,173642.234375
5102,51,VA,EITCs,13531136.0,0.013073228299617767,0.022344840690493584,0.002301428916642307,0.0007314705546603454,109844.234375,111299.265625,800463.4375,35393.7890625,36202.734375,173642.234375
5103,51,VA,CTCs,0.0,-0.0,-0.0,-0.0,-0.0,74690.203125,74690.203125,792266.625,12404.1640625,12404.1640625,211626.515625
5103,51,VA,CTCs and EITCs,52719616.0,0.008854256942868233,0.03874748945236206,0.009168192148022669,0.002971653090313582,74690.203125,75357.4375,792266.625,12404.1640625,12904.16796875,211626.515625
5103,51,VA,EITCs,52719616.0,0.008854256942868233,0.03874748945236206,0.009168192148022669,0.002971653090313582,74690.203125,75357.4375,792266.625,12404.1640625,12904.16796875,211626.515625
5104,51,VA,CTCs,0.0,-0.0,-0.0,-0.0,-0.0,26905.51953125,26905.51953125,800900.1875,9026.1513671875,9026.1513671875,176091.09375
5104,51,VA,CTCs and EITCs,19513344.0,-0.0,-0.0,0.009845858748460461,0.0012251513038308347,26905.51953125,26905.51953125,800900.1875,9026.1513671875,9026.1513671875,176091.09375
5104,51,VA,EITCs,19513344.0,-0.0,-0.0,0.009845858748460461,0.0012251513038308347,26905.51953125,26905.51953125,800900.1875,9026.1513671875,9026.1513671875,176091.09375
5105,51,VA,CTCs,0.0,-0.0,-0.0,-0.0,-0.0,58622.59765625,58622.59765625,801353.625,21618.62890625,21618.62890625,167600.03125
5105,51,VA,CTCs and EITCs,28352512.0,0.017103491351008415,0.038914259523153305,0.039969379924293356,0.0023090633362690648,58622.59765625,59642.69140625,801353.625,21618.62890625,22493.966796875,167600.03125
5105,51,VA,EITCs,28352512.0,0.017103491351008415,0.038914259523153305,0.039969379924293356,0.0023090633362690648,58622.59765625,59642.69140625,801353.625,21618.62890625,22493.966796875,167600.03125
5106,51,VA,CTCs,0.0,-0.0,-0.0,-0.0,-0.0,82416.203125,82416.203125,795865.125,38384.08984375,38384.08984375,197424.34375
5106,51,VA,CTCs and EITCs,32530432.0,0.007468028459697962,0.006875666789710522,0.010802930234699205,0.002895125359697889,82416.203125,83036.3203125,795865.125,38384.08984375,38649.83203125,197424.34375
5106,51,VA,EITCs,32530432.0,0.007468028459697962,0.006875666789710522,0.010802930234699205,0.002895125359697889,82416.203125,83036.3203125,795865.125,38384.08984375,38649.83203125,197424.34375
5107,51,VA,CTCs,0.0,-0.0,-0.0,-0.0,-0.0,90426.421875,90426.421875,796310.6875,43124.5859375,43124.5859375,168735.359375
5107,51,VA,CTCs and EITCs,43798528.0,0.0015698360512033105,0.0014378150226548314,0.06533878220868744,0.0025835509175048885,90426.421875,90568.6015625,796310.6875,43124.5859375,43186.6796875,168735.359375
5107,51,VA,EITCs,43798528.0,0.0015698360512033105,0.0014378150226548314,0.06533878220868744,0.0025835509175048885,90426.421875,90568.6015625,796310.6875,43124.5859375,43186.6796875,168735.359375
5108,51,VA,CTCs,0.0,-0.0,-0.0,-0.0,-0.0,49056.6875,49056.6875,797241.9375,16272.61328125,16272.61328125,207427.046875
5108,51,VA,CTCs and EITCs,21528576.0,0.01798912324011326,0.03207235410809517,0.00624919144818845,0.0014761773848055158,49056.6875,49955.34375,797241.9375,16272.61328125,16811.80859375,207427.046875
5108,51,VA,EITCs,21528576.0,0.01798912324011326,0.03207235410809517,0.00624919144818845,0.0014761773848055158,49056.6875,49955.34375,797241.9375,16272.61328125,16811.80859375,207427.046875
5109,51,VA,CTCs,0.0,-0.0,-0.0,-0.0,-0.0,143594.140625,143594.140625,801239.125,69783.4140625,69783.4140625,217387.1875
5109,51,VA,CTCs and EITCs,17856512.0,-0.0,-0.0,0.001600512664117124,0.001240505571432357,143594.140625,143594.140625,801239.125,69783.4140625,69783.4140625,217387.1875
5109,51,VA,EITCs,17856512.0,-0.0,-0.0,0.001600512664117124,0.001240505571432357,143594.140625,143594.140625,801239.125,69783.4140625,69783.4140625,217387.1875
5110,51,VA,CTCs,0.0,-0.0,-0.0,-0.0,-0.0,37294.34375,37294.34375,798709.75,8093.0615234375,8093.0615234375,201712.21875
5110,51,VA,CTCs and EITCs,30203904.0,0.027075815945863724,0.07951091974973679,0.009437880146553489,0.0016829305951299842,37294.34375,38332.21875,798709.75,8093.0615234375,8792.1318359375,201712.21875
5110,51,VA,EITCs,30203904.0,0.027075815945863724,0.07951091974973679,0.009437880146553489,0.0016829305951299842,37294.34375,38332.21875,798709.75,8093.0615234375,8792.1318359375,201712.21875
5111,51,VA,CTCs,0.0,-0.0,-0.0,-0.0,-0.0,69724.03125,69724.03125,798181.5,24050.24609375,24050.24609375,184103.234375
5111,51,VA,CTCs and EITCs,16830464.0,0.0013424005592241883,0.0012973158154636621,0.020150037213499367,0.0009557296012798145,69724.03125,69817.75,798181.5,24050.24609375,24081.486328125,184103.234375
5111,51,VA,EITCs,16830464.0,0.0013424005592241883,0.0012973158154636621,0.020150037213499367,0.0009557296012798145,69724.03125,69817.75,798181.5,24050.24609375,24081.486328125,184103.234375
5301,53,WA,CTCs,0.0,-0.0,-0.0,-0.0,-0.0,74934.6015625,74934.6015625,783298.0,24332.900390625,24332.900390625,225050.625
5301,53,WA,CTCs and EITCs,13754368.0,0.01277099922299385,0.01952984742820263,0.00678633132449594,0.0007835680778554658,74934.6015625,75903.96875,783298.0,24332.900390625,24817.583984375,225050.625
5301,53,WA,EITCs,13754368.0,0.01277099922299385,0.01952984742820263,0.00678633132449594,0.0007835680778554658,74934.6015625,75903.96875,783298.0,24332.900390625,24817.583984375,225050.625
5302,53,WA,CTCs,0.0,-0.0,-0.0,-0.0,-0.0,39417.6953125,39417.6953125,782783.25,12138.9501953125,12138.9501953125,239740.21875
5302,53,WA,CTCs and EITCs,15241216.0,0.029769444838166237,0.04855966195464134,0.016396391041839917,0.001116386542792967,39417.6953125,40627.140625,782783.25,12138.9501953125,12758.498046875,239740.21875
5302,53,WA,EITCs,15241216.0,0.029769444838166237,0.04855966195464134,0.016396391041839917,0.001116386542792967,39417.6953125,40627.140625,782783.25,12138.9501953125,12758.498046875,239740.21875
5303,53,WA,CTCs,0.0,-0.0,-0.0,-0.0,-0.0,38097.9140625,38097.9140625,780260.9375,10491.9560546875,10491.9560546875,232488.84375
5303,53,WA,CTCs and EITCs,20017152.0,0.417761892080307,0.6346268653869629,0.017488872200523,0.0013406964099787978,38097.9140625,65433.5625,780260.9375,10491.9560546875,28715.728515625,232488.84375
5303,53,WA,EITCs,20017152.0,0.417761892080307,0.6346268653869629,0.017488872200523,0.0013406964099787978,38097.9140625,65433.5625,780260.9375,10491.9560546875,28715.728515625,232488.84375
5304,53,WA,CTCs,0.0,-0.0,-0.0,-0.0,-0.0,91492.828125,91492.828125,780964.625,15034.5439453125,15034.5439453125,137494.515625
5304,53,WA,CTCs and EITCs,32382976.0,0.1808394193649292,0.3117693066596985,0.015185388669313672,0.002076983745011341,91492.828125,111690.953125,780964.625,15034.5439453125,21845.2109375,137494.515625
5304,53,WA,EITCs,32382976.0,0.1808394193649292,0.3117693066596985,0.015185388669313672,0.002076983745011341,91492.828125,111690.953125,780964.625,15034.5439453125,21845.2109375,137494.515625
5305,53,WA,CTCs,0.0,-0.0,-0.0,-0.0,-0.0,61798.734375,61798.734375,789620.0,4505.6953125,4505.6953125,121726.75
5305,53,WA,CTCs and EITCs,13004800.0,0.010170429944992065,0.060201045125722885,0.0026820087254706497,0.0008590497909964742,61798.734375,62433.7109375,789620.0,4505.6953125,4794.318359375,121726.75
5305,53,WA,EITCs,13004800.0,0.010170429944992065,0.060201045125722885,0.0026820087254706497,0.0008590497909964742,61798.734375,62433.7109375,789620.0,4505.6953125,4794.318359375,121726.75
5306,53,WA,CTCs,0.0,-0.0,-0.0,-0.0,-0.0,70411.640625,70411.640625,784858.375,19004.28515625,19004.28515625,200907.21875
5306,53,WA,CTCs and EITCs,36806656.0,0.37044939398765564,0.5293844938278198,0.0520852421196206,0.0018381520397857517,70411.640625,111844.296875,784858.375,19004.28515625,40381.765625,200907.21875
5306,53,WA,EITCs,36806656.0,0.37044939398765564,0.5293844938278198,0.0520852421196206,0.0018381520397857517,70411.640625,111844.296875,784858.375,19004.28515625,40381.765625,200907.21875
5307,53,WA,CTCs,0.0,-0.0,-0.0,-0.0,-0.0,50995.2578125,50995.2578125,781488.5625,18187.927734375,18187.927734375,143340.09375
5307,53,WA,CTCs and EITCs,3690496.0,0.01579604484140873,0.017681865021586418,0.003529187504542829,0.0002534181374218289,50995.2578125,51813.7109375,781488.5625,18187.927734375,18515.3125,143340.09375
5307,53,WA,EITCs,3690496.0,0.01579604484140873,0.017681865021586418,0.003529187504542829,0.0002534181374218289,50995.2578125,51813.7109375,781488.5625,18187.927734375,18515.3125,143340.09375
5308,53,WA,CTCs,0.0,-0.0,-0.0,-0.0,-0.0,35901.60546875,35901.60546875,781880.125,5675.81005859375,5675.81005859375,200649.34375
5308,53,WA,CTCs and EITCs,15622144.0,0.01840452291071415,0.06997967511415482,0.008150839646303422,0.0006974530401944145,35901.60546875,36574.74609375,781880.125,5675.81005859375,6102.88818359375,200649.34375
5308,53,WA,EITCs,15622144.0,0.01840452291071415,0.06997967511415482,0.008150839646303422,0.0006974530401944145,35901.60546875,36574.74609375,781880.125,5675.81005859375,6102.88818359375,200649.34375
5309,53,WA,CTCs,0.0,-0.0,-0.0,-0.0,-0.0,144147.609375,144147.609375,781680.875,44313.67578125,44313.67578125,192699.5
5309,53,WA,CTCs and EITCs,20742144.0,0.0021225344389677048,0.003363854717463255,0.011823830485950385,0.0013132611179732857,144147.609375,144454.21875,781680.875,44313.67578125,44463.2421875,192699.5
5309,53,WA,EITCs,20742144.0,0.0021225344389677048,0.003363854717463255,0.011823830485950385,0.0013132611179732857,144147.609375,144454.21875,781680.875,44313.67578125,44463.2421875,192699.5
5310,53,WA,CTCs,0.0,-0.0,-0.0,-0.0,-0.0,124158.453125,124158.453125,781877.875,40841.5859375,40841.5859375,146132.453125
5310,53,WA,CTCs and EITCs,22794240.0,0.0010777964489534497,0.0010919077321887016,0.02894684785842224,0.0013290811916999744,124158.453125,124292.40625,781877.875,40841.5859375,40886.23046875,146132.453125
5310,53,WA,EITCs,22794240.0,0.0010777964489534497,0.0010919077321887016,0.02894684785842224,0.0013290811916999744,124158.453125,124292.40625,781877.875,40841.5859375,40886.23046875,146132.453125
5401,54,WV,CTCs,0.0,-0.0,-0.0,-0.0,-0.0,82835.0546875,82835.0546875,909197.6875,22348.548828125,22348.548828125,194381.46875
5401,54,WV,CTCs and EITCs,0.0,-0.0,-0.0,-0.0,-0.0,82835.0546875,82835.0546875,909197.6875,22348.548828125,22348.548828125,194381.46875
5401,54,WV,EITCs,0.0,-0.0,-0.0,-0.0,-0.0,82835.0546875,82835.0546875,909197.6875,22348.548828125,22348.548828125,194381.46875
5402,54,WV,CTCs,0.0,-0.0,-0.0,-0.0,-0.0,89736.40625,89736.40625,911958.0625,33009.3828125,33009.3828125,208847.671875
5402,54,WV,CTCs and EITCs,0.0,-0.0,-0.0,-0.0,-0.0,89736.40625,89736.40625,911958.0625,33009.3828125,33009.3828125,208847.671875
5402,54,WV,EITCs,0.0,-0.0,-0.0,-0.0,-0.0,89736.40625,89736.40625,911958.0625,33009.3828125,33009.3828125,208847.671875
5501,55,WI,CTCs,0.0,-0.0,-0.0,-0.0,-0.0,52747.71484375,52747.71484375,749038.75,5010.3994140625,5010.3994140625,162308.859375
5501,55,WI,CTCs and EITCs,4419584.0,1.0580122733472308e-07,3.6203545050739194e-07,0.0008078371181226587,0.00031348339136450225,52747.71484375,52747.71875,749038.75,5010.3994140625,5010.4013671875,162308.859375
5501,55,WI,EITCs,4419584.0,1.0580122733472308e-07,3.6203545050739194e-07,0.0008078371181226587,0.00031348339136450225,52747.71484375,52747.71875,749038.75,5010.3994140625,5010.4013671875,162308.859375
5502,55,WI,CTCs,0.0,-0.0,-0.0,-0.0,-0.0,33605.78515625,33605.78515625,748984.3125,4124.98291015625,4124.98291015625,140091.75
5502,55,WI,CTCs and EITCs,8515584.0,-0.0,-0.0,0.0032819448828768074,0.0008731333013350718,33605.78515625,33605.78515625,748984.3125,4124.98291015625,4124.98291015625,140091.75
5502,55,WI,EITCs,8515584.0,-0.0,-0.0,0.0032819448828768074,0.0008731333013350718,33605.78515625,33605.78515625,748984.3125,4124.98291015625,4124.98291015625,140091.75
5503,55,WI,CTCs,0.0,-0.0,-0.0,-0.0,-0.0,57335.3828125,57335.3828125,748593.1875,5281.505859375,5281.505859375,197257.234375
5503,55,WI,CTCs and EITCs,12003328.0,0.004661891143769026,0.03673459216952324,0.0022623713663116832,0.0013243805961277652,57335.3828125,57603.9296875,748593.1875,5281.505859375,5482.9189453125,197257.234375
5503,55,WI,EITCs,12003328.0,0.004661891143769026,0.03673459216952324,0.0022623713663116832,0.0013243805961277652,57335.3828125,57603.9296875,748593.1875,5281.505859375,5482.9189453125,197257.234375
5504,55,WI,CTCs,0.0,-0.0,-0.0,-0.0,-0.0,69602.2578125,69602.2578125,748649.375,26308.47265625,26308.47265625,224265.875
5504,55,WI,CTCs and EITCs,55353344.0,0.0018450013594701886,0.003249554429203272,0.04029008210263154,0.006177620871014358,69602.2578125,69730.9140625,748649.375,26308.47265625,26394.2421875,224265.875
5504,55,WI,EITCs,55353344.0,0.0018450013594701886,0.003249554429203272,0.04029008210263154,0.006177620871014358,69602.2578125,69730.9140625,748649.375,26308.47265625,26394.2421875,224265.875
5505,55,WI,CTCs,0.0,-0.0,-0.0,-0.0,-0.0,158690.09375,158690.09375,748973.125,28385.607421875,28385.607421875,118902.046875
5505,55,WI,CTCs and EITCs,6397952.0,-0.0,-0.0,0.0015655320641439052,0.00034272839405554296,158690.09375,158690.09375,748973.125,28385.607421875,28385.607421875,118902.046875
5505,55,WI,EITCs,6397952.0,-0.0,-0.0,0.0015655320641439052,0.00034272839405554296,158690.09375,158690.09375,748973.125,28385.607421875,28385.607421875,118902.046875
5506,55,WI,CTCs,0.0,-0.0,-0.0,-0.0,-0.0,52903.55078125,52903.55078125,749589.1875,4721.9912109375,4721.9912109375,225526.8125
5506,55,WI,CTCs and EITCs,7538688.0,0.0014176537515595555,0.009453065693378448,0.0006885913449875588,0.000683665428831892,52903.55078125,52978.65625,749589.1875,4721.9912109375,4767.0546875,225526.8125
5506,55,WI,EITCs,7538688.0,0.0014176537515595555,0.009453065693378448,0.0006885913449875588,0.000683665428831892,52903.55078125,52978.65625,749589.1875,4721.9912109375,4767.0546875,225526.8125
5507,55,WI,CTCs,0.0,-0.0,-0.0,-0.0,-0.0,78942.1484375,78942.1484375,747321.1875,4727.38525390625,4727.38525390625,142154.109375
5507,55,WI,CTCs and EITCs,11386880.0,-0.0,-0.0,0.001324050352607848,0.0008500656535042903,78942.1484375,78942.1484375,747321.1875,4727.38525390625,4727.38525390625,142154.109375
5507,55,WI,EITCs,11386880.0,-0.0,-0.0,0.001324050352607848,0.0008500656535042903,78942.1484375,78942.1484375,747321.1875,4727.38525390625,4727.38525390625,142154.109375
5508,55,WI,CTCs,0.0,-0.0,-0.0,-0.0,-0.0,27012.259765625,27012.259765625,747344.25,2846.52978515625,2846.52978515625,145204.203125
5508,55,WI,CTCs and EITCs,4911104.0,0.02923290990293026,0.1403704434633255,0.0032204734253236987,0.0005554730437906159,27012.259765625,27825.6875,747344.25,2846.52978515625,3311.3447265625,145204.203125
5508,55,WI,EITCs,4911104.0,0.02923290990293026,0.1403704434633255,0.0032204734253236987,0.0005554730437906159,27012.259765625,27825.6875,747344.25,2846.52978515625,3311.3447265625,145204.203125
5600,56,WY,CTCs,0.0,-0.0,-0.0,-0.0,-0.0,37768.93359375,37768.93359375,585659.875,12740.447265625,12740.447265625,147027.6875
5600,56,WY,CTCs and EITCs,0.0,-0.0,-0.0,-0.0,-0.0,37768.93359375,37768.93359375,585659.875,12740.447265625,12740.447265625,147027.6875
5600,56,WY,EITCs,0.0,-0.0,-0.0,-0.0,-0.0,37768.93359375,37768.93359375,585659.875,12740.447265625,12740.447265625,147027.6875
